source_dataset,latitude,longitude,brightness,bright_ti4,scan,track,acq_date,acq_time,satellite,instrument,confidence,version,bright_t31,bright_ti5,frp,daynight,type,a1_coordinate_valid,a1_acq_date_valid,a1_input_row,a1_year,a1_month,a1_season,a1_daynight,a1_brightness_value,a1_brightness_source,a1_instrument_group,a1_frp_value,a1_brightness_normalized,a1_frp_normalized,a1_worldcover_code,a1_land_cover_type,a1_worldcover_status,a2_neighborhood_detection_count,a2_density_level,primary_class,sub_class,confidence_score,a2_rule_id,model_version
VIIRS_SNPP_SP,8.86741,78.15392,309.56,,0.53,0.42,2024-01-05,2001,SNPP,VIIRS,n,2.0,278.89,,1.83,N,0,True,True,0,2024,1,winter,night,309.56,brightness,VIIRS,1.83,0.194389901823282,0.0366209840485284,20,grassland,sampled,71,strong_cluster,natural,other_natural,0.6,A2_GRASSLAND_NATURAL,rule_based_v1.0
VIIRS_NOAA20_SP,8.87071,78.15339,,315.62,0.39,0.36,2024-01-12,2019,NOAA-20,VIIRS,n,2.0,,293.21,1.63,N,0,True,True,1,2024,1,winter,night,315.62,bright_ti4,VIIRS,1.63,0.2793828892005612,0.0321276117726353,30,grassland,sampled,73,strong_cluster,natural,other_natural,0.6,A2_GRASSLAND_NATURAL,rule_based_v1.0
VIIRS_SNPP_SP,8.87045,78.15775,329.19,,0.58,0.69,2024-01-16,719,SNPP,VIIRS,n,2.0,297.24,,2.5,D,0,True,True,2,2024,1,winter,day,329.19,brightness,VIIRS,2.5,0.4697054698457223,0.0516737811727701,20,grassland,sampled,75,strong_cluster,natural,other_natural,0.6,A2_GRASSLAND_NATURAL,rule_based_v1.0
VIIRS_NOAA20_SP,8.86179,78.14981,,332.57,0.39,0.36,2024-01-16,808,NOAA-20,VIIRS,n,2.0,,302.05,1.62,D,0,True,True,3,2024,1,winter,day,332.57,bright_ti4,VIIRS,1.62,0.5171107994389902,0.0319029431588407,20,grassland,sampled,33,strong_cluster,natural,other_natural,0.6,A2_GRASSLAND_NATURAL,rule_based_v1.0
VIIRS_NOAA20_SP,8.86615,78.15627,,336.3,0.39,0.36,2024-01-16,808,NOAA-20,VIIRS,n,2.0,,305.92,4.23,D,0,True,True,4,2024,1,winter,day,336.3,bright_ti4,VIIRS,4.23,0.5694249649368867,0.0905414513592451,10,forest,sampled,72,strong_cluster,natural,forest_fire,0.62,A2_FOREST_NATURAL,rule_based_v1.0
MODIS_SP,8.8654,78.1536,321.5,,1.0,1.0,2024-01-16,847,Aqua,MODIS,55,61.03,304.2,,10.6,D,0,True,True,5,2024,1,winter,day,321.5,brightness,MODIS,10.6,0.2087186261558786,0.0289672544080604,20,grassland,sampled,66,strong_cluster,natural,other_natural,0.6,A2_GRASSLAND_NATURAL,rule_based_v1.0
VIIRS_SNPP_SP,8.8673,78.15552,318.28,,0.44,0.46,2024-01-16,1955,SNPP,VIIRS,n,2.0,294.14,,2.13,N,0,True,True,6,2024,1,winter,night,318.28,brightness,VIIRS,2.13,0.316690042075736,0.043361042462368,20,grassland,sampled,72,strong_cluster,natural,other_natural,0.6,A2_GRASSLAND_NATURAL,rule_based_v1.0
VIIRS_NOAA20_SP,8.86783,78.15706,,310.77,0.51,0.49,2024-01-16,2044,NOAA-20,VIIRS,n,2.0,,293.44,1.29,N,0,True,True,7,2024,1,winter,night,310.77,bright_ti4,VIIRS,1.29,0.211360448807854,0.0244888789036171,20,grassland,sampled,72,strong_cluster,natural,other_natural,0.6,A2_GRASSLAND_NATURAL,rule_based_v1.0
VIIRS_NOAA20_SP,8.8694,78.11955,,303.46,0.39,0.37,2024-01-23,2013,NOAA-20,VIIRS,n,2.0,,293.31,0.4,N,0,True,True,8,2024,1,winter,night,303.46,bright_ti4,VIIRS,0.4,0.1088359046283308,0.004493372275893,30,grassland,sampled,5,moderate_density,natural,other_natural,0.6,A2_GRASSLAND_NATURAL,rule_based_v1.0
VIIRS_NOAA20_SP,8.86783,78.15512,,330.55,0.49,0.4,2024-01-26,821,NOAA-20,VIIRS,l,2.0,,304.76,3.48,D,0,True,True,9,2024,1,winter,day,330.55,bright_ti4,VIIRS,3.48,0.488779803646564,0.0736913053246461,50,built_up,sampled,72,strong_cluster,industrial,,0.86,A2_DENSE_BUILT_OR_BARE_INDUSTRIAL,rule_based_v1.0
VIIRS_NOAA20_SP,8.67421,77.99397,,333.05,0.4,0.37,2024-01-27,802,NOAA-20,VIIRS,l,2.0,,303.13,3.04,D,0,True,True,10,2024,1,winter,day,333.05,bright_ti4,VIIRS,3.04,0.5238429172510521,0.0638058863176814,10,forest,sampled,14,strong_cluster,natural,forest_fire,0.62,A2_FOREST_NATURAL,rule_based_v1.0
VIIRS_SNPP_SP,8.40751,78.01168,335.06,,0.41,0.37,2024-01-29,815,SNPP,VIIRS,n,2.0,301.72,,2.68,D,0,True,True,11,2024,1,winter,day,335.06,brightness,VIIRS,2.68,0.5520336605890604,0.0557178162210739,10,forest,sampled,1,low_density,natural,forest_fire,0.8,A2_FOREST_NATURAL,rule_based_v1.0
VIIRS_NOAA20_SP,8.87109,78.15282,,309,0.36,0.58,2024-01-30,1942,NOAA-20,VIIRS,n,2.0,,290.77,0.52,N,0,True,True,12,2024,1,winter,night,309.0,bright_ti4,VIIRS,0.52,0.1865357643758767,0.0071893956414288,30,grassland,sampled,69,strong_cluster,natural,other_natural,0.6,A2_GRASSLAND_NATURAL,rule_based_v1.0
VIIRS_SNPP_SP,8.86853,78.15145,318.05,,0.49,0.4,2024-01-30,2032,SNPP,VIIRS,n,2.0,292.52,,1.71,N,0,True,True,13,2024,1,winter,night,318.05,brightness,VIIRS,1.71,0.3134642356241237,0.0339249606829925,30,grassland,sampled,66,strong_cluster,natural,other_natural,0.6,A2_GRASSLAND_NATURAL,rule_based_v1.0
VIIRS_SNPP_SP,8.85536,78.15738,330.23,,0.4,0.45,2024-02-08,828,SNPP,VIIRS,l,2.0,302.38,,3.81,D,0,True,True,14,2024,2,winter,day,330.23,brightness,VIIRS,3.81,0.4842917251051897,0.0811053695798696,20,grassland,sampled,2,low_density,natural,other_natural,0.76,A2_GRASSLAND_NATURAL,rule_based_v1.0
VIIRS_SNPP_SP,8.86192,78.12486,331.6,,0.51,0.49,2024-02-13,834,SNPP,VIIRS,n,2.0,299.94,,3.56,D,0,True,True,15,2024,2,winter,day,331.6,brightness,VIIRS,3.56,0.5035063113604492,0.0754886542350033,30,grassland,sampled,9,moderate_density,natural,other_natural,0.6,A2_GRASSLAND_NATURAL,rule_based_v1.0
VIIRS_SNPP_SP,8.79802,78.0862,331.8,,0.42,0.37,2024-02-14,815,SNPP,VIIRS,n,2.0,299.66,,1.67,D,0,True,True,16,2024,2,winter,day,331.8,brightness,VIIRS,1.67,0.5063113604488081,0.0330262862278139,50,built_up,sampled,4,moderate_density,natural,other_natural,0.45,A2_AMBIGUOUS_BUILT_OR_BARE_FALLBACK,rule_based_v1.0
VIIRS_SNPP_SP,8.86832,78.15723,339.51,,0.42,0.38,2024-02-14,815,SNPP,VIIRS,n,2.0,302.54,,3.4,D,0,True,True,17,2024,2,winter,day,339.51,brightness,VIIRS,3.4,0.614446002805049,0.0718939564142889,50,built_up,sampled,73,strong_cluster,industrial,,0.86,A2_DENSE_BUILT_OR_BARE_INDUSTRIAL,rule_based_v1.0
VIIRS_NOAA20_SP,8.86626,78.15786,,332.01,0.4,0.44,2024-02-16,827,NOAA-20,VIIRS,n,2.0,,301.92,2.22,D,0,True,True,18,2024,2,winter,day,332.01,bright_ti4,VIIRS,2.22,0.5092566619915848,0.0453830599865198,20,grassland,sampled,72,strong_cluster,natural,other_natural,0.6,A2_GRASSLAND_NATURAL,rule_based_v1.0
VIIRS_SNPP_SP,8.81282,78.03939,333.31,,0.45,0.47,2024-02-21,744,SNPP,VIIRS,n,2.0,302.03,,3.52,D,0,True,True,19,2024,2,winter,day,333.31,brightness,VIIRS,3.52,0.5274894810659188,0.0745899797798247,40,cropland,sampled,10,strong_cluster,natural,agricultural_burning,0.82,A2_CROPLAND_NATURAL,rule_based_v1.0
VIIRS_SNPP_SP,8.79504,78.09399,311.83,,0.39,0.36,2024-02-21,2020,SNPP,VIIRS,n,2.0,294.49,,1.16,N,0,True,True,20,2024,2,winter,night,311.83,brightness,VIIRS,1.16,0.2262272089761569,0.0215681869242866,50,built_up,sampled,7,moderate_density,natural,other_natural,0.45,A2_AMBIGUOUS_BUILT_OR_BARE_FALLBACK,rule_based_v1.0
VIIRS_NOAA20_SP,8.75248,78.17419,,331.71,0.42,0.37,2024-02-22,815,NOAA-20,VIIRS,l,2.0,,306.59,3.5,D,0,True,True,21,2024,2,winter,day,331.71,bright_ti4,VIIRS,3.5,0.505049088359046,0.0741406425522354,60,bare,sampled,4,moderate_density,natural,other_natural,0.45,A2_AMBIGUOUS_BUILT_OR_BARE_FALLBACK,rule_based_v1.0
VIIRS_NOAA20_SP,8.87184,78.12942,,332.34,0.42,0.37,2024-02-22,815,NOAA-20,VIIRS,l,2.0,,303.24,1.86,D,0,True,True,22,2024,2,winter,day,332.34,bright_ti4,VIIRS,1.86,0.513884992987377,0.0372949898899123,30,grassland,sampled,5,moderate_density,natural,other_natural,0.6,A2_GRASSLAND_NATURAL,rule_based_v1.0
MODIS_SP,8.9049,78.0514,315.9,,1.4,1.2,2024-02-25,501,Terra,MODIS,56,61.03,300.6,,13.3,D,2,True,True,23,2024,2,winter,day,315.9,brightness,MODIS,13.3,0.1347424042272125,0.0459697732997481,40,cropland,sampled,2,low_density,natural,agricultural_burning,0.78,A2_CROPLAND_NATURAL,rule_based_v1.0
VIIRS_SNPP_SP,8.8674,78.12152,305.24,,0.44,0.39,2024-02-27,2007,SNPP,VIIRS,n,2.0,293.36,,0.66,N,0,True,True,24,2024,2,winter,night,305.24,brightness,VIIRS,0.66,0.1338008415147267,0.010334756234554,60,bare,sampled,7,moderate_density,natural,other_natural,0.45,A2_AMBIGUOUS_BUILT_OR_BARE_FALLBACK,rule_based_v1.0
VIIRS_NOAA20_SP,8.85946,78.06603,,336.46,0.45,0.47,2024-02-29,744,NOAA-20,VIIRS,n,2.0,,299.29,3.4,D,0,True,True,25,2024,2,winter,day,336.46,bright_ti4,VIIRS,3.4,0.5716690042075734,0.0718939564142889,20,grassland,sampled,5,moderate_density,natural,other_natural,0.6,A2_GRASSLAND_NATURAL,rule_based_v1.0
VIIRS_NOAA20_SP,8.78871,78.09972,,330.53,0.4,0.44,2024-03-03,827,NOAA-20,VIIRS,n,2.0,,300.53,1.15,D,0,True,True,26,2024,3,summer,day,330.53,bright_ti4,VIIRS,1.15,0.4884992987377276,0.021343518310492,10,forest,sampled,5,moderate_density,natural,forest_fire,0.62,A2_FOREST_NATURAL,rule_based_v1.0
VIIRS_NOAA20_SP,8.56822,78.13171,,335.76,0.39,0.36,2024-03-04,809,NOAA-20,VIIRS,l,2.0,,306.93,3.29,D,0,True,True,27,2024,3,summer,day,335.76,bright_ti4,VIIRS,3.29,0.5618513323983169,0.0694226016625477,50,built_up,sampled,2,low_density,natural,other_natural,0.45,A2_AMBIGUOUS_BUILT_OR_BARE_FALLBACK,rule_based_v1.0
VIIRS_NOAA20_SP,8.76337,78.00779,,336.12,0.38,0.36,2024-03-04,809,NOAA-20,VIIRS,l,2.0,,306.88,1.98,D,0,True,True,28,2024,3,summer,day,336.12,bright_ti4,VIIRS,1.98,0.5669004207573634,0.0399910132554482,40,cropland,sampled,4,moderate_density,natural,agricultural_burning,0.78,A2_CROPLAND_NATURAL,rule_based_v1.0
VIIRS_NOAA20_SP,8.36961,78.04367,,330.71,0.55,0.43,2024-03-05,750,NOAA-20,VIIRS,l,2.0,,304.97,4.5,D,0,True,True,29,2024,3,summer,day,330.71,bright_ti4,VIIRS,4.5,0.4910238429172508,0.0966075039317007,20,grassland,sampled,1,low_density,natural,other_natural,0.76,A2_GRASSLAND_NATURAL,rule_based_v1.0
VIIRS_SNPP_SP,8.53323,78.12489,335.11,,0.4,0.37,2024-03-07,802,SNPP,VIIRS,l,2.0,302.51,,3.85,D,3,True,True,30,2024,3,summer,day,335.11,brightness,VIIRS,3.85,0.5527349228611503,0.0820040440350483,80,unknown,unmapped_code,2,low_density,natural,other_natural,0.35,A2_UNKNOWN_LAND_COVER_FALLBACK,rule_based_v1.0
VIIRS_SNPP_SP,8.7758,78.04828,333.91,,0.45,0.47,2024-03-08,744,SNPP,VIIRS,n,2.0,303.56,,3.7,D,0,True,True,31,2024,3,summer,day,333.91,brightness,VIIRS,3.7,0.5359046283309962,0.0786340148281285,20,grassland,sampled,3,moderate_density,natural,other_natural,0.6,A2_GRASSLAND_NATURAL,rule_based_v1.0
VIIRS_SNPP_SP,8.93036,78.17683,333.1,,0.44,0.46,2024-03-08,744,SNPP,VIIRS,n,2.0,303.58,,3.53,D,0,True,True,32,2024,3,summer,day,333.1,brightness,VIIRS,3.53,0.524544179523142,0.0748146483936194,10,forest,sampled,3,moderate_density,natural,forest_fire,0.62,A2_FOREST_NATURAL,rule_based_v1.0
VIIRS_SNPP_SP,8.93151,78.17548,330.34,,0.44,0.46,2024-03-08,744,SNPP,VIIRS,l,2.0,301.99,,3.33,D,0,True,True,33,2024,3,summer,day,330.34,brightness,VIIRS,3.33,0.4858345021037865,0.0703212761177263,50,built_up,sampled,4,moderate_density,natural,other_natural,0.45,A2_AMBIGUOUS_BUILT_OR_BARE_FALLBACK,rule_based_v1.0
VIIRS_NOAA20_SP,8.77261,78.04863,,339.94,0.5,0.49,2024-03-08,834,NOAA-20,VIIRS,n,2.0,,301.12,4.42,D,0,True,True,34,2024,3,summer,day,339.94,bright_ti4,VIIRS,4.42,0.6204768583450211,0.0948101550213435,30,grassland,sampled,4,moderate_density,natural,other_natural,0.6,A2_GRASSLAND_NATURAL,rule_based_v1.0
VIIRS_SNPP_SP,8.92243,78.00612,331.76,,0.47,0.64,2024-03-09,725,SNPP,VIIRS,n,2.0,299.12,,3.54,D,0,True,True,35,2024,3,summer,day,331.76,brightness,VIIRS,3.54,0.505750350631136,0.075039317007414,10,forest,sampled,3,moderate_density,natural,forest_fire,0.62,A2_FOREST_NATURAL,rule_based_v1.0
VIIRS_NOAA20_SP,8.4579,78.08858,,337.2,0.41,0.37,2024-03-09,815,NOAA-20,VIIRS,l,2.0,,308.83,5.19,D,0,True,True,36,2024,3,summer,day,337.2,bright_ti4,VIIRS,5.19,0.5820476858345021,0.1121096382835318,20,grassland,sampled,4,moderate_density,natural,other_natural,0.6,A2_GRASSLAND_NATURAL,rule_based_v1.0
VIIRS_NOAA20_SP,8.86836,78.11993,,304.02,0.32,0.55,2024-03-09,2051,NOAA-20,VIIRS,n,2.0,,293.17,0.9,N,0,True,True,37,2024,3,summer,night,304.02,bright_ti4,VIIRS,0.9,0.1166900420757362,0.0157268029656257,20,grassland,sampled,6,moderate_density,natural,other_natural,0.6,A2_GRASSLAND_NATURAL,rule_based_v1.0
VIIRS_SNPP_SP,8.8982,77.86274,331.7,,0.39,0.44,2024-03-11,828,SNPP,VIIRS,l,2.0,303.66,,2.43,D,0,True,True,38,2024,3,summer,day,331.7,brightness,VIIRS,2.43,0.5049088359046282,0.0501011008762075,40,cropland,sampled,3,moderate_density,natural,agricultural_burning,0.78,A2_CROPLAND_NATURAL,rule_based_v1.0
VIIRS_SNPP_SP,8.76731,78.0552,340.27,,0.39,0.36,2024-03-12,809,SNPP,VIIRS,n,2.0,312.35,,1.67,D,0,True,True,39,2024,3,summer,day,340.27,brightness,VIIRS,1.67,0.6251051893408133,0.0330262862278139,40,cropland,sampled,3,moderate_density,natural,agricultural_burning,0.78,A2_CROPLAND_NATURAL,rule_based_v1.0
VIIRS_NOAA20_SP,8.73596,78.03421,,332.53,0.32,0.54,2024-03-13,840,NOAA-20,VIIRS,l,2.0,,307.06,1.38,D,0,True,True,40,2024,3,summer,day,332.53,bright_ti4,VIIRS,1.38,0.516549789621318,0.026510896427769,60,bare,sampled,2,low_density,natural,other_natural,0.45,A2_AMBIGUOUS_BUILT_OR_BARE_FALLBACK,rule_based_v1.0
VIIRS_SNPP_SP,8.46737,77.92802,367,,0.37,0.58,2024-03-14,731,SNPP,VIIRS,h,2.0,306.77,,4.28,D,0,True,True,41,2024,3,summer,day,367.0,brightness,VIIRS,4.28,1.0,0.0916647944282183,50,built_up,sampled,4,moderate_density,natural,other_natural,0.45,A2_AMBIGUOUS_BUILT_OR_BARE_FALLBACK,rule_based_v1.0
VIIRS_SNPP_SP,8.46979,77.92506,330.42,,0.37,0.58,2024-03-14,731,SNPP,VIIRS,n,2.0,304.44,,5.23,D,0,True,True,42,2024,3,summer,day,330.42,brightness,VIIRS,5.23,0.4869565217391307,0.1130083127387104,30,grassland,sampled,4,moderate_density,natural,other_natural,0.6,A2_GRASSLAND_NATURAL,rule_based_v1.0
VIIRS_SNPP_SP,8.47039,77.92847,367,,0.37,0.58,2024-03-14,731,SNPP,VIIRS,h,2.0,308.44,,5.23,D,0,True,True,43,2024,3,summer,day,367.0,brightness,VIIRS,5.23,1.0,0.1130083127387104,30,grassland,sampled,4,moderate_density,natural,other_natural,0.6,A2_GRASSLAND_NATURAL,rule_based_v1.0
VIIRS_SNPP_SP,8.47275,77.9271,334.79,,0.37,0.58,2024-03-14,731,SNPP,VIIRS,n,2.0,304.86,,4.28,D,0,True,True,44,2024,3,summer,day,334.79,brightness,VIIRS,4.28,0.548246844319776,0.0916647944282183,30,grassland,sampled,4,moderate_density,natural,other_natural,0.6,A2_GRASSLAND_NATURAL,rule_based_v1.0
VIIRS_NOAA20_SP,8.60388,77.97204,,333.7,0.47,0.4,2024-03-14,821,NOAA-20,VIIRS,l,2.0,,304.72,2.83,D,0,True,True,45,2024,3,summer,day,333.7,bright_ti4,VIIRS,2.83,0.5329593267882187,0.0590878454279937,10,forest,sampled,4,moderate_density,natural,forest_fire,0.62,A2_FOREST_NATURAL,rule_based_v1.0
VIIRS_NOAA20_SP,8.60687,77.97041,,336.54,0.47,0.4,2024-03-14,821,NOAA-20,VIIRS,n,2.0,,302.64,3.25,D,0,True,True,46,2024,3,summer,day,336.54,bright_ti4,VIIRS,3.25,0.5727910238429176,0.0685239272073691,10,forest,sampled,4,moderate_density,natural,forest_fire,0.62,A2_FOREST_NATURAL,rule_based_v1.0
VIIRS_NOAA20_SP,8.94475,77.92937,,347.38,0.47,0.4,2024-03-14,821,NOAA-20,VIIRS,n,2.0,,313.47,9.08,D,0,True,True,47,2024,3,summer,day,347.38,bright_ti4,VIIRS,9.08,0.7248246844319776,0.1995057290496518,40,cropland,sampled,1,low_density,natural,agricultural_burning,0.78,A2_CROPLAND_NATURAL,rule_based_v1.0
VIIRS_NOAA20_SP,8.78024,78.07276,,349.46,0.45,0.47,2024-03-16,743,NOAA-20,VIIRS,n,2.0,,309.22,6.77,D,0,True,True,48,2024,3,summer,day,349.46,bright_ti4,VIIRS,6.77,0.7539971949509114,0.1476072792630869,30,grassland,sampled,3,moderate_density,natural,other_natural,0.6,A2_GRASSLAND_NATURAL,rule_based_v1.0
VIIRS_NOAA20_SP,8.7816,78.07198,,343.39,0.45,0.47,2024-03-16,743,NOAA-20,VIIRS,n,2.0,,309.06,7.89,D,0,True,True,49,2024,3,summer,day,343.39,bright_ti4,VIIRS,7.89,0.6688639551192145,0.172770164008088,40,cropland,sampled,3,moderate_density,natural,agricultural_burning,0.78,A2_CROPLAND_NATURAL,rule_based_v1.0
VIIRS_NOAA20_SP,8.83755,78.13942,,336.69,0.42,0.61,2024-03-18,846,NOAA-20,VIIRS,n,2.0,,301.48,2.13,D,0,True,True,50,2024,3,summer,day,336.69,bright_ti4,VIIRS,2.13,0.5748948106591866,0.043361042462368,50,built_up,sampled,1,low_density,natural,other_natural,0.45,A2_AMBIGUOUS_BUILT_OR_BARE_FALLBACK,rule_based_v1.0
VIIRS_SNPP_SP,8.58826,78.13019,342.45,,0.56,0.52,2024-03-19,737,SNPP,VIIRS,n,2.0,305.07,,4.52,D,0,True,True,51,2024,3,summer,day,342.45,brightness,VIIRS,4.52,0.6556802244039269,0.09705684115929,20,grassland,sampled,8,moderate_density,natural,other_natural,0.6,A2_GRASSLAND_NATURAL,rule_based_v1.0
VIIRS_NOAA20_SP,8.58754,78.12855,,344.3,0.39,0.44,2024-03-19,827,NOAA-20,VIIRS,n,2.0,,309.41,7.05,D,0,True,True,52,2024,3,summer,day,344.3,bright_ti4,VIIRS,7.05,0.6816269284712485,0.1538980004493372,20,grassland,sampled,8,moderate_density,natural,other_natural,0.6,A2_GRASSLAND_NATURAL,rule_based_v1.0
VIIRS_SNPP_SP,8.75875,78.01372,334.02,,0.44,0.46,2024-03-24,744,SNPP,VIIRS,l,2.0,305.91,,2.87,D,0,True,True,53,2024,3,summer,day,334.02,brightness,VIIRS,2.87,0.5374474053295931,0.0599865198831723,30,grassland,sampled,4,moderate_density,natural,other_natural,0.6,A2_GRASSLAND_NATURAL,rule_based_v1.0
VIIRS_SNPP_SP,8.76302,78.01299,331.67,,0.44,0.46,2024-03-24,744,SNPP,VIIRS,l,2.0,305.57,,2.87,D,0,True,True,54,2024,3,summer,day,331.67,brightness,VIIRS,2.87,0.5044880785413748,0.0599865198831723,30,grassland,sampled,4,moderate_density,natural,other_natural,0.6,A2_GRASSLAND_NATURAL,rule_based_v1.0
VIIRS_SNPP_SP,8.87059,78.16299,342.91,,0.43,0.46,2024-03-24,744,SNPP,VIIRS,n,2.0,304.31,,7.01,D,0,True,True,55,2024,3,summer,day,342.91,brightness,VIIRS,7.01,0.6621318373071533,0.1529993259941586,10,forest,sampled,64,strong_cluster,natural,forest_fire,0.62,A2_FOREST_NATURAL,rule_based_v1.0
VIIRS_NOAA20_SP,8.76168,78.01483,,336.24,0.39,0.44,2024-03-24,827,NOAA-20,VIIRS,n,2.0,,304.85,1.82,D,0,True,True,56,2024,3,summer,day,336.24,bright_ti4,VIIRS,1.82,0.5685834502103789,0.0363963154347337,30,grassland,sampled,4,moderate_density,natural,other_natural,0.6,A2_GRASSLAND_NATURAL,rule_based_v1.0
VIIRS_NOAA20_SP,8.76628,77.99484,,341.61,0.42,0.45,2024-03-26,746,NOAA-20,VIIRS,n,2.0,,303.41,2.56,D,0,True,True,57,2024,3,summer,day,341.61,bright_ti4,VIIRS,2.56,0.6438990182328194,0.053021792855538,40,cropland,sampled,2,low_density,natural,agricultural_burning,0.78,A2_CROPLAND_NATURAL,rule_based_v1.0
VIIRS_NOAA20_SP,8.8526,78.11508,,331.02,0.41,0.45,2024-03-26,746,NOAA-20,VIIRS,l,2.0,,303.86,1.78,D,0,True,True,58,2024,3,summer,day,331.02,bright_ti4,VIIRS,1.78,0.4953716690042074,0.0354976409795551,10,forest,sampled,11,strong_cluster,natural,forest_fire,0.62,A2_FOREST_NATURAL,rule_based_v1.0
VIIRS_NOAA20_SP,8.85363,78.11366,,331.4,0.41,0.45,2024-03-26,746,NOAA-20,VIIRS,l,2.0,,305.54,1.78,D,0,True,True,59,2024,3,summer,day,331.4,bright_ti4,VIIRS,1.78,0.5007012622720896,0.0354976409795551,10,forest,sampled,8,moderate_density,natural,forest_fire,0.62,A2_FOREST_NATURAL,rule_based_v1.0
VIIRS_SNPP_SP,8.5688,78.13342,342.59,,0.4,0.44,2024-03-27,828,SNPP,VIIRS,n,2.0,299.65,,3.05,D,3,True,True,60,2024,3,summer,day,342.59,brightness,VIIRS,3.05,0.6576437587657781,0.064030554931476,10,forest,sampled,2,low_density,natural,forest_fire,0.8,A2_FOREST_NATURAL,rule_based_v1.0
VIIRS_NOAA20_SP,8.4599,77.95418,,335.79,0.54,0.42,2024-03-29,825,NOAA-20,VIIRS,n,2.0,,295.3,4.5,D,0,True,True,61,2024,3,summer,day,335.79,bright_ti4,VIIRS,4.5,0.5622720897615712,0.0966075039317007,20,grassland,sampled,1,low_density,natural,other_natural,0.76,A2_GRASSLAND_NATURAL,rule_based_v1.0
VIIRS_SNPP_SP,8.68187,77.993,340.2,,0.41,0.37,2024-04-02,815,SNPP,VIIRS,n,2.0,302.56,,7.1,D,0,True,True,62,2024,4,summer,day,340.2,brightness,VIIRS,7.1,0.6241234221598877,0.1550213435183104,20,grassland,sampled,4,moderate_density,natural,other_natural,0.6,A2_GRASSLAND_NATURAL,rule_based_v1.0
VIIRS_NOAA20_SP,8.89298,78.04057,,331.76,0.46,0.47,2024-04-05,743,NOAA-20,VIIRS,l,2.0,,302.57,2.27,D,0,True,True,63,2024,4,summer,day,331.76,bright_ti4,VIIRS,2.27,0.505750350631136,0.0465064030554931,40,cropland,sampled,17,strong_cluster,natural,agricultural_burning,0.82,A2_CROPLAND_NATURAL,rule_based_v1.0
VIIRS_NOAA20_SP,8.89539,78.0397,,343.81,0.46,0.47,2024-04-05,743,NOAA-20,VIIRS,n,2.0,,303.72,5.63,D,0,True,True,64,2024,4,summer,day,343.81,bright_ti4,VIIRS,5.63,0.6747545582047687,0.1219950572904965,40,cropland,sampled,13,strong_cluster,natural,agricultural_burning,0.82,A2_CROPLAND_NATURAL,rule_based_v1.0
VIIRS_NOAA20_SP,8.43822,77.92299,,345.3,0.5,0.66,2024-04-06,725,NOAA-20,VIIRS,n,2.0,,301.34,3.55,D,0,True,True,65,2024,4,summer,day,345.3,bright_ti4,VIIRS,3.55,0.6956521739130437,0.0752639856212087,30,grassland,sampled,2,low_density,natural,other_natural,0.76,A2_GRASSLAND_NATURAL,rule_based_v1.0
VIIRS_NOAA20_SP,8.44128,77.92111,,347.77,0.5,0.66,2024-04-06,725,NOAA-20,VIIRS,n,2.0,,300.96,2.74,D,0,True,True,66,2024,4,summer,day,347.77,bright_ti4,VIIRS,2.74,0.7302945301542775,0.0570658279038418,50,built_up,sampled,2,low_density,natural,other_natural,0.45,A2_AMBIGUOUS_BUILT_OR_BARE_FALLBACK,rule_based_v1.0
VIIRS_NOAA20_SP,8.84599,78.11533,,367,0.47,0.64,2024-04-06,725,NOAA-20,VIIRS,h,2.0,,303.3,6.65,D,0,True,True,67,2024,4,summer,day,367.0,bright_ti4,VIIRS,6.65,1.0,0.1449112558975511,20,grassland,sampled,11,strong_cluster,natural,other_natural,0.6,A2_GRASSLAND_NATURAL,rule_based_v1.0
VIIRS_SNPP_SP,8.73119,77.99432,337.93,,0.32,0.55,2024-04-06,840,SNPP,VIIRS,l,2.0,308.68,,2.98,D,0,True,True,68,2024,4,summer,day,337.93,brightness,VIIRS,2.98,0.5922861150070128,0.0624578746349135,30,grassland,sampled,1,low_density,natural,other_natural,0.76,A2_GRASSLAND_NATURAL,rule_based_v1.0
VIIRS_SNPP_SP,8.74235,77.9235,337.88,,0.32,0.55,2024-04-06,840,SNPP,VIIRS,n,2.0,307.08,,6.75,D,0,True,True,69,2024,4,summer,day,337.88,brightness,VIIRS,6.75,0.5915848527349229,0.1471579420354976,40,cropland,sampled,1,low_density,natural,agricultural_burning,0.78,A2_CROPLAND_NATURAL,rule_based_v1.0
VIIRS_SNPP_SP,8.8438,78.11586,341.22,,0.33,0.55,2024-04-06,840,SNPP,VIIRS,n,2.0,308.35,,3.12,D,0,True,True,70,2024,4,summer,day,341.22,brightness,VIIRS,3.12,0.6384291725105193,0.0656032352280386,50,built_up,sampled,9,moderate_density,natural,other_natural,0.45,A2_AMBIGUOUS_BUILT_OR_BARE_FALLBACK,rule_based_v1.0
VIIRS_SNPP_SP,8.76741,78.07244,334.2,,0.49,0.4,2024-04-07,822,SNPP,VIIRS,l,2.0,305.34,,4.69,D,0,True,True,71,2024,4,summer,day,334.2,brightness,VIIRS,4.69,0.5399719495091163,0.1008762075937991,20,grassland,sampled,2,low_density,natural,other_natural,0.76,A2_GRASSLAND_NATURAL,rule_based_v1.0
VIIRS_SNPP_SP,8.8541,78.05667,351.71,,0.49,0.4,2024-04-07,822,SNPP,VIIRS,n,2.0,308.04,,5.77,D,0,True,True,72,2024,4,summer,day,351.71,brightness,VIIRS,5.77,0.7855539971949507,0.1251404178836216,30,grassland,sampled,2,low_density,natural,other_natural,0.76,A2_GRASSLAND_NATURAL,rule_based_v1.0
VIIRS_SNPP_SP,8.85783,78.05614,333.8,,0.49,0.4,2024-04-07,822,SNPP,VIIRS,l,2.0,306.08,,5.77,D,0,True,True,73,2024,4,summer,day,333.8,brightness,VIIRS,5.77,0.5343618513323986,0.1251404178836216,30,grassland,sampled,2,low_density,natural,other_natural,0.76,A2_GRASSLAND_NATURAL,rule_based_v1.0
VIIRS_NOAA20_SP,8.7644,78.07362,,330.02,0.41,0.61,2024-04-07,846,NOAA-20,VIIRS,n,2.0,,298.98,3.45,D,0,True,True,74,2024,4,summer,day,330.02,bright_ti4,VIIRS,3.45,0.4813464235624122,0.0730172994832621,10,forest,sampled,2,low_density,natural,forest_fire,0.8,A2_FOREST_NATURAL,rule_based_v1.0
VIIRS_NOAA20_SP,8.84254,77.98713,,332.08,0.39,0.44,2024-04-08,828,NOAA-20,VIIRS,l,2.0,,302.54,2.37,D,0,True,True,75,2024,4,summer,day,332.08,bright_ti4,VIIRS,2.37,0.5102384291725104,0.0487530891934396,40,cropland,sampled,9,moderate_density,natural,agricultural_burning,0.78,A2_CROPLAND_NATURAL,rule_based_v1.0
VIIRS_NOAA20_SP,8.86633,78.15672,,333.75,0.4,0.44,2024-04-08,828,NOAA-20,VIIRS,l,2.0,,306.06,3.09,D,0,True,True,76,2024,4,summer,day,333.75,bright_ti4,VIIRS,3.09,0.5336605890603087,0.0649292293866546,20,grassland,sampled,73,strong_cluster,natural,other_natural,0.6,A2_GRASSLAND_NATURAL,rule_based_v1.0
VIIRS_SNPP_SP,8.85237,77.89223,335.78,,0.45,0.47,2024-04-09,744,SNPP,VIIRS,n,2.0,302.88,,1.94,D,0,True,True,77,2024,4,summer,day,335.78,brightness,VIIRS,1.94,0.5621318373071525,0.0390923388002696,40,cropland,sampled,3,moderate_density,natural,agricultural_burning,0.78,A2_CROPLAND_NATURAL,rule_based_v1.0
VIIRS_SNPP_SP,8.86111,77.94469,367,,0.44,0.46,2024-04-09,744,SNPP,VIIRS,h,2.0,304.58,,10.52,D,0,True,True,78,2024,4,summer,day,367.0,brightness,VIIRS,10.52,1.0,0.2318580094360817,20,grassland,sampled,6,moderate_density,natural,other_natural,0.6,A2_GRASSLAND_NATURAL,rule_based_v1.0
VIIRS_SNPP_SP,8.86178,77.9487,344.3,,0.44,0.46,2024-04-09,744,SNPP,VIIRS,n,2.0,303.6,,5.37,D,0,True,True,79,2024,4,summer,day,344.3,brightness,VIIRS,5.37,0.6816269284712485,0.1161536733318355,40,cropland,sampled,7,moderate_density,natural,agricultural_burning,0.78,A2_CROPLAND_NATURAL,rule_based_v1.0
VIIRS_NOAA20_SP,8.85772,77.94193,,340.67,0.38,0.36,2024-04-09,809,NOAA-20,VIIRS,l,2.0,,311.23,3.57,D,0,True,True,80,2024,4,summer,day,340.67,bright_ti4,VIIRS,3.57,0.6307152875175318,0.075713322848798,20,grassland,sampled,8,moderate_density,natural,other_natural,0.6,A2_GRASSLAND_NATURAL,rule_based_v1.0
VIIRS_NOAA20_SP,8.85824,77.9454,,348.84,0.38,0.36,2024-04-09,809,NOAA-20,VIIRS,n,2.0,,311.75,3.57,D,0,True,True,81,2024,4,summer,day,348.84,bright_ti4,VIIRS,3.57,0.7453015427769983,0.075713322848798,40,cropland,sampled,7,moderate_density,natural,agricultural_burning,0.78,A2_CROPLAND_NATURAL,rule_based_v1.0
VIIRS_NOAA20_SP,8.85876,77.94887,,343.17,0.38,0.36,2024-04-09,809,NOAA-20,VIIRS,n,2.0,,311.79,4.4,D,0,True,True,82,2024,4,summer,day,343.17,bright_ti4,VIIRS,4.4,0.6657784011220199,0.0943608177937542,20,grassland,sampled,7,moderate_density,natural,other_natural,0.6,A2_GRASSLAND_NATURAL,rule_based_v1.0
VIIRS_NOAA20_SP,8.57749,78.10448,,332.24,0.54,0.42,2024-04-10,750,NOAA-20,VIIRS,n,2.0,,301.71,3.38,D,0,True,True,83,2024,4,summer,day,332.24,bright_ti4,VIIRS,3.38,0.512482468443198,0.0714446191866996,20,grassland,sampled,3,moderate_density,natural,other_natural,0.6,A2_GRASSLAND_NATURAL,rule_based_v1.0
VIIRS_NOAA20_SP,8.70624,77.99857,,335.52,0.54,0.42,2024-04-10,750,NOAA-20,VIIRS,n,2.0,,303.33,1.89,D,0,True,True,84,2024,4,summer,day,335.52,bright_ti4,VIIRS,1.89,0.5584852734922859,0.0379689957312963,30,grassland,sampled,2,low_density,natural,other_natural,0.76,A2_GRASSLAND_NATURAL,rule_based_v1.0
VIIRS_NOAA20_SP,8.85472,78.09538,,333.92,0.53,0.42,2024-04-10,750,NOAA-20,VIIRS,n,2.0,,302.29,3.97,D,0,True,True,85,2024,4,summer,day,333.92,bright_ti4,VIIRS,3.97,0.536044880785414,0.0847000674005841,20,grassland,sampled,2,low_density,natural,other_natural,0.76,A2_GRASSLAND_NATURAL,rule_based_v1.0
VIIRS_SNPP_SP,8.79147,78.10152,333.02,,0.39,0.36,2024-04-13,809,SNPP,VIIRS,l,2.0,304.36,,3.47,D,0,True,True,86,2024,4,summer,day,333.02,brightness,VIIRS,3.47,0.5234221598877978,0.0734666367108515,50,built_up,sampled,5,moderate_density,natural,other_natural,0.45,A2_AMBIGUOUS_BUILT_OR_BARE_FALLBACK,rule_based_v1.0
VIIRS_NOAA20_SP,8.57514,78.09801,,335.03,0.51,0.49,2024-04-13,834,NOAA-20,VIIRS,n,2.0,,296.18,5.23,D,0,True,True,87,2024,4,summer,day,335.03,bright_ti4,VIIRS,5.23,0.5516129032258061,0.1130083127387104,30,grassland,sampled,5,moderate_density,natural,other_natural,0.6,A2_GRASSLAND_NATURAL,rule_based_v1.0
VIIRS_SNPP_SP,8.85058,78.04687,331.31,,0.51,0.5,2024-04-17,834,SNPP,VIIRS,n,2.0,280.57,,2.86,D,0,True,True,88,2024,4,summer,day,331.31,brightness,VIIRS,2.86,0.4994389901823283,0.0597618512693776,20,grassland,sampled,4,moderate_density,natural,other_natural,0.6,A2_GRASSLAND_NATURAL,rule_based_v1.0
VIIRS_SNPP_SP,8.86297,78.06842,346.53,,0.44,0.38,2024-04-19,757,SNPP,VIIRS,n,2.0,305.79,,6.54,D,0,True,True,89,2024,4,summer,day,346.53,brightness,VIIRS,6.54,0.7129032258064513,0.1424399011458099,20,grassland,sampled,6,moderate_density,natural,other_natural,0.6,A2_GRASSLAND_NATURAL,rule_based_v1.0
VIIRS_NOAA20_SP,8.86176,78.06573,,336.34,0.5,0.41,2024-04-19,822,NOAA-20,VIIRS,n,2.0,,303.5,5.9,D,0,True,True,90,2024,4,summer,day,336.34,bright_ti4,VIIRS,5.9,0.5699859747545579,0.1280611098629521,10,forest,sampled,5,moderate_density,natural,forest_fire,0.62,A2_FOREST_NATURAL,rule_based_v1.0
VIIRS_NOAA20_SP,8.8624,78.07027,,344.54,0.5,0.41,2024-04-19,822,NOAA-20,VIIRS,n,2.0,,303.98,5.15,D,0,True,True,91,2024,4,summer,day,344.54,bright_ti4,VIIRS,5.15,0.6849929873772794,0.1112109638283531,20,grassland,sampled,5,moderate_density,natural,other_natural,0.6,A2_GRASSLAND_NATURAL,rule_based_v1.0
VIIRS_NOAA20_SP,8.91692,78.041,,337.57,0.5,0.41,2024-04-19,822,NOAA-20,VIIRS,n,2.0,,304.91,11.81,D,0,True,True,92,2024,4,summer,day,337.57,bright_ti4,VIIRS,11.81,0.5872370266479663,0.260840260615592,40,cropland,sampled,1,low_density,natural,agricultural_burning,0.78,A2_CROPLAND_NATURAL,rule_based_v1.0
VIIRS_NOAA20_SP,8.52736,78.12327,,344.37,0.43,0.46,2024-04-21,745,NOAA-20,VIIRS,n,2.0,,301.09,2.34,D,3,True,True,93,2024,4,summer,day,344.37,bright_ti4,VIIRS,2.34,0.6826086956521741,0.0480790833520557,20,grassland,sampled,2,low_density,natural,other_natural,0.76,A2_GRASSLAND_NATURAL,rule_based_v1.0
VIIRS_NOAA20_SP,8.57566,78.09596,,332.26,0.43,0.46,2024-04-21,745,NOAA-20,VIIRS,n,2.0,,301.13,2.73,D,0,True,True,94,2024,4,summer,day,332.26,bright_ti4,VIIRS,2.73,0.5127629733520336,0.0568411592900471,30,grassland,sampled,6,moderate_density,natural,other_natural,0.6,A2_GRASSLAND_NATURAL,rule_based_v1.0
VIIRS_SNPP_SP,8.80247,77.94705,334.11,,0.44,0.46,2024-04-25,744,SNPP,VIIRS,n,2.0,303.33,,0.88,D,0,True,True,95,2024,4,summer,day,334.11,brightness,VIIRS,0.88,0.538709677419355,0.0152774657380363,40,cropland,sampled,2,low_density,natural,agricultural_burning,0.78,A2_CROPLAND_NATURAL,rule_based_v1.0
VIIRS_SNPP_SP,8.9289,78.00391,343.39,,0.44,0.46,2024-04-25,744,SNPP,VIIRS,n,2.0,304.11,,4.57,D,0,True,True,96,2024,4,summer,day,343.39,brightness,VIIRS,4.57,0.6688639551192145,0.0981801842282633,30,grassland,sampled,4,moderate_density,natural,other_natural,0.6,A2_GRASSLAND_NATURAL,rule_based_v1.0
VIIRS_NOAA20_SP,8.78333,78.0395,,338.02,0.39,0.36,2024-04-25,810,NOAA-20,VIIRS,l,2.0,,311.52,2.98,D,0,True,True,97,2024,4,summer,day,338.02,bright_ti4,VIIRS,2.98,0.593548387096774,0.0624578746349135,30,grassland,sampled,1,low_density,natural,other_natural,0.76,A2_GRASSLAND_NATURAL,rule_based_v1.0
VIIRS_NOAA20_SP,8.80009,77.94679,,339.03,0.39,0.36,2024-04-25,810,NOAA-20,VIIRS,n,2.0,,308.16,4.23,D,0,True,True,98,2024,4,summer,day,339.03,bright_ti4,VIIRS,4.23,0.6077138849929871,0.0905414513592451,40,cropland,sampled,2,low_density,natural,agricultural_burning,0.78,A2_CROPLAND_NATURAL,rule_based_v1.0
VIIRS_NOAA20_SP,8.89931,78.08942,,338.76,0.39,0.36,2024-04-25,810,NOAA-20,VIIRS,l,2.0,,311.27,4.99,D,0,True,True,99,2024,4,summer,day,338.76,bright_ti4,VIIRS,4.99,0.6039270687237026,0.1076162660076387,40,cropland,sampled,2,low_density,natural,agricultural_burning,0.78,A2_CROPLAND_NATURAL,rule_based_v1.0
VIIRS_NOAA20_SP,8.93042,78.00132,,338.59,0.39,0.36,2024-04-25,810,NOAA-20,VIIRS,l,2.0,,309.37,8.78,D,0,True,True,100,2024,4,summer,day,338.59,bright_ti4,VIIRS,8.78,0.6015427769985972,0.1927656706358121,20,grassland,sampled,3,moderate_density,natural,other_natural,0.6,A2_GRASSLAND_NATURAL,rule_based_v1.0
VIIRS_NOAA20_SP,8.93094,78.00483,,339.63,0.39,0.36,2024-04-25,810,NOAA-20,VIIRS,n,2.0,,308.12,8.57,D,0,True,True,101,2024,4,summer,day,339.63,bright_ti4,VIIRS,8.57,0.6161290322580645,0.1880476297461245,40,cropland,sampled,4,moderate_density,natural,agricultural_burning,0.78,A2_CROPLAND_NATURAL,rule_based_v1.0
VIIRS_SNPP_SP,8.8571,77.89926,331.96,,0.46,0.64,2024-04-26,725,SNPP,VIIRS,n,2.0,298.18,,3.05,D,0,True,True,102,2024,4,summer,day,331.96,brightness,VIIRS,3.05,0.5085553997194949,0.064030554931476,30,grassland,sampled,2,low_density,natural,other_natural,0.76,A2_GRASSLAND_NATURAL,rule_based_v1.0
VIIRS_NOAA20_SP,8.92728,78.06971,,337.09,0.51,0.41,2024-04-26,751,NOAA-20,VIIRS,l,2.0,,312.05,6.49,D,0,True,True,103,2024,4,summer,day,337.09,bright_ti4,VIIRS,6.49,0.5805049088359043,0.1413165580768366,40,cropland,sampled,2,low_density,natural,agricultural_burning,0.78,A2_CROPLAND_NATURAL,rule_based_v1.0
VIIRS_NOAA20_SP,8.84673,78.11223,,332.91,0.35,0.56,2024-04-27,732,NOAA-20,VIIRS,n,2.0,,297.79,1.01,D,0,True,True,104,2024,4,summer,day,332.91,bright_ti4,VIIRS,1.01,0.521879382889201,0.0181981577173668,20,grassland,sampled,9,moderate_density,natural,other_natural,0.6,A2_GRASSLAND_NATURAL,rule_based_v1.0
VIIRS_SNPP_SP,8.74451,77.89847,330.73,,0.41,0.61,2024-04-27,847,SNPP,VIIRS,n,2.0,286.92,,3.9,D,0,True,True,105,2024,4,summer,day,330.73,brightness,VIIRS,3.9,0.4913043478260873,0.0831273871040215,20,grassland,sampled,1,low_density,natural,other_natural,0.76,A2_GRASSLAND_NATURAL,rule_based_v1.0
VIIRS_SNPP_SP,8.86912,78.15676,334.78,,0.39,0.36,2024-04-29,809,SNPP,VIIRS,n,2.0,301.45,,2.09,D,0,True,True,106,2024,4,summer,day,334.78,brightness,VIIRS,2.09,0.5481065918653574,0.0424623680071893,20,grassland,sampled,73,strong_cluster,natural,other_natural,0.6,A2_GRASSLAND_NATURAL,rule_based_v1.0
VIIRS_SNPP_SP,8.88223,78.10809,337.16,,0.39,0.36,2024-04-29,809,SNPP,VIIRS,n,2.0,302.64,,1.64,D,0,True,True,107,2024,4,summer,day,337.16,brightness,VIIRS,1.64,0.5814866760168307,0.03235228038643,50,built_up,sampled,2,low_density,natural,other_natural,0.45,A2_AMBIGUOUS_BUILT_OR_BARE_FALLBACK,rule_based_v1.0
VIIRS_SNPP_SP,8.9071,77.98523,345.39,,0.39,0.36,2024-04-29,809,SNPP,VIIRS,n,2.0,300.6,,3.74,D,0,True,True,108,2024,4,summer,day,345.39,brightness,VIIRS,3.74,0.6969144460028049,0.0795326892833071,40,cropland,sampled,1,low_density,natural,agricultural_burning,0.78,A2_CROPLAND_NATURAL,rule_based_v1.0
VIIRS_SNPP_SP,8.94557,77.94719,341.62,,0.39,0.36,2024-04-29,809,SNPP,VIIRS,n,2.0,304.48,,7.83,D,0,True,True,109,2024,4,summer,day,341.62,brightness,VIIRS,7.83,0.6440392706872371,0.1714221523253201,40,cropland,sampled,6,moderate_density,natural,agricultural_burning,0.78,A2_CROPLAND_NATURAL,rule_based_v1.0
VIIRS_NOAA20_SP,8.49722,77.98165,,331.39,0.56,0.51,2024-05-02,738,NOAA-20,VIIRS,n,2.0,,290.81,3.86,D,0,True,True,110,2024,5,summer,day,331.39,bright_ti4,VIIRS,3.86,0.5005610098176717,0.0822287126488429,20,grassland,sampled,2,low_density,natural,other_natural,0.76,A2_GRASSLAND_NATURAL,rule_based_v1.0
VIIRS_NOAA20_SP,8.4991,77.97938,,335.21,0.56,0.51,2024-05-02,738,NOAA-20,VIIRS,n,2.0,,291.53,2.48,D,0,True,True,111,2024,5,summer,day,335.21,bright_ti4,VIIRS,2.48,0.5541374474053293,0.0512244439451808,20,grassland,sampled,2,low_density,natural,other_natural,0.76,A2_GRASSLAND_NATURAL,rule_based_v1.0
VIIRS_SNPP_SP,8.89123,78.04921,342.23,,0.51,0.5,2024-05-03,834,SNPP,VIIRS,n,2.0,291.25,,9.68,D,0,True,True,112,2024,5,summer,day,342.23,brightness,VIIRS,9.68,0.6525946704067325,0.2129858458773309,30,grassland,sampled,25,strong_cluster,natural,other_natural,0.6,A2_GRASSLAND_NATURAL,rule_based_v1.0
VIIRS_SNPP_SP,8.89519,78.04386,344.61,,0.51,0.5,2024-05-03,834,SNPP,VIIRS,n,2.0,292.84,,9.13,D,0,True,True,113,2024,5,summer,day,344.61,brightness,VIIRS,9.13,0.685974754558205,0.200629072118625,40,cropland,sampled,19,strong_cluster,natural,agricultural_burning,0.82,A2_CROPLAND_NATURAL,rule_based_v1.0
VIIRS_SNPP_SP,8.89582,78.04858,343.55,,0.51,0.5,2024-05-03,834,SNPP,VIIRS,n,2.0,289.81,,9.13,D,0,True,True,114,2024,5,summer,day,343.55,brightness,VIIRS,9.13,0.671107994389902,0.200629072118625,60,bare,sampled,19,strong_cluster,industrial,,0.78,A2_DENSE_BUILT_OR_BARE_INDUSTRIAL,rule_based_v1.0
VIIRS_SNPP_SP,8.79561,77.97469,339.72,,0.42,0.37,2024-05-04,815,SNPP,VIIRS,n,2.0,303.85,,6.97,D,0,True,True,115,2024,5,summer,day,339.72,brightness,VIIRS,6.97,0.6173913043478265,0.15210065153898,40,cropland,sampled,2,low_density,natural,agricultural_burning,0.78,A2_CROPLAND_NATURAL,rule_based_v1.0
VIIRS_SNPP_SP,8.86375,78.06519,340.21,,0.42,0.38,2024-05-04,815,SNPP,VIIRS,n,2.0,303.68,,4.06,D,0,True,True,116,2024,5,summer,day,340.21,brightness,VIIRS,4.06,0.6242636746143055,0.086722084924736,20,grassland,sampled,7,moderate_density,natural,other_natural,0.6,A2_GRASSLAND_NATURAL,rule_based_v1.0
VIIRS_NOAA20_SP,8.84394,77.89188,,332.14,0.33,0.55,2024-05-04,841,NOAA-20,VIIRS,n,2.0,,296.24,2.92,D,0,True,True,117,2024,5,summer,day,332.14,bright_ti4,VIIRS,2.92,0.5110799438990181,0.0611098629521455,40,cropland,sampled,2,low_density,natural,agricultural_burning,0.78,A2_CROPLAND_NATURAL,rule_based_v1.0
VIIRS_SNPP_SP,8.82371,78.05551,345.95,,0.44,0.38,2024-05-05,756,SNPP,VIIRS,l,2.0,306.83,,7.55,D,0,True,True,118,2024,5,summer,day,345.95,brightness,VIIRS,7.55,0.7047685834502103,0.1651314311390698,40,cropland,sampled,12,strong_cluster,natural,agricultural_burning,0.82,A2_CROPLAND_NATURAL,rule_based_v1.0
VIIRS_SNPP_SP,8.93655,78.08627,349.08,,0.44,0.38,2024-05-05,757,SNPP,VIIRS,n,2.0,307.08,,7.12,D,0,True,True,119,2024,5,summer,day,349.08,brightness,VIIRS,7.12,0.7486676016830293,0.1554706807458998,40,cropland,sampled,4,moderate_density,natural,agricultural_burning,0.78,A2_CROPLAND_NATURAL,rule_based_v1.0
VIIRS_SNPP_SP,8.94007,78.08571,346.62,,0.44,0.38,2024-05-05,757,SNPP,VIIRS,n,2.0,306.36,,8.07,D,0,True,True,120,2024,5,summer,day,346.62,brightness,VIIRS,8.07,0.7141654978962133,0.1768141990563918,40,cropland,sampled,4,moderate_density,natural,agricultural_burning,0.78,A2_CROPLAND_NATURAL,rule_based_v1.0
VIIRS_NOAA20_SP,8.71937,78.10577,,330.77,0.5,0.41,2024-05-05,822,NOAA-20,VIIRS,l,2.0,,302.6,2.63,D,0,True,True,121,2024,5,summer,day,330.77,bright_ti4,VIIRS,2.63,0.4918653576437586,0.0545944731521006,60,bare,sampled,7,moderate_density,natural,other_natural,0.45,A2_AMBIGUOUS_BUILT_OR_BARE_FALLBACK,rule_based_v1.0
VIIRS_NOAA20_SP,8.82431,78.05541,,339.73,0.5,0.41,2024-05-05,822,NOAA-20,VIIRS,n,2.0,,304.08,4.55,D,0,True,True,122,2024,5,summer,day,339.73,bright_ti4,VIIRS,4.55,0.6175315568022444,0.097730847000674,40,cropland,sampled,13,strong_cluster,natural,agricultural_burning,0.82,A2_CROPLAND_NATURAL,rule_based_v1.0
VIIRS_NOAA20_SP,8.93694,78.08727,,336.61,0.51,0.41,2024-05-05,822,NOAA-20,VIIRS,n,2.0,,305.56,4.37,D,0,True,True,123,2024,5,summer,day,336.61,bright_ti4,VIIRS,4.37,0.5737727910238432,0.0936868119523702,40,cropland,sampled,4,moderate_density,natural,agricultural_burning,0.78,A2_CROPLAND_NATURAL,rule_based_v1.0
VIIRS_SNPP_SP,8.81802,78.03627,334.55,,0.56,0.51,2024-05-06,738,SNPP,VIIRS,n,2.0,302.28,,9.22,D,0,True,True,124,2024,5,summer,day,334.55,brightness,VIIRS,9.22,0.544880785413745,0.2026510896427769,20,grassland,sampled,18,strong_cluster,natural,other_natural,0.6,A2_GRASSLAND_NATURAL,rule_based_v1.0
VIIRS_SNPP_SP,8.82274,78.03546,355.89,,0.56,0.51,2024-05-06,738,SNPP,VIIRS,n,2.0,302.07,,9.22,D,0,True,True,125,2024,5,summer,day,355.89,brightness,VIIRS,9.22,0.8441795231416548,0.2026510896427769,40,cropland,sampled,17,strong_cluster,natural,agricultural_burning,0.82,A2_CROPLAND_NATURAL,rule_based_v1.0
VIIRS_SNPP_SP,8.8708,78.03234,331.26,,0.56,0.51,2024-05-06,738,SNPP,VIIRS,n,2.0,300.28,,1.48,D,0,True,True,126,2024,5,summer,day,331.26,brightness,VIIRS,1.48,0.4987377279102384,0.0287575825657155,50,built_up,sampled,2,low_density,natural,other_natural,0.45,A2_AMBIGUOUS_BUILT_OR_BARE_FALLBACK,rule_based_v1.0
VIIRS_SNPP_SP,8.87811,78.04665,340.8,,0.55,0.51,2024-05-06,738,SNPP,VIIRS,n,2.0,301.65,,8.58,D,0,True,True,127,2024,5,summer,day,340.8,brightness,VIIRS,8.58,0.6325385694249651,0.1882722983599191,30,grassland,sampled,14,strong_cluster,natural,other_natural,0.6,A2_GRASSLAND_NATURAL,rule_based_v1.0
VIIRS_SNPP_SP,8.87898,78.0517,331.98,,0.55,0.51,2024-05-06,738,SNPP,VIIRS,l,2.0,302.12,,8.83,D,0,True,True,128,2024,5,summer,day,331.98,brightness,VIIRS,8.83,0.5088359046283313,0.1938890137047854,30,grassland,sampled,13,strong_cluster,natural,other_natural,0.6,A2_GRASSLAND_NATURAL,rule_based_v1.0
VIIRS_SNPP_SP,8.88369,78.0509,355.43,,0.55,0.51,2024-05-06,738,SNPP,VIIRS,n,2.0,302.06,,8.83,D,0,True,True,129,2024,5,summer,day,355.43,brightness,VIIRS,8.83,0.8377279102384293,0.1938890137047854,40,cropland,sampled,21,strong_cluster,natural,agricultural_burning,0.82,A2_CROPLAND_NATURAL,rule_based_v1.0
VIIRS_SNPP_SP,8.88668,78.04002,343.89,,0.55,0.51,2024-05-06,738,SNPP,VIIRS,n,2.0,301.07,,5.57,D,0,True,True,130,2024,5,summer,day,343.89,brightness,VIIRS,5.57,0.675876577840112,0.1206470456077286,40,cropland,sampled,17,strong_cluster,natural,agricultural_burning,0.82,A2_CROPLAND_NATURAL,rule_based_v1.0
VIIRS_SNPP_SP,8.88754,78.04507,337.27,,0.55,0.51,2024-05-06,738,SNPP,VIIRS,n,2.0,302.02,,5.57,D,0,True,True,131,2024,5,summer,day,337.27,brightness,VIIRS,5.57,0.5830294530154276,0.1206470456077286,40,cropland,sampled,27,strong_cluster,natural,agricultural_burning,0.82,A2_CROPLAND_NATURAL,rule_based_v1.0
VIIRS_SNPP_SP,8.88849,78.04208,347.31,,0.55,0.51,2024-05-06,738,SNPP,VIIRS,n,2.0,300.92,,6.62,D,0,True,True,132,2024,5,summer,day,347.31,brightness,VIIRS,6.62,0.723842917251052,0.1442372500561671,30,grassland,sampled,22,strong_cluster,natural,other_natural,0.6,A2_GRASSLAND_NATURAL,rule_based_v1.0
VIIRS_SNPP_SP,8.8914,78.03922,336.46,,0.55,0.51,2024-05-06,738,SNPP,VIIRS,n,2.0,301.18,,5.57,D,0,True,True,133,2024,5,summer,day,336.46,brightness,VIIRS,5.57,0.5716690042075734,0.1206470456077286,30,grassland,sampled,15,strong_cluster,natural,other_natural,0.6,A2_GRASSLAND_NATURAL,rule_based_v1.0
VIIRS_SNPP_SP,8.8932,78.04128,342,,0.55,0.51,2024-05-06,738,SNPP,VIIRS,n,2.0,303.45,,6.62,D,0,True,True,134,2024,5,summer,day,342.0,brightness,VIIRS,6.62,0.6493688639551193,0.1442372500561671,40,cropland,sampled,18,strong_cluster,natural,agricultural_burning,0.82,A2_CROPLAND_NATURAL,rule_based_v1.0
VIIRS_NOAA20_SP,8.8199,78.05206,,347.5,0.39,0.36,2024-05-06,803,NOAA-20,VIIRS,n,2.0,,308.37,7.91,D,0,True,True,135,2024,5,summer,day,347.5,bright_ti4,VIIRS,7.91,0.726507713884993,0.1732195012356774,40,cropland,sampled,5,moderate_density,natural,agricultural_burning,0.78,A2_CROPLAND_NATURAL,rule_based_v1.0
VIIRS_NOAA20_SP,8.82052,78.03393,,344,0.39,0.36,2024-05-06,803,NOAA-20,VIIRS,n,2.0,,309.71,12.09,D,0,True,True,136,2024,5,summer,day,344.0,bright_ti4,VIIRS,12.09,0.6774193548387097,0.2671309818018423,30,grassland,sampled,17,strong_cluster,natural,other_natural,0.6,A2_GRASSLAND_NATURAL,rule_based_v1.0
VIIRS_NOAA20_SP,8.82106,78.03745,,334.52,0.39,0.36,2024-05-06,803,NOAA-20,VIIRS,l,2.0,,306.92,2.33,D,0,True,True,137,2024,5,summer,day,334.52,bright_ti4,VIIRS,2.33,0.5444600280504907,0.047854414738261,40,cropland,sampled,17,strong_cluster,natural,agricultural_burning,0.82,A2_CROPLAND_NATURAL,rule_based_v1.0
VIIRS_NOAA20_SP,8.82384,78.03342,,335.07,0.39,0.36,2024-05-06,803,NOAA-20,VIIRS,l,2.0,,307.06,3.01,D,0,True,True,138,2024,5,summer,day,335.07,bright_ti4,VIIRS,3.01,0.5521739130434782,0.0631318804762974,30,grassland,sampled,17,strong_cluster,natural,other_natural,0.6,A2_GRASSLAND_NATURAL,rule_based_v1.0
VIIRS_NOAA20_SP,8.88078,78.04982,,339.98,0.39,0.36,2024-05-06,803,NOAA-20,VIIRS,l,2.0,,308.82,9.15,D,0,True,True,139,2024,5,summer,day,339.98,bright_ti4,VIIRS,9.15,0.6210378681626931,0.2010784093462143,40,cropland,sampled,18,strong_cluster,natural,agricultural_burning,0.82,A2_CROPLAND_NATURAL,rule_based_v1.0
VIIRS_NOAA20_SP,8.88356,78.04578,,338.08,0.39,0.36,2024-05-06,803,NOAA-20,VIIRS,l,2.0,,306.76,5.23,D,0,True,True,140,2024,5,summer,day,338.08,bright_ti4,VIIRS,5.23,0.5943899018232818,0.1130083127387104,20,grassland,sampled,21,strong_cluster,natural,other_natural,0.6,A2_GRASSLAND_NATURAL,rule_based_v1.0
VIIRS_NOAA20_SP,8.8841,78.0493,,349.66,0.39,0.36,2024-05-06,803,NOAA-20,VIIRS,l,2.0,,309.75,9.15,D,0,True,True,141,2024,5,summer,day,349.66,bright_ti4,VIIRS,9.15,0.7568022440392711,0.2010784093462143,30,grassland,sampled,21,strong_cluster,natural,other_natural,0.6,A2_GRASSLAND_NATURAL,rule_based_v1.0
VIIRS_NOAA20_SP,8.88956,78.041,,345.97,0.39,0.36,2024-05-06,803,NOAA-20,VIIRS,n,2.0,,308.3,6.67,D,0,True,True,142,2024,5,summer,day,345.97,bright_ti4,VIIRS,6.67,0.7050490883590467,0.1453605931251404,20,grassland,sampled,19,strong_cluster,natural,other_natural,0.6,A2_GRASSLAND_NATURAL,rule_based_v1.0
VIIRS_NOAA20_SP,8.89288,78.04048,,342.13,0.39,0.36,2024-05-06,803,NOAA-20,VIIRS,n,2.0,,310.17,6.48,D,0,True,True,143,2024,5,summer,day,342.13,bright_ti4,VIIRS,6.48,0.6511921458625526,0.141091889463042,40,cropland,sampled,17,strong_cluster,natural,agricultural_burning,0.82,A2_CROPLAND_NATURAL,rule_based_v1.0
MODIS_SP,8.7903,77.9926,331.2,,1.2,1.1,2024-05-07,430,Terra,MODIS,79,61.03,307.2,,17.2,D,0,True,True,144,2024,5,summer,day,331.2,brightness,MODIS,17.2,0.3368560105680317,0.070528967254408,30,grassland,sampled,9,moderate_density,natural,other_natural,0.6,A2_GRASSLAND_NATURAL,rule_based_v1.0
VIIRS_NOAA20_SP,8.79577,77.99561,,345.8,0.43,0.46,2024-05-07,745,NOAA-20,VIIRS,n,2.0,,305.88,6.03,D,0,True,True,145,2024,5,summer,day,345.8,bright_ti4,VIIRS,6.03,0.7026647966339413,0.1309818018422826,20,grassland,sampled,7,moderate_density,natural,other_natural,0.6,A2_GRASSLAND_NATURAL,rule_based_v1.0
VIIRS_NOAA20_SP,8.8148,77.98041,,345.06,0.43,0.46,2024-05-07,745,NOAA-20,VIIRS,n,2.0,,305.89,5.08,D,0,True,True,146,2024,5,summer,day,345.06,bright_ti4,VIIRS,5.08,0.6922861150070128,0.1096382835317906,20,grassland,sampled,4,moderate_density,natural,other_natural,0.6,A2_GRASSLAND_NATURAL,rule_based_v1.0
VIIRS_NOAA20_SP,8.86221,78.13613,,310.64,0.39,0.36,2024-05-07,2020,NOAA-20,VIIRS,n,2.0,,296,0.74,N,0,True,True,147,2024,5,summer,night,310.64,bright_ti4,VIIRS,0.74,0.2095371669004206,0.0121321051449112,20,grassland,sampled,2,low_density,natural,other_natural,0.76,A2_GRASSLAND_NATURAL,rule_based_v1.0
VIIRS_SNPP_SP,8.81605,78.03962,330.19,,0.33,0.55,2024-05-08,840,SNPP,VIIRS,n,2.0,280.52,,2.49,D,0,True,True,148,2024,5,summer,day,330.19,brightness,VIIRS,2.49,0.4837307152875176,0.0514491125589755,40,cropland,sampled,14,strong_cluster,natural,agricultural_burning,0.82,A2_CROPLAND_NATURAL,rule_based_v1.0
VIIRS_SNPP_SP,8.8183,78.03969,331.26,,0.33,0.55,2024-05-08,840,SNPP,VIIRS,n,2.0,279.95,,2.17,D,0,True,True,149,2024,5,summer,day,331.26,brightness,VIIRS,2.17,0.4987377279102384,0.0442597169175466,30,grassland,sampled,16,strong_cluster,natural,other_natural,0.6,A2_GRASSLAND_NATURAL,rule_based_v1.0
VIIRS_SNPP_SP,8.86871,78.15816,347.04,,0.43,0.46,2024-05-27,744,SNPP,VIIRS,n,2.0,282.15,,5.8,D,0,True,True,150,2024,5,summer,day,347.04,brightness,VIIRS,5.8,0.7200561009817675,0.1258144237250056,20,grassland,sampled,74,strong_cluster,natural,other_natural,0.6,A2_GRASSLAND_NATURAL,rule_based_v1.0
VIIRS_NOAA20_SP,8.86799,78.15865,,343.23,0.39,0.36,2024-05-27,809,NOAA-20,VIIRS,n,2.0,,283.26,5.05,D,0,True,True,151,2024,5,summer,day,343.23,bright_ti4,VIIRS,5.05,0.6666199158485276,0.1089642776904066,10,forest,sampled,74,strong_cluster,natural,forest_fire,0.62,A2_FOREST_NATURAL,rule_based_v1.0
VIIRS_NOAA20_SP,8.82794,77.99696,,346.78,0.36,0.58,2024-05-29,731,NOAA-20,VIIRS,n,2.0,,281.34,5.09,D,0,True,True,152,2024,5,summer,day,346.78,bright_ti4,VIIRS,5.09,0.7164095371669,0.1098629521455852,20,grassland,sampled,12,strong_cluster,natural,other_natural,0.6,A2_GRASSLAND_NATURAL,rule_based_v1.0
VIIRS_NOAA20_SP,8.84887,78.03256,,339.17,0.51,0.5,2024-05-31,834,NOAA-20,VIIRS,n,2.0,,294.08,3.78,D,0,True,True,153,2024,5,summer,day,339.17,bright_ti4,VIIRS,3.78,0.609677419354839,0.0804313637384857,30,grassland,sampled,3,moderate_density,natural,other_natural,0.6,A2_GRASSLAND_NATURAL,rule_based_v1.0
VIIRS_SNPP_SP,8.86835,78.15629,333.12,,0.42,0.38,2024-06-05,815,SNPP,VIIRS,n,2.0,297.56,,3.13,D,0,True,True,154,2024,6,southwest_monsoon,day,333.12,brightness,VIIRS,3.13,0.5248246844319777,0.0658279038418332,20,grassland,sampled,72,strong_cluster,natural,other_natural,0.6,A2_GRASSLAND_NATURAL,rule_based_v1.0
VIIRS_SNPP_SP,8.86909,78.15705,333.93,,0.39,0.36,2024-06-11,802,SNPP,VIIRS,l,2.0,305.32,,3.19,D,0,True,True,155,2024,6,southwest_monsoon,day,333.93,brightness,VIIRS,3.19,0.5361851332398319,0.0671759155246012,20,grassland,sampled,73,strong_cluster,natural,other_natural,0.6,A2_GRASSLAND_NATURAL,rule_based_v1.0
VIIRS_NOAA20_SP,8.48618,78.08398,,330.81,0.4,0.44,2024-06-11,827,NOAA-20,VIIRS,n,2.0,,298.6,3.36,D,0,True,True,156,2024,6,southwest_monsoon,day,330.81,bright_ti4,VIIRS,3.36,0.4924263674614307,0.0709952819591103,30,grassland,sampled,3,moderate_density,natural,other_natural,0.6,A2_GRASSLAND_NATURAL,rule_based_v1.0
VIIRS_NOAA20_SP,8.8494,78.12961,,334.43,0.4,0.45,2024-06-11,827,NOAA-20,VIIRS,n,2.0,,299.92,2.34,D,0,True,True,157,2024,6,southwest_monsoon,day,334.43,bright_ti4,VIIRS,2.34,0.5431977559607295,0.0480790833520557,10,forest,sampled,9,moderate_density,natural,forest_fire,0.62,A2_FOREST_NATURAL,rule_based_v1.0
VIIRS_NOAA20_SP,8.86119,77.91746,,336.96,0.39,0.44,2024-06-11,827,NOAA-20,VIIRS,n,2.0,,300.69,4.14,D,0,True,True,158,2024,6,southwest_monsoon,day,336.96,bright_ti4,VIIRS,4.14,0.578681626928471,0.0885194338350932,40,cropland,sampled,3,moderate_density,natural,agricultural_burning,0.78,A2_CROPLAND_NATURAL,rule_based_v1.0
VIIRS_NOAA20_SP,8.86577,78.15739,,340.09,0.41,0.45,2024-06-11,827,NOAA-20,VIIRS,n,2.0,,301.3,4.31,D,0,True,True,159,2024,6,southwest_monsoon,day,340.09,bright_ti4,VIIRS,4.31,0.6225806451612901,0.0923388002696023,20,grassland,sampled,72,strong_cluster,natural,other_natural,0.6,A2_GRASSLAND_NATURAL,rule_based_v1.0
VIIRS_SNPP_SP,8.69778,77.97237,339.06,,0.4,0.6,2024-06-14,846,SNPP,VIIRS,n,2.0,297.29,,3.61,D,0,True,True,160,2024,6,southwest_monsoon,day,339.06,brightness,VIIRS,3.61,0.6081346423562414,0.0766119973039766,30,grassland,sampled,3,moderate_density,natural,other_natural,0.6,A2_GRASSLAND_NATURAL,rule_based_v1.0
VIIRS_SNPP_SP,8.85642,78.11545,332.88,,0.41,0.61,2024-06-14,846,SNPP,VIIRS,n,2.0,295.51,,1.9,D,0,True,True,161,2024,6,southwest_monsoon,day,332.88,brightness,VIIRS,1.9,0.5214586255259467,0.0381936643450909,20,grassland,sampled,6,moderate_density,natural,other_natural,0.6,A2_GRASSLAND_NATURAL,rule_based_v1.0
VIIRS_NOAA20_SP,8.58278,78.12844,,330.89,0.77,0.78,2024-06-15,712,NOAA-20,VIIRS,n,2.0,,281.11,6.07,D,0,True,True,162,2024,6,southwest_monsoon,day,330.89,bright_ti4,VIIRS,6.07,0.493548387096774,0.1318804762974612,20,grassland,sampled,6,moderate_density,natural,other_natural,0.6,A2_GRASSLAND_NATURAL,rule_based_v1.0
VIIRS_SNPP_SP,8.86248,77.94221,335.91,,0.39,0.44,2024-06-15,827,SNPP,VIIRS,n,2.0,304.89,,2.07,D,0,True,True,163,2024,6,southwest_monsoon,day,335.91,brightness,VIIRS,2.07,0.5639551192145866,0.0420130307796,40,cropland,sampled,6,moderate_density,natural,agricultural_burning,0.78,A2_CROPLAND_NATURAL,rule_based_v1.0
MODIS_SP,8.5797,78.1195,370.5,,1.1,1.0,2024-06-15,900,Aqua,MODIS,0,61.03,309.2,,117.3,D,0,True,True,164,2024,6,southwest_monsoon,day,370.5,brightness,MODIS,117.3,0.8560105680317044,0.70088161209068,20,grassland,sampled,1,low_density,natural,other_natural,0.76,A2_GRASSLAND_NATURAL,rule_based_v1.0
MODIS_SP,8.5811,78.1293,381.4,,1.1,1.0,2024-06-15,900,Aqua,MODIS,0,61.03,309.2,,164.8,D,0,True,True,165,2024,6,southwest_monsoon,day,381.4,brightness,MODIS,164.8,1.0,1.0,20,grassland,sampled,4,moderate_density,natural,other_natural,0.6,A2_GRASSLAND_NATURAL,rule_based_v1.0
MODIS_SP,8.712,78.0187,334,,1.1,1.0,2024-06-15,900,Aqua,MODIS,55,61.03,311.7,,14.3,D,0,True,True,166,2024,6,southwest_monsoon,day,334.0,brightness,MODIS,14.3,0.3738441215323648,0.0522670025188916,30,grassland,sampled,1,low_density,natural,other_natural,0.76,A2_GRASSLAND_NATURAL,rule_based_v1.0
VIIRS_SNPP_SP,8.8781,77.98127,341.04,,0.54,0.42,2024-06-17,749,SNPP,VIIRS,n,2.0,301.91,,6.99,D,0,True,True,167,2024,6,southwest_monsoon,day,341.04,brightness,VIIRS,6.99,0.6359046283309961,0.1525499887665693,20,grassland,sampled,6,moderate_density,natural,other_natural,0.6,A2_GRASSLAND_NATURAL,rule_based_v1.0
VIIRS_NOAA20_SP,8.94248,78.14299,,334.72,0.42,0.37,2024-06-17,814,NOAA-20,VIIRS,n,2.0,,302.88,3.05,D,0,True,True,168,2024,6,southwest_monsoon,day,334.72,bright_ti4,VIIRS,3.05,0.5472650771388504,0.064030554931476,40,cropland,sampled,3,moderate_density,natural,agricultural_burning,0.78,A2_CROPLAND_NATURAL,rule_based_v1.0
VIIRS_SNPP_SP,8.42725,77.89819,335.28,,0.4,0.37,2024-06-21,814,SNPP,VIIRS,n,2.0,299.06,,2.74,D,0,True,True,169,2024,6,southwest_monsoon,day,335.28,brightness,VIIRS,2.74,0.5551192145862549,0.0570658279038418,50,built_up,sampled,1,low_density,natural,other_natural,0.45,A2_AMBIGUOUS_BUILT_OR_BARE_FALLBACK,rule_based_v1.0
VIIRS_SNPP_SP,8.6038,77.88997,332.69,,0.41,0.37,2024-06-21,814,SNPP,VIIRS,n,2.0,297.51,,1.81,D,0,True,True,170,2024,6,southwest_monsoon,day,332.69,brightness,VIIRS,1.81,0.5187938288920056,0.0361716468209391,40,cropland,sampled,5,moderate_density,natural,agricultural_burning,0.78,A2_CROPLAND_NATURAL,rule_based_v1.0
VIIRS_SNPP_SP,8.66401,77.87348,335.21,,0.4,0.37,2024-06-21,814,SNPP,VIIRS,n,2.0,298.01,,3.99,D,0,True,True,171,2024,6,southwest_monsoon,day,335.21,brightness,VIIRS,3.99,0.5541374474053293,0.0851494046281734,10,forest,sampled,2,low_density,natural,forest_fire,0.8,A2_FOREST_NATURAL,rule_based_v1.0
VIIRS_SNPP_SP,8.85192,78.11147,335.16,,0.41,0.37,2024-06-21,814,SNPP,VIIRS,n,2.0,294.98,,2.73,D,0,True,True,172,2024,6,southwest_monsoon,day,335.16,brightness,VIIRS,2.73,0.5534361851332402,0.0568411592900471,40,cropland,sampled,7,moderate_density,natural,agricultural_burning,0.78,A2_CROPLAND_NATURAL,rule_based_v1.0
VIIRS_NOAA20_SP,8.55964,78.11308,,332.55,0.32,0.55,2024-06-21,839,NOAA-20,VIIRS,n,2.0,,289.91,3.5,D,0,True,True,173,2024,6,southwest_monsoon,day,332.55,bright_ti4,VIIRS,3.5,0.5168302945301545,0.0741406425522354,20,grassland,sampled,5,moderate_density,natural,other_natural,0.6,A2_GRASSLAND_NATURAL,rule_based_v1.0
VIIRS_NOAA20_SP,8.56003,78.116,,340.41,0.32,0.55,2024-06-21,839,NOAA-20,VIIRS,n,2.0,,289.3,3.76,D,0,True,True,174,2024,6,southwest_monsoon,day,340.41,bright_ti4,VIIRS,3.76,0.6270687237026652,0.0799820265108964,20,grassland,sampled,5,moderate_density,natural,other_natural,0.6,A2_GRASSLAND_NATURAL,rule_based_v1.0
VIIRS_SNPP_SP,8.60453,78.0929,332.83,,0.45,0.47,2024-06-28,743,SNPP,VIIRS,n,2.0,299.29,,3.63,D,0,True,True,175,2024,6,southwest_monsoon,day,332.83,brightness,VIIRS,3.63,0.5207573632538568,0.0770613345315659,40,cropland,sampled,4,moderate_density,natural,agricultural_burning,0.78,A2_CROPLAND_NATURAL,rule_based_v1.0
VIIRS_SNPP_SP,8.78485,77.98743,349.71,,0.45,0.47,2024-06-28,743,SNPP,VIIRS,n,2.0,304.4,,14.33,D,0,True,True,176,2024,6,southwest_monsoon,day,349.71,brightness,VIIRS,14.33,0.7575035063113602,0.3174567512918446,20,grassland,sampled,8,moderate_density,natural,other_natural,0.6,A2_GRASSLAND_NATURAL,rule_based_v1.0
VIIRS_SNPP_SP,8.82616,77.91669,334.72,,0.46,0.47,2024-06-28,743,SNPP,VIIRS,n,2.0,302.72,,4.29,D,0,True,True,177,2024,6,southwest_monsoon,day,334.72,brightness,VIIRS,4.29,0.5472650771388504,0.091889463042013,20,grassland,sampled,3,moderate_density,natural,other_natural,0.6,A2_GRASSLAND_NATURAL,rule_based_v1.0
VIIRS_SNPP_SP,8.83277,78.03432,348.69,,0.45,0.47,2024-06-28,743,SNPP,VIIRS,n,2.0,301.13,,6.2,D,0,True,True,178,2024,6,southwest_monsoon,day,348.69,brightness,VIIRS,6.2,0.7431977559607293,0.1348011682767917,30,grassland,sampled,10,strong_cluster,natural,other_natural,0.6,A2_GRASSLAND_NATURAL,rule_based_v1.0
VIIRS_SNPP_SP,8.83707,78.03359,347.02,,0.45,0.47,2024-06-28,743,SNPP,VIIRS,n,2.0,301.3,,7.41,D,0,True,True,179,2024,6,southwest_monsoon,day,347.02,brightness,VIIRS,7.41,0.7197755960729311,0.1619860705459447,40,cropland,sampled,9,moderate_density,natural,agricultural_burning,0.78,A2_CROPLAND_NATURAL,rule_based_v1.0
VIIRS_NOAA20_SP,8.60311,78.09219,,339.11,0.38,0.36,2024-06-28,808,NOAA-20,VIIRS,n,2.0,,305.7,4.94,D,0,True,True,180,2024,6,southwest_monsoon,day,339.11,bright_ti4,VIIRS,4.94,0.6088359046283313,0.1064929229386654,30,grassland,sampled,4,moderate_density,natural,other_natural,0.6,A2_GRASSLAND_NATURAL,rule_based_v1.0
VIIRS_NOAA20_SP,8.78096,77.99014,,346.2,0.38,0.36,2024-06-28,808,NOAA-20,VIIRS,n,2.0,,307.55,8.07,D,0,True,True,181,2024,6,southwest_monsoon,day,346.2,bright_ti4,VIIRS,8.07,0.7082748948106591,0.1768141990563918,30,grassland,sampled,7,moderate_density,natural,other_natural,0.6,A2_GRASSLAND_NATURAL,rule_based_v1.0
VIIRS_NOAA20_SP,8.78374,77.98617,,350.62,0.38,0.36,2024-06-28,808,NOAA-20,VIIRS,n,2.0,,311.65,8.07,D,0,True,True,182,2024,6,southwest_monsoon,day,350.62,bright_ti4,VIIRS,8.07,0.7702664796633942,0.1768141990563918,40,cropland,sampled,7,moderate_density,natural,agricultural_burning,0.78,A2_CROPLAND_NATURAL,rule_based_v1.0
VIIRS_NOAA20_SP,8.78427,77.98965,,349.45,0.38,0.36,2024-06-28,808,NOAA-20,VIIRS,n,2.0,,310.82,8.07,D,0,True,True,183,2024,6,southwest_monsoon,day,349.45,bright_ti4,VIIRS,8.07,0.7538569424964936,0.1768141990563918,30,grassland,sampled,9,moderate_density,natural,other_natural,0.6,A2_GRASSLAND_NATURAL,rule_based_v1.0
VIIRS_NOAA20_SP,8.89945,77.96387,,345.78,0.38,0.36,2024-06-28,808,NOAA-20,VIIRS,n,2.0,,308.97,4.69,D,0,True,True,184,2024,6,southwest_monsoon,day,345.78,bright_ti4,VIIRS,4.69,0.7023842917251049,0.1008762075937991,40,cropland,sampled,5,moderate_density,natural,agricultural_burning,0.78,A2_CROPLAND_NATURAL,rule_based_v1.0
VIIRS_NOAA20_SP,8.94937,77.9136,,338.54,0.38,0.36,2024-06-28,808,NOAA-20,VIIRS,l,2.0,,310.34,5.15,D,0,True,True,185,2024,6,southwest_monsoon,day,338.54,bright_ti4,VIIRS,5.15,0.600841514726508,0.1112109638283531,40,cropland,sampled,1,low_density,natural,agricultural_burning,0.78,A2_CROPLAND_NATURAL,rule_based_v1.0
VIIRS_SNPP_SP,8.86662,78.15272,333.35,,0.39,0.36,2024-06-28,2019,SNPP,VIIRS,n,2.0,294.46,,5.42,N,0,True,True,186,2024,6,southwest_monsoon,night,333.35,brightness,VIIRS,5.42,0.5280504908835909,0.1172770164008088,30,grassland,sampled,67,strong_cluster,natural,other_natural,0.6,A2_GRASSLAND_NATURAL,rule_based_v1.0
VIIRS_SNPP_SP,8.86993,78.15325,319.98,,0.39,0.36,2024-06-28,2019,SNPP,VIIRS,n,2.0,293.65,,3.64,N,0,True,True,187,2024,6,southwest_monsoon,night,319.98,brightness,VIIRS,3.64,0.3405329593267885,0.0772860031453605,30,grassland,sampled,71,strong_cluster,natural,other_natural,0.6,A2_GRASSLAND_NATURAL,rule_based_v1.0
VIIRS_NOAA20_SP,8.86799,78.15305,,336.48,0.5,0.49,2024-06-28,2043,NOAA-20,VIIRS,n,2.0,,292.58,6.42,N,0,True,True,188,2024,6,southwest_monsoon,night,336.48,bright_ti4,VIIRS,6.42,0.5719495091164098,0.139743877780274,30,grassland,sampled,70,strong_cluster,natural,other_natural,0.6,A2_GRASSLAND_NATURAL,rule_based_v1.0
VIIRS_SNPP_SP,8.85113,77.97352,332.45,,0.47,0.64,2024-06-29,724,SNPP,VIIRS,n,2.0,291.51,,4.75,D,0,True,True,189,2024,6,southwest_monsoon,day,332.45,brightness,VIIRS,4.75,0.5154277699859747,0.102224219276567,20,grassland,sampled,11,strong_cluster,natural,other_natural,0.6,A2_GRASSLAND_NATURAL,rule_based_v1.0
VIIRS_SNPP_SP,8.85194,77.97781,337.66,,0.47,0.64,2024-06-29,724,SNPP,VIIRS,n,2.0,291.47,,4.75,D,0,True,True,190,2024,6,southwest_monsoon,day,337.66,brightness,VIIRS,4.75,0.5884992987377283,0.102224219276567,10,forest,sampled,8,moderate_density,natural,forest_fire,0.62,A2_FOREST_NATURAL,rule_based_v1.0
VIIRS_SNPP_SP,8.85255,77.96815,344.41,,0.47,0.64,2024-06-29,724,SNPP,VIIRS,n,2.0,291.93,,6.25,D,0,True,True,191,2024,6,southwest_monsoon,day,344.41,brightness,VIIRS,6.25,0.6831697054698461,0.135924511345765,20,grassland,sampled,13,strong_cluster,natural,other_natural,0.6,A2_GRASSLAND_NATURAL,rule_based_v1.0
VIIRS_SNPP_SP,8.85334,77.97247,346.08,,0.47,0.64,2024-06-29,724,SNPP,VIIRS,n,2.0,291.61,,4.82,D,0,True,True,192,2024,6,southwest_monsoon,day,346.08,brightness,VIIRS,4.82,0.7065918653576436,0.1037968995731296,30,grassland,sampled,10,strong_cluster,natural,other_natural,0.6,A2_GRASSLAND_NATURAL,rule_based_v1.0
VIIRS_SNPP_SP,8.85412,77.97678,336.25,,0.47,0.64,2024-06-29,724,SNPP,VIIRS,n,2.0,291.39,,4.82,D,0,True,True,193,2024,6,southwest_monsoon,day,336.25,brightness,VIIRS,4.82,0.5687237026647967,0.1037968995731296,20,grassland,sampled,9,moderate_density,natural,other_natural,0.6,A2_GRASSLAND_NATURAL,rule_based_v1.0
VIIRS_SNPP_SP,8.85623,77.96816,343.24,,0.47,0.64,2024-06-29,724,SNPP,VIIRS,n,2.0,291.15,,8.13,D,0,True,True,194,2024,6,southwest_monsoon,day,343.24,brightness,VIIRS,8.13,0.6667601683029455,0.1781622107391597,10,forest,sampled,13,strong_cluster,natural,forest_fire,0.62,A2_FOREST_NATURAL,rule_based_v1.0
VIIRS_SNPP_SP,8.94114,77.94877,336.71,,0.47,0.64,2024-06-29,724,SNPP,VIIRS,n,2.0,291.66,,6.83,D,0,True,True,195,2024,6,southwest_monsoon,day,336.71,brightness,VIIRS,6.83,0.5751753155680223,0.1489552909458548,40,cropland,sampled,7,moderate_density,natural,agricultural_burning,0.78,A2_CROPLAND_NATURAL,rule_based_v1.0
VIIRS_NOAA20_SP,8.82552,77.91838,,336.17,0.55,0.43,2024-06-29,749,NOAA-20,VIIRS,n,2.0,,301.77,3.15,D,0,True,True,196,2024,6,southwest_monsoon,day,336.17,bright_ti4,VIIRS,3.15,0.5676016830294534,0.0662772410694226,40,cropland,sampled,3,moderate_density,natural,agricultural_burning,0.78,A2_CROPLAND_NATURAL,rule_based_v1.0
VIIRS_NOAA20_SP,8.84068,77.93401,,332.29,0.55,0.43,2024-06-29,749,NOAA-20,VIIRS,n,2.0,,299.61,2.1,D,0,True,True,197,2024,6,southwest_monsoon,day,332.29,bright_ti4,VIIRS,2.1,0.5131837307152879,0.042687036620984,30,grassland,sampled,5,moderate_density,natural,other_natural,0.6,A2_GRASSLAND_NATURAL,rule_based_v1.0
VIIRS_NOAA20_SP,8.85423,77.96729,,351.25,0.55,0.43,2024-06-29,749,NOAA-20,VIIRS,n,2.0,,302.43,33.31,D,0,True,True,198,2024,6,southwest_monsoon,day,351.25,bright_ti4,VIIRS,33.31,0.7791023842917252,0.7438777802740957,20,grassland,sampled,13,strong_cluster,natural,other_natural,0.6,A2_GRASSLAND_NATURAL,rule_based_v1.0
VIIRS_NOAA20_SP,8.93895,77.94827,,334.08,0.55,0.43,2024-06-29,749,NOAA-20,VIIRS,n,2.0,,298.98,3.96,D,0,True,True,199,2024,6,southwest_monsoon,day,334.08,bright_ti4,VIIRS,3.96,0.5382889200561009,0.0844753987867894,60,bare,sampled,7,moderate_density,natural,other_natural,0.45,A2_AMBIGUOUS_BUILT_OR_BARE_FALLBACK,rule_based_v1.0
VIIRS_NOAA20_SP,8.93987,77.94962,,332,0.55,0.43,2024-06-29,749,NOAA-20,VIIRS,n,2.0,,299.34,4.39,D,0,True,True,200,2024,6,southwest_monsoon,day,332.0,bright_ti4,VIIRS,4.39,0.509116409537167,0.0941361491799595,40,cropland,sampled,8,moderate_density,natural,agricultural_burning,0.78,A2_CROPLAND_NATURAL,rule_based_v1.0
VIIRS_NOAA20_SP,8.40499,78.04606,,317.15,0.41,0.37,2024-06-29,2025,NOAA-20,VIIRS,n,2.0,,294.26,2.6,N,0,True,True,201,2024,6,southwest_monsoon,night,317.15,bright_ti4,VIIRS,2.6,0.3008415147265075,0.0539204673107166,90,grassland,sampled,3,moderate_density,natural,other_natural,0.6,A2_GRASSLAND_NATURAL,rule_based_v1.0
MODIS_SP,8.9395,78.13,326.2,,1.2,1.1,2024-06-30,448,Terra,MODIS,50,61.03,295,,11.7,D,0,True,True,202,2024,6,southwest_monsoon,day,326.2,brightness,MODIS,11.7,0.2708058124174373,0.0358942065491183,40,cropland,sampled,6,moderate_density,natural,agricultural_burning,0.78,A2_CROPLAND_NATURAL,rule_based_v1.0
VIIRS_NOAA20_SP,8.82691,77.98688,,333.41,0.38,0.58,2024-06-30,730,NOAA-20,VIIRS,n,2.0,,292.49,1.97,D,0,True,True,203,2024,6,southwest_monsoon,day,333.41,bright_ti4,VIIRS,1.97,0.5288920056100986,0.0397663446416535,20,grassland,sampled,9,moderate_density,natural,other_natural,0.6,A2_GRASSLAND_NATURAL,rule_based_v1.0
VIIRS_NOAA20_SP,8.82851,77.98395,,343.24,0.38,0.58,2024-06-30,730,NOAA-20,VIIRS,n,2.0,,293.67,2.5,D,0,True,True,204,2024,6,southwest_monsoon,day,343.24,bright_ti4,VIIRS,2.5,0.6667601683029455,0.0516737811727701,30,grassland,sampled,11,strong_cluster,natural,other_natural,0.6,A2_GRASSLAND_NATURAL,rule_based_v1.0
VIIRS_NOAA20_SP,8.8291,77.98732,,336.29,0.38,0.58,2024-06-30,730,NOAA-20,VIIRS,n,2.0,,292.51,2.5,D,0,True,True,205,2024,6,southwest_monsoon,day,336.29,bright_ti4,VIIRS,2.5,0.5692847124824688,0.0516737811727701,10,forest,sampled,11,strong_cluster,natural,forest_fire,0.62,A2_FOREST_NATURAL,rule_based_v1.0
VIIRS_NOAA20_SP,8.83162,77.98257,,331.18,0.38,0.58,2024-06-30,730,NOAA-20,VIIRS,n,2.0,,293.54,3.2,D,0,True,True,206,2024,6,southwest_monsoon,day,331.18,bright_ti4,VIIRS,3.2,0.497615708274895,0.0674005841383958,30,grassland,sampled,8,moderate_density,natural,other_natural,0.6,A2_GRASSLAND_NATURAL,rule_based_v1.0
VIIRS_SNPP_SP,8.75959,77.91073,367,,0.4,0.6,2024-06-30,846,SNPP,VIIRS,h,2.0,295.46,,24.47,D,0,True,True,207,2024,6,southwest_monsoon,day,367.0,brightness,VIIRS,24.47,1.0,0.5452707256796225,40,cropland,sampled,6,moderate_density,natural,agricultural_burning,0.78,A2_CROPLAND_NATURAL,rule_based_v1.0
VIIRS_SNPP_SP,8.76008,77.91443,333.94,,0.4,0.6,2024-06-30,846,SNPP,VIIRS,n,2.0,293.15,,24.47,D,0,True,True,208,2024,6,southwest_monsoon,day,333.94,brightness,VIIRS,24.47,0.5363253856942497,0.5452707256796225,40,cropland,sampled,5,moderate_density,natural,agricultural_burning,0.78,A2_CROPLAND_NATURAL,rule_based_v1.0
VIIRS_SNPP_SP,8.76468,77.90635,353.39,,0.4,0.6,2024-06-30,846,SNPP,VIIRS,n,2.0,293.25,,18.51,D,0,True,True,209,2024,6,southwest_monsoon,day,353.39,brightness,VIIRS,18.51,0.8091164095371668,0.4113682318580095,20,grassland,sampled,4,moderate_density,natural,other_natural,0.6,A2_GRASSLAND_NATURAL,rule_based_v1.0
VIIRS_SNPP_SP,8.76516,77.91005,367,,0.4,0.6,2024-06-30,846,SNPP,VIIRS,h,2.0,294.02,,24.47,D,0,True,True,210,2024,6,southwest_monsoon,day,367.0,brightness,VIIRS,24.47,1.0,0.5452707256796225,20,grassland,sampled,5,moderate_density,natural,other_natural,0.6,A2_GRASSLAND_NATURAL,rule_based_v1.0
VIIRS_SNPP_SP,8.76565,77.91374,367,,0.4,0.6,2024-06-30,846,SNPP,VIIRS,h,2.0,293.4,,24.47,D,0,True,True,211,2024,6,southwest_monsoon,day,367.0,brightness,VIIRS,24.47,1.0,0.5452707256796225,40,cropland,sampled,5,moderate_density,natural,agricultural_burning,0.78,A2_CROPLAND_NATURAL,rule_based_v1.0
VIIRS_SNPP_SP,8.8295,77.98383,330.22,,0.4,0.6,2024-06-30,846,SNPP,VIIRS,n,2.0,293.05,,2.0,D,0,True,True,212,2024,6,southwest_monsoon,day,330.22,brightness,VIIRS,2.0,0.4841514726507718,0.0404403504830375,30,grassland,sampled,11,strong_cluster,natural,other_natural,0.6,A2_GRASSLAND_NATURAL,rule_based_v1.0
MODIS_SP,8.7549,77.9125,327.4,,2.4,1.5,2024-06-30,921,Aqua,MODIS,56,61.03,298,,23.3,D,0,True,True,213,2024,6,southwest_monsoon,day,327.4,brightness,MODIS,23.3,0.2866578599735798,0.1089420654911838,40,cropland,sampled,3,moderate_density,natural,agricultural_burning,0.78,A2_CROPLAND_NATURAL,rule_based_v1.0
VIIRS_SNPP_SP,8.84271,77.98981,331.26,,0.39,0.44,2024-07-01,827,SNPP,VIIRS,n,2.0,282.95,,1.97,D,0,True,True,214,2024,7,southwest_monsoon,day,331.26,brightness,VIIRS,1.97,0.4987377279102384,0.0397663446416535,20,grassland,sampled,14,strong_cluster,natural,other_natural,0.6,A2_GRASSLAND_NATURAL,rule_based_v1.0
VIIRS_SNPP_SP,8.84626,77.95654,333.12,,0.39,0.44,2024-07-01,827,SNPP,VIIRS,n,2.0,279.23,,3.48,D,0,True,True,215,2024,7,southwest_monsoon,day,333.12,brightness,VIIRS,3.48,0.5248246844319777,0.0736913053246461,40,cropland,sampled,5,moderate_density,natural,agricultural_burning,0.78,A2_CROPLAND_NATURAL,rule_based_v1.0
VIIRS_SNPP_SP,8.82099,77.97897,333.43,,0.38,0.36,2024-07-02,808,SNPP,VIIRS,n,2.0,293.21,,2.9,D,0,True,True,216,2024,7,southwest_monsoon,day,333.43,brightness,VIIRS,2.9,0.5291725105189342,0.0606605257245562,30,grassland,sampled,7,moderate_density,natural,other_natural,0.6,A2_GRASSLAND_NATURAL,rule_based_v1.0
VIIRS_SNPP_SP,8.78323,77.9415,339.95,,0.54,0.42,2024-07-03,749,SNPP,VIIRS,n,2.0,302.45,,9.85,D,0,True,True,217,2024,7,southwest_monsoon,day,339.95,brightness,VIIRS,9.85,0.6206171107994389,0.21680521231184,40,cropland,sampled,3,moderate_density,natural,agricultural_burning,0.78,A2_CROPLAND_NATURAL,rule_based_v1.0
VIIRS_SNPP_SP,8.8344,78.03383,336.91,,0.54,0.42,2024-07-03,749,SNPP,VIIRS,n,2.0,301.66,,11.17,D,0,True,True,218,2024,7,southwest_monsoon,day,336.91,brightness,VIIRS,11.17,0.5779803646563819,0.2464614693327342,30,grassland,sampled,8,moderate_density,natural,other_natural,0.6,A2_GRASSLAND_NATURAL,rule_based_v1.0
VIIRS_NOAA20_SP,8.75372,78.1125,,331.65,0.41,0.37,2024-07-03,814,NOAA-20,VIIRS,n,2.0,,299.74,1.85,D,0,True,True,219,2024,7,southwest_monsoon,day,331.65,bright_ti4,VIIRS,1.85,0.5042075736325383,0.0370703212761177,40,cropland,sampled,4,moderate_density,natural,agricultural_burning,0.78,A2_CROPLAND_NATURAL,rule_based_v1.0
VIIRS_NOAA20_SP,8.78103,77.94107,,341.89,0.41,0.37,2024-07-03,814,NOAA-20,VIIRS,n,2.0,,304.96,7.68,D,0,True,True,220,2024,7,southwest_monsoon,day,341.89,bright_ti4,VIIRS,7.68,0.6478260869565216,0.1680521231184003,30,grassland,sampled,3,moderate_density,natural,other_natural,0.6,A2_GRASSLAND_NATURAL,rule_based_v1.0
VIIRS_NOAA20_SP,8.86991,78.04517,,337.83,0.41,0.37,2024-07-03,814,NOAA-20,VIIRS,n,2.0,,301.08,5.48,D,0,True,True,221,2024,7,southwest_monsoon,day,337.83,bright_ti4,VIIRS,5.48,0.5908835904628329,0.1186250280835767,40,cropland,sampled,4,moderate_density,natural,agricultural_burning,0.78,A2_CROPLAND_NATURAL,rule_based_v1.0
VIIRS_NOAA20_SP,8.75262,77.95571,,343.84,0.59,0.53,2024-07-05,736,NOAA-20,VIIRS,n,2.0,,298.47,9.53,D,0,True,True,222,2024,7,southwest_monsoon,day,343.84,bright_ti4,VIIRS,9.53,0.6751753155680221,0.2096158166704111,30,grassland,sampled,7,moderate_density,natural,other_natural,0.6,A2_GRASSLAND_NATURAL,rule_based_v1.0
VIIRS_NOAA20_SP,8.75354,77.96097,,336.75,0.59,0.53,2024-07-05,736,NOAA-20,VIIRS,n,2.0,,297.95,9.53,D,0,True,True,223,2024,7,southwest_monsoon,day,336.75,bright_ti4,VIIRS,9.53,0.5757363253856943,0.2096158166704111,30,grassland,sampled,8,moderate_density,natural,other_natural,0.6,A2_GRASSLAND_NATURAL,rule_based_v1.0
VIIRS_NOAA20_SP,8.80447,78.02752,,338.29,0.58,0.52,2024-07-05,736,NOAA-20,VIIRS,n,2.0,,297.07,1.76,D,0,True,True,224,2024,7,southwest_monsoon,day,338.29,bright_ti4,VIIRS,1.76,0.5973352033660593,0.0350483037519658,40,cropland,sampled,2,low_density,natural,agricultural_burning,0.78,A2_CROPLAND_NATURAL,rule_based_v1.0
VIIRS_NOAA20_SP,8.8364,78.04107,,351.55,0.58,0.52,2024-07-05,736,NOAA-20,VIIRS,n,2.0,,297.36,37.67,D,0,True,True,225,2024,7,southwest_monsoon,day,351.55,bright_ti4,VIIRS,37.67,0.7833099579242638,0.8418332958885644,30,grassland,sampled,13,strong_cluster,natural,other_natural,0.6,A2_GRASSLAND_NATURAL,rule_based_v1.0
VIIRS_NOAA20_SP,8.83664,78.04342,,348.35,0.58,0.52,2024-07-05,736,NOAA-20,VIIRS,n,2.0,,297.37,13.9,D,0,True,True,226,2024,7,southwest_monsoon,day,348.35,bright_ti4,VIIRS,13.9,0.7384291725105193,0.3077960008986745,40,cropland,sampled,10,strong_cluster,natural,agricultural_burning,0.82,A2_CROPLAND_NATURAL,rule_based_v1.0
VIIRS_NOAA20_SP,8.83731,78.04624,,351.06,0.58,0.52,2024-07-05,736,NOAA-20,VIIRS,n,2.0,,300.71,37.67,D,0,True,True,227,2024,7,southwest_monsoon,day,351.06,bright_ti4,VIIRS,37.67,0.776437587657784,0.8418332958885644,30,grassland,sampled,12,strong_cluster,natural,other_natural,0.6,A2_GRASSLAND_NATURAL,rule_based_v1.0
VIIRS_NOAA20_SP,8.83751,78.0486,,344.27,0.58,0.52,2024-07-05,736,NOAA-20,VIIRS,n,2.0,,297.75,14.85,D,0,True,True,228,2024,7,southwest_monsoon,day,344.27,bright_ti4,VIIRS,14.85,0.6812061711079942,0.3291395192091665,40,cropland,sampled,11,strong_cluster,natural,agricultural_burning,0.82,A2_CROPLAND_NATURAL,rule_based_v1.0
VIIRS_NOAA20_SP,8.84116,78.04025,,349.8,0.58,0.52,2024-07-05,736,NOAA-20,VIIRS,n,2.0,,297,27.52,D,0,True,True,229,2024,7,southwest_monsoon,day,349.8,bright_ti4,VIIRS,27.52,0.7587657784011222,0.6137946528869918,30,grassland,sampled,10,strong_cluster,natural,other_natural,0.6,A2_GRASSLAND_NATURAL,rule_based_v1.0
VIIRS_NOAA20_SP,8.84208,78.04542,,354.89,0.58,0.52,2024-07-05,736,NOAA-20,VIIRS,n,2.0,,297.6,27.52,D,0,True,True,230,2024,7,southwest_monsoon,day,354.89,bright_ti4,VIIRS,27.52,0.8301542776998596,0.6137946528869918,40,cropland,sampled,12,strong_cluster,natural,agricultural_burning,0.82,A2_CROPLAND_NATURAL,rule_based_v1.0
VIIRS_SNPP_SP,8.75362,77.96954,330.49,,0.52,0.67,2024-07-05,852,SNPP,VIIRS,n,2.0,292.18,,3.99,D,0,True,True,231,2024,7,southwest_monsoon,day,330.49,brightness,VIIRS,3.99,0.4879382889200563,0.0851494046281734,40,cropland,sampled,6,moderate_density,natural,agricultural_burning,0.78,A2_CROPLAND_NATURAL,rule_based_v1.0
VIIRS_SNPP_SP,8.83747,78.04829,332.88,,0.52,0.67,2024-07-05,852,SNPP,VIIRS,n,2.0,292.86,,3.21,D,0,True,True,232,2024,7,southwest_monsoon,day,332.88,brightness,VIIRS,3.21,0.5214586255259467,0.0676252527521905,40,cropland,sampled,12,strong_cluster,natural,agricultural_burning,0.82,A2_CROPLAND_NATURAL,rule_based_v1.0
VIIRS_SNPP_SP,8.84103,78.04181,331.27,,0.52,0.67,2024-07-05,852,SNPP,VIIRS,n,2.0,292.7,,4.32,D,0,True,True,233,2024,7,southwest_monsoon,day,331.27,brightness,VIIRS,4.32,0.4988779803646562,0.0925634688833969,30,grassland,sampled,10,strong_cluster,natural,other_natural,0.6,A2_GRASSLAND_NATURAL,rule_based_v1.0
VIIRS_SNPP_SP,8.84162,78.04674,344.63,,0.52,0.67,2024-07-05,852,SNPP,VIIRS,n,2.0,293.42,,4.32,D,0,True,True,234,2024,7,southwest_monsoon,day,344.63,brightness,VIIRS,4.32,0.6862552594670407,0.0925634688833969,40,cropland,sampled,12,strong_cluster,natural,agricultural_burning,0.82,A2_CROPLAND_NATURAL,rule_based_v1.0
VIIRS_SNPP_SP,8.84371,78.04755,342.34,,0.52,0.67,2024-07-05,852,SNPP,VIIRS,n,2.0,293.08,,6.74,D,0,True,True,235,2024,7,southwest_monsoon,day,342.34,brightness,VIIRS,6.74,0.6541374474053293,0.146933273421703,30,grassland,sampled,11,strong_cluster,natural,other_natural,0.6,A2_GRASSLAND_NATURAL,rule_based_v1.0
MODIS_SP,8.8835,77.9798,324.3,,1.0,1.0,2024-07-07,436,Terra,MODIS,72,61.03,303,,6.8,D,0,True,True,236,2024,7,southwest_monsoon,day,324.3,brightness,MODIS,6.8,0.2457067371202117,0.0050377833753148,40,cropland,sampled,3,moderate_density,natural,agricultural_burning,0.78,A2_CROPLAND_NATURAL,rule_based_v1.0
VIIRS_SNPP_SP,8.35513,77.90544,340.28,,0.41,0.37,2024-07-07,814,SNPP,VIIRS,n,2.0,301.86,,5.92,D,0,True,True,237,2024,7,southwest_monsoon,day,340.28,brightness,VIIRS,5.92,0.6252454417952311,0.1285104470905414,10,forest,sampled,2,low_density,natural,forest_fire,0.8,A2_FOREST_NATURAL,rule_based_v1.0
VIIRS_SNPP_SP,8.50456,78.0464,345.72,,0.41,0.37,2024-07-07,815,SNPP,VIIRS,n,2.0,303.67,,8.92,D,0,True,True,238,2024,7,southwest_monsoon,day,345.72,brightness,VIIRS,8.92,0.7015427769985979,0.1959110312289373,10,forest,sampled,3,moderate_density,natural,forest_fire,0.62,A2_FOREST_NATURAL,rule_based_v1.0
VIIRS_SNPP_SP,8.66399,77.85104,332.54,,0.41,0.37,2024-07-07,815,SNPP,VIIRS,n,2.0,301,,2.59,D,0,True,True,239,2024,7,southwest_monsoon,day,332.54,brightness,VIIRS,2.59,0.5166900420757367,0.053695798696922,10,forest,sampled,3,moderate_density,natural,forest_fire,0.62,A2_FOREST_NATURAL,rule_based_v1.0
VIIRS_SNPP_SP,8.85443,78.12583,340.28,,0.42,0.37,2024-07-07,815,SNPP,VIIRS,n,2.0,301.87,,5.96,D,0,True,True,240,2024,7,southwest_monsoon,day,340.28,brightness,VIIRS,5.96,0.6252454417952311,0.12940912154572,20,grassland,sampled,8,moderate_density,natural,other_natural,0.6,A2_GRASSLAND_NATURAL,rule_based_v1.0
VIIRS_SNPP_SP,8.85483,77.93722,349.65,,0.41,0.37,2024-07-07,815,SNPP,VIIRS,n,2.0,304.56,,6.19,D,0,True,True,241,2024,7,southwest_monsoon,day,349.65,brightness,VIIRS,6.19,0.7566619915848525,0.1345764996629971,40,cropland,sampled,6,moderate_density,natural,agricultural_burning,0.78,A2_CROPLAND_NATURAL,rule_based_v1.0
VIIRS_SNPP_SP,8.85499,78.12962,335.5,,0.42,0.37,2024-07-07,815,SNPP,VIIRS,n,2.0,300.11,,2.8,D,0,True,True,242,2024,7,southwest_monsoon,day,335.5,brightness,VIIRS,2.8,0.5582047685834503,0.0584138395866097,10,forest,sampled,8,moderate_density,natural,forest_fire,0.62,A2_FOREST_NATURAL,rule_based_v1.0
VIIRS_SNPP_SP,8.86925,78.15468,338.76,,0.42,0.38,2024-07-07,815,SNPP,VIIRS,n,2.0,301.5,,4.51,D,0,True,True,243,2024,7,southwest_monsoon,day,338.76,brightness,VIIRS,4.51,0.6039270687237026,0.0968321725454953,50,built_up,sampled,73,strong_cluster,industrial,,0.86,A2_DENSE_BUILT_OR_BARE_INDUSTRIAL,rule_based_v1.0
VIIRS_SNPP_SP,8.87369,78.06498,333.71,,0.42,0.37,2024-07-07,815,SNPP,VIIRS,n,2.0,303.22,,3.76,D,0,True,True,244,2024,7,southwest_monsoon,day,333.71,brightness,VIIRS,3.76,0.5330995792426365,0.0799820265108964,20,grassland,sampled,4,moderate_density,natural,other_natural,0.6,A2_GRASSLAND_NATURAL,rule_based_v1.0
VIIRS_SNPP_SP,8.9332,77.95197,338.82,,0.41,0.37,2024-07-07,815,SNPP,VIIRS,n,2.0,303.46,,1.84,D,0,True,True,245,2024,7,southwest_monsoon,day,338.82,brightness,VIIRS,1.84,0.6047685834502103,0.036845652662323,40,cropland,sampled,7,moderate_density,natural,agricultural_burning,0.78,A2_CROPLAND_NATURAL,rule_based_v1.0
VIIRS_SNPP_SP,8.93375,77.95573,337.36,,0.41,0.37,2024-07-07,815,SNPP,VIIRS,n,2.0,302.7,,1.88,D,0,True,True,246,2024,7,southwest_monsoon,day,337.36,brightness,VIIRS,1.88,0.5842917251051896,0.0377443271175016,30,grassland,sampled,5,moderate_density,natural,other_natural,0.6,A2_GRASSLAND_NATURAL,rule_based_v1.0
VIIRS_NOAA20_SP,8.35018,77.90517,,332.82,0.62,0.54,2024-07-07,839,NOAA-20,VIIRS,n,2.0,,294.84,4.6,D,0,True,True,247,2024,7,southwest_monsoon,day,332.82,bright_ti4,VIIRS,4.6,0.520617110799439,0.0988541900696472,20,grassland,sampled,2,low_density,natural,other_natural,0.76,A2_GRASSLAND_NATURAL,rule_based_v1.0
VIIRS_NOAA20_SP,8.5012,78.04509,,330.69,0.63,0.54,2024-07-07,839,NOAA-20,VIIRS,n,2.0,,294.1,6.02,D,0,True,True,248,2024,7,southwest_monsoon,day,330.69,bright_ti4,VIIRS,6.02,0.4907433380084152,0.1307571332284879,10,forest,sampled,4,moderate_density,natural,forest_fire,0.62,A2_FOREST_NATURAL,rule_based_v1.0
VIIRS_NOAA20_SP,8.50197,78.05086,,332.08,0.63,0.54,2024-07-07,839,NOAA-20,VIIRS,n,2.0,,291.99,6.02,D,0,True,True,249,2024,7,southwest_monsoon,day,332.08,bright_ti4,VIIRS,6.02,0.5102384291725104,0.1307571332284879,10,forest,sampled,5,moderate_density,natural,forest_fire,0.62,A2_FOREST_NATURAL,rule_based_v1.0
VIIRS_NOAA20_SP,8.73345,78.10287,,333.67,0.32,0.55,2024-07-07,839,NOAA-20,VIIRS,n,2.0,,294.12,1.19,D,0,True,True,250,2024,7,southwest_monsoon,day,333.67,bright_ti4,VIIRS,1.19,0.5325385694249652,0.0222421927656706,20,grassland,sampled,7,moderate_density,natural,other_natural,0.6,A2_GRASSLAND_NATURAL,rule_based_v1.0
VIIRS_NOAA20_SP,8.85429,78.12776,,330.57,0.32,0.55,2024-07-07,839,NOAA-20,VIIRS,n,2.0,,292.5,1.24,D,0,True,True,251,2024,7,southwest_monsoon,day,330.57,bright_ti4,VIIRS,1.24,0.4890603085553997,0.0233655358346439,20,grassland,sampled,8,moderate_density,natural,other_natural,0.6,A2_GRASSLAND_NATURAL,rule_based_v1.0
VIIRS_NOAA20_SP,8.86841,78.15614,,333.98,0.33,0.55,2024-07-07,839,NOAA-20,VIIRS,n,2.0,,291.94,2.23,D,0,True,True,252,2024,7,southwest_monsoon,day,333.98,bright_ti4,VIIRS,2.23,0.5368863955119217,0.0456077286003145,30,grassland,sampled,72,strong_cluster,natural,other_natural,0.6,A2_GRASSLAND_NATURAL,rule_based_v1.0
VIIRS_NOAA20_SP,8.87104,78.0662,,333.55,0.32,0.55,2024-07-07,839,NOAA-20,VIIRS,n,2.0,,292.94,2.04,D,0,True,True,253,2024,7,southwest_monsoon,day,333.55,bright_ti4,VIIRS,2.04,0.5308555399719498,0.0413390249382161,20,grassland,sampled,6,moderate_density,natural,other_natural,0.6,A2_GRASSLAND_NATURAL,rule_based_v1.0
VIIRS_NOAA20_SP,8.87156,78.06556,,331.23,0.32,0.55,2024-07-07,839,NOAA-20,VIIRS,n,2.0,,292.71,1.76,D,0,True,True,254,2024,7,southwest_monsoon,day,331.23,bright_ti4,VIIRS,1.76,0.4983169705469849,0.0350483037519658,40,cropland,sampled,5,moderate_density,natural,agricultural_burning,0.78,A2_CROPLAND_NATURAL,rule_based_v1.0
MODIS_SP,8.7866,78.0104,319,,1.7,1.3,2024-07-09,418,Terra,MODIS,57,61.03,289.2,,13.6,D,0,True,True,255,2024,7,southwest_monsoon,day,319.0,brightness,MODIS,13.6,0.1756935270805814,0.0478589420654911,40,cropland,sampled,6,moderate_density,natural,agricultural_burning,0.78,A2_CROPLAND_NATURAL,rule_based_v1.0
MODIS_SP,8.798,78.0022,318.1,,1.7,1.3,2024-07-09,418,Terra,MODIS,69,61.03,289.4,,11.6,D,0,True,True,256,2024,7,southwest_monsoon,day,318.1,brightness,MODIS,11.6,0.1638044914134747,0.035264483627204,30,grassland,sampled,9,moderate_density,natural,other_natural,0.6,A2_GRASSLAND_NATURAL,rule_based_v1.0
VIIRS_NOAA20_SP,8.90385,78.0457,,342.48,0.4,0.37,2024-07-09,801,NOAA-20,VIIRS,n,2.0,,303.84,4.43,D,0,True,True,257,2024,7,southwest_monsoon,day,342.48,bright_ti4,VIIRS,4.43,0.6561009817671812,0.0950348236351381,40,cropland,sampled,5,moderate_density,natural,agricultural_burning,0.78,A2_CROPLAND_NATURAL,rule_based_v1.0
VIIRS_NOAA20_SP,8.54187,78.09836,,337.62,0.45,0.47,2024-07-10,743,NOAA-20,VIIRS,n,2.0,,298.75,4.68,D,0,True,True,258,2024,7,southwest_monsoon,day,337.62,bright_ti4,VIIRS,4.68,0.5879382889200563,0.1006515389800044,30,grassland,sampled,1,low_density,natural,other_natural,0.76,A2_GRASSLAND_NATURAL,rule_based_v1.0
VIIRS_NOAA20_SP,8.57322,77.97078,,334.48,0.46,0.47,2024-07-10,743,NOAA-20,VIIRS,n,2.0,,297.67,2.71,D,0,True,True,259,2024,7,southwest_monsoon,day,334.48,bright_ti4,VIIRS,2.71,0.5438990182328194,0.0563918220624578,40,cropland,sampled,4,moderate_density,natural,agricultural_burning,0.78,A2_CROPLAND_NATURAL,rule_based_v1.0
VIIRS_NOAA20_SP,8.57392,77.97491,,344.31,0.46,0.47,2024-07-10,743,NOAA-20,VIIRS,n,2.0,,297.91,4.82,D,0,True,True,260,2024,7,southwest_monsoon,day,344.31,bright_ti4,VIIRS,4.82,0.6817671809256662,0.1037968995731296,40,cropland,sampled,5,moderate_density,natural,agricultural_burning,0.78,A2_CROPLAND_NATURAL,rule_based_v1.0
VIIRS_NOAA20_SP,8.85385,77.91656,,333.89,0.46,0.47,2024-07-10,743,NOAA-20,VIIRS,n,2.0,,299.58,1.56,D,0,True,True,261,2024,7,southwest_monsoon,day,333.89,bright_ti4,VIIRS,1.56,0.5356241234221598,0.0305549314760727,20,grassland,sampled,5,moderate_density,natural,other_natural,0.6,A2_GRASSLAND_NATURAL,rule_based_v1.0
VIIRS_NOAA20_SP,8.82529,78.06059,,310.04,0.39,0.36,2024-07-10,2019,NOAA-20,VIIRS,n,2.0,,293.71,0.61,N,0,True,True,262,2024,7,southwest_monsoon,night,310.04,bright_ti4,VIIRS,0.61,0.201122019635344,0.0092114131655807,40,cropland,sampled,11,strong_cluster,natural,agricultural_burning,0.82,A2_CROPLAND_NATURAL,rule_based_v1.0
VIIRS_NOAA20_SP,8.78088,78.01186,,356.3,0.48,0.65,2024-07-11,724,NOAA-20,VIIRS,n,2.0,,291.18,14.22,D,0,True,True,263,2024,7,southwest_monsoon,day,356.3,bright_ti4,VIIRS,14.22,0.8499298737727912,0.3149853965401034,30,grassland,sampled,6,moderate_density,natural,other_natural,0.6,A2_GRASSLAND_NATURAL,rule_based_v1.0
VIIRS_NOAA20_SP,8.78166,78.01612,,348.5,0.48,0.65,2024-07-11,724,NOAA-20,VIIRS,n,2.0,,291.21,9.72,D,0,True,True,264,2024,7,southwest_monsoon,day,348.5,bright_ti4,VIIRS,9.72,0.7405329593267883,0.2138845203325096,30,grassland,sampled,8,moderate_density,natural,other_natural,0.6,A2_GRASSLAND_NATURAL,rule_based_v1.0
VIIRS_NOAA20_SP,8.78244,78.02039,,344.52,0.48,0.65,2024-07-11,724,NOAA-20,VIIRS,n,2.0,,290.91,9.72,D,0,True,True,265,2024,7,southwest_monsoon,day,344.52,bright_ti4,VIIRS,9.72,0.684712482468443,0.2138845203325096,20,grassland,sampled,8,moderate_density,natural,other_natural,0.6,A2_GRASSLAND_NATURAL,rule_based_v1.0
VIIRS_NOAA20_SP,8.88633,77.91144,,336.7,0.48,0.65,2024-07-11,724,NOAA-20,VIIRS,n,2.0,,292.89,8.32,D,0,True,True,266,2024,7,southwest_monsoon,day,336.7,bright_ti4,VIIRS,8.32,0.5750350631136044,0.1824309144012581,40,cropland,sampled,2,low_density,natural,agricultural_burning,0.78,A2_CROPLAND_NATURAL,rule_based_v1.0
VIIRS_NOAA20_SP,8.88913,77.91438,,343.39,0.48,0.65,2024-07-11,724,NOAA-20,VIIRS,n,2.0,,292.93,5.41,D,0,True,True,267,2024,7,southwest_monsoon,day,343.39,bright_ti4,VIIRS,5.41,0.6688639551192145,0.1170523477870141,40,cropland,sampled,2,low_density,natural,agricultural_burning,0.78,A2_CROPLAND_NATURAL,rule_based_v1.0
VIIRS_SNPP_SP,8.86977,78.15801,331.32,,0.39,0.36,2024-07-18,809,SNPP,VIIRS,n,2.0,268.73,,3.42,D,0,True,True,268,2024,7,southwest_monsoon,day,331.32,brightness,VIIRS,3.42,0.4995792426367461,0.0723432936418782,10,forest,sampled,75,strong_cluster,natural,forest_fire,0.62,A2_FOREST_NATURAL,rule_based_v1.0
VIIRS_SNPP_SP,8.59736,77.88235,347.67,,0.54,0.42,2024-07-19,750,SNPP,VIIRS,n,2.0,295.09,,10.75,D,0,True,True,269,2024,7,southwest_monsoon,day,347.67,brightness,VIIRS,10.75,0.7288920056100985,0.2370253875533588,40,cropland,sampled,6,moderate_density,natural,agricultural_burning,0.78,A2_CROPLAND_NATURAL,rule_based_v1.0
VIIRS_SNPP_SP,8.60126,77.8817,337.51,,0.54,0.42,2024-07-19,750,SNPP,VIIRS,n,2.0,293.61,,5.08,D,0,True,True,270,2024,7,southwest_monsoon,day,337.51,brightness,VIIRS,5.08,0.5863955119214586,0.1096382835317906,90,grassland,sampled,7,moderate_density,natural,other_natural,0.6,A2_GRASSLAND_NATURAL,rule_based_v1.0
VIIRS_SNPP_SP,8.85297,77.99994,335.47,,0.53,0.42,2024-07-19,750,SNPP,VIIRS,l,2.0,307.73,,44.71,D,0,True,True,271,2024,7,southwest_monsoon,day,335.47,brightness,VIIRS,44.71,0.5577840112201968,1.0,20,grassland,sampled,7,moderate_density,natural,other_natural,0.6,A2_GRASSLAND_NATURAL,rule_based_v1.0
VIIRS_SNPP_SP,8.85682,77.99931,338.1,,0.53,0.42,2024-07-19,750,SNPP,VIIRS,n,2.0,302.07,,44.71,D,0,True,True,272,2024,7,southwest_monsoon,day,338.1,brightness,VIIRS,44.71,0.5946704067321182,1.0,20,grassland,sampled,7,moderate_density,natural,other_natural,0.6,A2_GRASSLAND_NATURAL,rule_based_v1.0
VIIRS_SNPP_SP,8.85762,78.00415,344.37,,0.53,0.42,2024-07-19,750,SNPP,VIIRS,n,2.0,302.88,,44.71,D,0,True,True,273,2024,7,southwest_monsoon,day,344.37,brightness,VIIRS,44.71,0.6826086956521741,1.0,30,grassland,sampled,7,moderate_density,natural,other_natural,0.6,A2_GRASSLAND_NATURAL,rule_based_v1.0
VIIRS_SNPP_SP,8.87554,78.0898,334.97,,0.53,0.42,2024-07-19,750,SNPP,VIIRS,n,2.0,304.3,,1.94,D,0,True,True,274,2024,7,southwest_monsoon,day,334.97,brightness,VIIRS,1.94,0.5507713884992992,0.0390923388002696,20,grassland,sampled,1,low_density,natural,other_natural,0.76,A2_GRASSLAND_NATURAL,rule_based_v1.0
VIIRS_NOAA20_SP,8.56933,78.04806,,331.98,0.41,0.37,2024-07-19,814,NOAA-20,VIIRS,n,2.0,,298.13,1.99,D,0,True,True,275,2024,7,southwest_monsoon,day,331.98,bright_ti4,VIIRS,1.99,0.5088359046283313,0.0402156818692428,40,cropland,sampled,1,low_density,natural,agricultural_burning,0.78,A2_CROPLAND_NATURAL,rule_based_v1.0
VIIRS_NOAA20_SP,8.59704,77.88096,,340.72,0.41,0.37,2024-07-19,814,NOAA-20,VIIRS,n,2.0,,297.49,3.59,D,0,True,True,276,2024,7,southwest_monsoon,day,340.72,bright_ti4,VIIRS,3.59,0.6314165497896218,0.0761626600763873,40,cropland,sampled,6,moderate_density,natural,agricultural_burning,0.78,A2_CROPLAND_NATURAL,rule_based_v1.0
VIIRS_NOAA20_SP,8.59758,77.88464,,338.83,0.41,0.37,2024-07-19,814,NOAA-20,VIIRS,n,2.0,,299.49,4.08,D,0,True,True,277,2024,7,southwest_monsoon,day,338.83,bright_ti4,VIIRS,4.08,0.6049088359046282,0.0871714221523253,40,cropland,sampled,7,moderate_density,natural,agricultural_burning,0.78,A2_CROPLAND_NATURAL,rule_based_v1.0
VIIRS_NOAA20_SP,8.60044,77.88046,,337.34,0.41,0.37,2024-07-19,814,NOAA-20,VIIRS,n,2.0,,295.02,3.59,D,0,True,True,278,2024,7,southwest_monsoon,day,337.34,bright_ti4,VIIRS,3.59,0.5840112201963531,0.0761626600763873,10,forest,sampled,6,moderate_density,natural,forest_fire,0.62,A2_FOREST_NATURAL,rule_based_v1.0
VIIRS_NOAA20_SP,8.60098,77.88414,,331.08,0.41,0.37,2024-07-19,814,NOAA-20,VIIRS,n,2.0,,296.96,4.08,D,0,True,True,279,2024,7,southwest_monsoon,day,331.08,bright_ti4,VIIRS,4.08,0.4962131837307151,0.0871714221523253,40,cropland,sampled,7,moderate_density,natural,agricultural_burning,0.78,A2_CROPLAND_NATURAL,rule_based_v1.0
VIIRS_NOAA20_SP,8.69627,77.96055,,347.62,0.41,0.37,2024-07-19,814,NOAA-20,VIIRS,n,2.0,,303.91,12.19,D,0,True,True,280,2024,7,southwest_monsoon,day,347.62,bright_ti4,VIIRS,12.19,0.7281907433380085,0.2693776679397888,30,grassland,sampled,3,moderate_density,natural,other_natural,0.6,A2_GRASSLAND_NATURAL,rule_based_v1.0
VIIRS_NOAA20_SP,8.7763,77.95642,,335.32,0.41,0.37,2024-07-19,814,NOAA-20,VIIRS,l,2.0,,307.27,3.06,D,0,True,True,281,2024,7,southwest_monsoon,day,335.32,bright_ti4,VIIRS,3.06,0.5556802244039271,0.0642552235452707,30,grassland,sampled,11,strong_cluster,natural,other_natural,0.6,A2_GRASSLAND_NATURAL,rule_based_v1.0
VIIRS_NOAA20_SP,8.85277,78.00143,,338.87,0.41,0.37,2024-07-19,814,NOAA-20,VIIRS,n,2.0,,306.73,3.1,D,0,True,True,282,2024,7,southwest_monsoon,day,338.87,bright_ti4,VIIRS,3.1,0.6054698457223002,0.0651538980004493,20,grassland,sampled,7,moderate_density,natural,other_natural,0.6,A2_GRASSLAND_NATURAL,rule_based_v1.0
VIIRS_NOAA20_SP,8.85619,78.00092,,349.76,0.41,0.37,2024-07-19,814,NOAA-20,VIIRS,n,2.0,,304.61,3.99,D,0,True,True,283,2024,7,southwest_monsoon,day,349.76,bright_ti4,VIIRS,3.99,0.7582047685834501,0.0851494046281734,20,grassland,sampled,7,moderate_density,natural,other_natural,0.6,A2_GRASSLAND_NATURAL,rule_based_v1.0
VIIRS_NOAA20_SP,8.85673,78.00466,,332.4,0.41,0.37,2024-07-19,814,NOAA-20,VIIRS,l,2.0,,304.86,1.8,D,0,True,True,284,2024,7,southwest_monsoon,day,332.4,bright_ti4,VIIRS,1.8,0.5147265077138847,0.0359469782071444,40,cropland,sampled,7,moderate_density,natural,agricultural_burning,0.78,A2_CROPLAND_NATURAL,rule_based_v1.0
VIIRS_NOAA20_SP,8.87982,78.04338,,346.83,0.41,0.37,2024-07-19,814,NOAA-20,VIIRS,n,2.0,,306.99,8.92,D,0,True,True,285,2024,7,southwest_monsoon,day,346.83,bright_ti4,VIIRS,8.92,0.71711079943899,0.1959110312289373,40,cropland,sampled,16,strong_cluster,natural,agricultural_burning,0.82,A2_CROPLAND_NATURAL,rule_based_v1.0
VIIRS_NOAA20_SP,8.88325,78.04288,,334.15,0.41,0.37,2024-07-19,814,NOAA-20,VIIRS,l,2.0,,306.33,2.56,D,0,True,True,286,2024,7,southwest_monsoon,day,334.15,bright_ti4,VIIRS,2.56,0.5392706872370264,0.053021792855538,40,cropland,sampled,19,strong_cluster,natural,agricultural_burning,0.82,A2_CROPLAND_NATURAL,rule_based_v1.0
MODIS_SP,8.6907,77.9613,327.1,,1.3,1.1,2024-07-19,908,Aqua,MODIS,80,61.03,303.9,,12.3,D,0,True,True,287,2024,7,southwest_monsoon,day,327.1,brightness,MODIS,12.3,0.2826948480845447,0.0396725440806045,20,grassland,sampled,7,moderate_density,natural,other_natural,0.6,A2_GRASSLAND_NATURAL,rule_based_v1.0
VIIRS_SNPP_SP,8.82475,77.95589,339.38,,0.41,0.37,2024-07-23,815,SNPP,VIIRS,n,2.0,307.51,,3.5,D,0,True,True,288,2024,7,southwest_monsoon,day,339.38,brightness,VIIRS,3.5,0.6126227208976157,0.0741406425522354,40,cropland,sampled,1,low_density,natural,agricultural_burning,0.78,A2_CROPLAND_NATURAL,rule_based_v1.0
VIIRS_SNPP_SP,8.86843,78.15908,335.51,,0.42,0.38,2024-07-23,815,SNPP,VIIRS,n,2.0,301.88,,3.37,D,0,True,True,289,2024,7,southwest_monsoon,day,335.51,brightness,VIIRS,3.37,0.5583450210378681,0.0712199505729049,20,grassland,sampled,74,strong_cluster,natural,other_natural,0.6,A2_GRASSLAND_NATURAL,rule_based_v1.0
VIIRS_SNPP_SP,8.87395,77.97946,339.58,,0.42,0.37,2024-07-23,815,SNPP,VIIRS,n,2.0,306.86,,5.61,D,0,True,True,290,2024,7,southwest_monsoon,day,339.58,brightness,VIIRS,5.61,0.6154277699859746,0.1215457200629072,20,grassland,sampled,7,moderate_density,natural,other_natural,0.6,A2_GRASSLAND_NATURAL,rule_based_v1.0
VIIRS_SNPP_SP,8.90615,77.91679,335.99,,0.41,0.37,2024-07-23,815,SNPP,VIIRS,l,2.0,306.07,,2.2,D,0,True,True,291,2024,7,southwest_monsoon,day,335.99,brightness,VIIRS,2.2,0.56507713884993,0.0449337227589305,40,cropland,sampled,1,low_density,natural,agricultural_burning,0.78,A2_CROPLAND_NATURAL,rule_based_v1.0
VIIRS_NOAA20_SP,8.81002,78.03291,,334.57,0.32,0.55,2024-07-23,839,NOAA-20,VIIRS,n,2.0,,298.46,1.72,D,0,True,True,292,2024,7,southwest_monsoon,day,334.57,bright_ti4,VIIRS,1.72,0.5451612903225806,0.0341496292967872,30,grassland,sampled,7,moderate_density,natural,other_natural,0.6,A2_GRASSLAND_NATURAL,rule_based_v1.0
VIIRS_NOAA20_SP,8.8104,78.03584,,331.95,0.32,0.55,2024-07-23,839,NOAA-20,VIIRS,n,2.0,,299.57,1.72,D,0,True,True,293,2024,7,southwest_monsoon,day,331.95,bright_ti4,VIIRS,1.72,0.5084151472650771,0.0341496292967872,20,grassland,sampled,7,moderate_density,natural,other_natural,0.6,A2_GRASSLAND_NATURAL,rule_based_v1.0
VIIRS_NOAA20_SP,8.82905,78.06046,,334.18,0.32,0.55,2024-07-23,839,NOAA-20,VIIRS,n,2.0,,299.2,0.93,D,0,True,True,294,2024,7,southwest_monsoon,day,334.18,bright_ti4,VIIRS,0.93,0.5396914446002806,0.0164008088070096,30,grassland,sampled,12,strong_cluster,natural,other_natural,0.6,A2_GRASSLAND_NATURAL,rule_based_v1.0
VIIRS_NOAA20_SP,8.86891,77.97808,,334.05,0.32,0.55,2024-07-23,839,NOAA-20,VIIRS,n,2.0,,299.75,2.2,D,0,True,True,295,2024,7,southwest_monsoon,day,334.05,bright_ti4,VIIRS,2.2,0.5378681626928473,0.0449337227589305,40,cropland,sampled,5,moderate_density,natural,agricultural_burning,0.78,A2_CROPLAND_NATURAL,rule_based_v1.0
VIIRS_NOAA20_SP,8.86921,77.97758,,334.96,0.32,0.55,2024-07-23,839,NOAA-20,VIIRS,n,2.0,,299.68,1.88,D,0,True,True,296,2024,7,southwest_monsoon,day,334.96,bright_ti4,VIIRS,1.88,0.5506311360448806,0.0377443271175016,30,grassland,sampled,5,moderate_density,natural,other_natural,0.6,A2_GRASSLAND_NATURAL,rule_based_v1.0
VIIRS_NOAA20_SP,8.94623,77.94414,,330.95,0.32,0.55,2024-07-23,839,NOAA-20,VIIRS,n,2.0,,300.1,1.35,D,0,True,True,297,2024,7,southwest_monsoon,day,330.95,bright_ti4,VIIRS,1.35,0.4943899018232818,0.025836890586385,40,cropland,sampled,6,moderate_density,natural,agricultural_burning,0.78,A2_CROPLAND_NATURAL,rule_based_v1.0
VIIRS_SNPP_SP,8.83318,78.05424,313.55,,0.32,0.55,2024-07-23,2051,SNPP,VIIRS,n,2.0,291.93,,1.8,N,0,True,True,298,2024,7,southwest_monsoon,night,313.55,brightness,VIIRS,1.8,0.2503506311360451,0.0359469782071444,40,cropland,sampled,13,strong_cluster,natural,agricultural_burning,0.82,A2_CROPLAND_NATURAL,rule_based_v1.0
VIIRS_NOAA20_SP,8.42176,78.04371,,338.85,0.48,0.4,2024-07-24,820,NOAA-20,VIIRS,n,2.0,,290.43,6.1,D,0,True,True,299,2024,7,southwest_monsoon,day,338.85,bright_ti4,VIIRS,6.1,0.6051893408134646,0.1325544821388452,10,forest,sampled,4,moderate_density,natural,forest_fire,0.62,A2_FOREST_NATURAL,rule_based_v1.0
VIIRS_NOAA20_SP,8.42543,78.04319,,332.53,0.48,0.4,2024-07-24,820,NOAA-20,VIIRS,n,2.0,,289.9,6.1,D,0,True,True,300,2024,7,southwest_monsoon,day,332.53,bright_ti4,VIIRS,6.1,0.516549789621318,0.1325544821388452,40,cropland,sampled,4,moderate_density,natural,agricultural_burning,0.78,A2_CROPLAND_NATURAL,rule_based_v1.0
VIIRS_NOAA20_SP,8.4811,78.03965,,337.54,0.48,0.4,2024-07-24,820,NOAA-20,VIIRS,n,2.0,,287.19,3.94,D,0,True,True,301,2024,7,southwest_monsoon,day,337.54,bright_ti4,VIIRS,3.94,0.5868162692847129,0.0840260615592001,10,forest,sampled,1,low_density,natural,forest_fire,0.8,A2_FOREST_NATURAL,rule_based_v1.0
VIIRS_NOAA20_SP,8.92283,78.07436,,335,0.49,0.4,2024-07-24,820,NOAA-20,VIIRS,n,2.0,,298.93,3.93,D,0,True,True,302,2024,7,southwest_monsoon,day,335.0,bright_ti4,VIIRS,3.93,0.5511921458625527,0.0838013929454055,40,cropland,sampled,2,low_density,natural,agricultural_burning,0.78,A2_CROPLAND_NATURAL,rule_based_v1.0
MODIS_SP,8.8861,78.0531,328.8,,1.0,1.0,2024-07-26,858,Aqua,MODIS,76,61.03,300.7,,8.5,D,0,True,True,303,2024,7,southwest_monsoon,day,328.8,brightness,MODIS,8.5,0.3051519154557467,0.0157430730478589,50,built_up,sampled,19,strong_cluster,industrial,,0.86,A2_DENSE_BUILT_OR_BARE_INDUSTRIAL,rule_based_v1.0
MODIS_SP,8.895,78.0518,328.5,,1.0,1.0,2024-07-26,858,Aqua,MODIS,76,61.03,302.8,,7.6,D,0,True,True,304,2024,7,southwest_monsoon,day,328.5,brightness,MODIS,7.6,0.3011889035667109,0.0100755667506297,30,grassland,sampled,13,strong_cluster,natural,other_natural,0.6,A2_GRASSLAND_NATURAL,rule_based_v1.0
VIIRS_NOAA20_SP,8.892,78.05025,,315.13,0.39,0.36,2024-07-26,2019,NOAA-20,VIIRS,n,2.0,,286.43,1.83,N,0,True,True,305,2024,7,southwest_monsoon,night,315.13,bright_ti4,VIIRS,1.83,0.2725105189340814,0.0366209840485284,30,grassland,sampled,21,strong_cluster,natural,other_natural,0.6,A2_GRASSLAND_NATURAL,rule_based_v1.0
VIIRS_NOAA20_SP,8.7813,77.92518,,331.81,0.54,0.42,2024-07-31,749,NOAA-20,VIIRS,n,2.0,,292.85,3.19,D,0,True,True,306,2024,7,southwest_monsoon,day,331.81,bright_ti4,VIIRS,3.19,0.5064516129032259,0.0671759155246012,40,cropland,sampled,2,low_density,natural,agricultural_burning,0.78,A2_CROPLAND_NATURAL,rule_based_v1.0
VIIRS_NOAA20_SP,8.84389,78.08848,,347.06,0.53,0.42,2024-07-31,749,NOAA-20,VIIRS,n,2.0,,301.66,9.0,D,0,True,True,307,2024,7,southwest_monsoon,day,347.06,bright_ti4,VIIRS,9.0,0.7203366058906031,0.1977083801392945,20,grassland,sampled,2,low_density,natural,other_natural,0.76,A2_GRASSLAND_NATURAL,rule_based_v1.0
VIIRS_NOAA20_SP,8.84468,78.09325,,335.99,0.53,0.42,2024-07-31,749,NOAA-20,VIIRS,n,2.0,,301.09,4.81,D,0,True,True,308,2024,7,southwest_monsoon,day,335.99,bright_ti4,VIIRS,4.81,0.56507713884993,0.1035722309593349,40,cropland,sampled,4,moderate_density,natural,agricultural_burning,0.78,A2_CROPLAND_NATURAL,rule_based_v1.0
VIIRS_NOAA20_SP,8.62464,77.92315,,340.28,0.38,0.58,2024-08-01,730,NOAA-20,VIIRS,n,2.0,,289.42,2.89,D,0,True,True,309,2024,8,southwest_monsoon,day,340.28,bright_ti4,VIIRS,2.89,0.6252454417952311,0.0604358571107616,40,cropland,sampled,8,moderate_density,natural,agricultural_burning,0.78,A2_CROPLAND_NATURAL,rule_based_v1.0
VIIRS_NOAA20_SP,8.86586,78.15234,,334.2,0.36,0.57,2024-08-01,730,NOAA-20,VIIRS,n,2.0,,291.76,2.25,D,0,True,True,310,2024,8,southwest_monsoon,day,334.2,bright_ti4,VIIRS,2.25,0.5399719495091163,0.0460570658279038,40,cropland,sampled,64,strong_cluster,natural,agricultural_burning,0.82,A2_CROPLAND_NATURAL,rule_based_v1.0
VIIRS_SNPP_SP,8.43415,78.00982,330.32,,0.4,0.44,2024-08-02,828,SNPP,VIIRS,n,2.0,292.91,,1.55,D,0,True,True,311,2024,8,southwest_monsoon,day,330.32,brightness,VIIRS,1.55,0.4855539971949509,0.0303302628622781,10,forest,sampled,2,low_density,natural,forest_fire,0.8,A2_FOREST_NATURAL,rule_based_v1.0
VIIRS_SNPP_SP,8.6448,77.88808,338.86,,0.39,0.44,2024-08-02,828,SNPP,VIIRS,n,2.0,292.03,,3.17,D,0,True,True,312,2024,8,southwest_monsoon,day,338.86,brightness,VIIRS,3.17,0.6053295932678825,0.0667265782970119,10,forest,sampled,6,moderate_density,natural,forest_fire,0.62,A2_FOREST_NATURAL,rule_based_v1.0
VIIRS_SNPP_SP,8.77736,78.06974,332.99,,0.4,0.45,2024-08-02,828,SNPP,VIIRS,n,2.0,291.57,,2.73,D,0,True,True,313,2024,8,southwest_monsoon,day,332.99,brightness,VIIRS,2.73,0.5230014025245444,0.0568411592900471,40,cropland,sampled,3,moderate_density,natural,agricultural_burning,0.78,A2_CROPLAND_NATURAL,rule_based_v1.0
VIIRS_SNPP_SP,8.80104,78.05886,343.29,,0.4,0.45,2024-08-02,828,SNPP,VIIRS,n,2.0,292.14,,5.87,D,0,True,True,314,2024,8,southwest_monsoon,day,343.29,brightness,VIIRS,5.87,0.6674614305750354,0.1273871040215682,20,grassland,sampled,2,low_density,natural,other_natural,0.76,A2_GRASSLAND_NATURAL,rule_based_v1.0
VIIRS_SNPP_SP,8.94805,78.13267,330.55,,0.41,0.45,2024-08-02,828,SNPP,VIIRS,n,2.0,290.91,,2.35,D,0,True,True,315,2024,8,southwest_monsoon,day,330.55,brightness,VIIRS,2.35,0.488779803646564,0.0483037519658503,40,cropland,sampled,3,moderate_density,natural,agricultural_burning,0.78,A2_CROPLAND_NATURAL,rule_based_v1.0
VIIRS_SNPP_SP,8.62145,77.88059,353.09,,0.38,0.36,2024-08-03,809,SNPP,VIIRS,n,2.0,305.87,,5.88,D,0,True,True,316,2024,8,southwest_monsoon,day,353.09,brightness,VIIRS,5.88,0.804908835904628,0.1276117726353628,10,forest,sampled,4,moderate_density,natural,forest_fire,0.62,A2_FOREST_NATURAL,rule_based_v1.0
VIIRS_SNPP_SP,8.62477,77.88008,343.09,,0.38,0.36,2024-08-03,809,SNPP,VIIRS,n,2.0,305.14,,5.88,D,0,True,True,317,2024,8,southwest_monsoon,day,343.09,brightness,VIIRS,5.88,0.6646563814866757,0.1276117726353628,10,forest,sampled,4,moderate_density,natural,forest_fire,0.62,A2_FOREST_NATURAL,rule_based_v1.0
VIIRS_NOAA20_SP,8.61748,77.88084,,341.82,0.49,0.49,2024-08-03,833,NOAA-20,VIIRS,n,2.0,,299.46,3.78,D,0,True,True,318,2024,8,southwest_monsoon,day,341.82,bright_ti4,VIIRS,3.78,0.6468443197755961,0.0804313637384857,10,forest,sampled,4,moderate_density,natural,forest_fire,0.62,A2_FOREST_NATURAL,rule_based_v1.0
VIIRS_NOAA20_SP,8.62195,77.88024,,352.94,0.49,0.49,2024-08-03,833,NOAA-20,VIIRS,n,2.0,,300.62,8.0,D,0,True,True,319,2024,8,southwest_monsoon,day,352.94,bright_ti4,VIIRS,8.0,0.802805049088359,0.1752415187598292,40,cropland,sampled,4,moderate_density,natural,agricultural_burning,0.78,A2_CROPLAND_NATURAL,rule_based_v1.0
VIIRS_SNPP_SP,8.75036,78.07318,334.3,,0.52,0.42,2024-08-04,750,SNPP,VIIRS,n,2.0,297.56,,4.04,D,0,True,True,320,2024,8,southwest_monsoon,day,334.3,brightness,VIIRS,4.04,0.5413744740532962,0.0862727476971467,40,cropland,sampled,9,moderate_density,natural,agricultural_burning,0.78,A2_CROPLAND_NATURAL,rule_based_v1.0
VIIRS_SNPP_SP,8.75112,78.07793,341.11,,0.52,0.42,2024-08-04,750,SNPP,VIIRS,n,2.0,299.11,,4.04,D,0,True,True,321,2024,8,southwest_monsoon,day,341.11,brightness,VIIRS,4.04,0.6368863955119217,0.0862727476971467,40,cropland,sampled,14,strong_cluster,natural,agricultural_burning,0.82,A2_CROPLAND_NATURAL,rule_based_v1.0
VIIRS_SNPP_SP,8.75189,78.08269,352.21,,0.52,0.42,2024-08-04,750,SNPP,VIIRS,n,2.0,300.01,,7.16,D,0,True,True,322,2024,8,southwest_monsoon,day,352.21,brightness,VIIRS,7.16,0.7925666199158483,0.1563693552010784,30,grassland,sampled,18,strong_cluster,natural,other_natural,0.6,A2_GRASSLAND_NATURAL,rule_based_v1.0
VIIRS_SNPP_SP,8.75231,78.07465,334.1,,0.52,0.42,2024-08-04,750,SNPP,VIIRS,n,2.0,296.51,,3.8,D,0,True,True,323,2024,8,southwest_monsoon,day,334.1,brightness,VIIRS,3.8,0.5385694249649373,0.080880700966075,40,cropland,sampled,10,strong_cluster,natural,agricultural_burning,0.82,A2_CROPLAND_NATURAL,rule_based_v1.0
VIIRS_SNPP_SP,8.75265,78.08744,342.89,,0.52,0.42,2024-08-04,750,SNPP,VIIRS,n,2.0,298.67,,7.16,D,0,True,True,324,2024,8,southwest_monsoon,day,342.89,brightness,VIIRS,7.16,0.6618513323983168,0.1563693552010784,40,cropland,sampled,13,strong_cluster,natural,agricultural_burning,0.82,A2_CROPLAND_NATURAL,rule_based_v1.0
VIIRS_SNPP_SP,8.7531,78.07939,344.72,,0.52,0.42,2024-08-04,750,SNPP,VIIRS,n,2.0,298.43,,3.8,D,0,True,True,325,2024,8,southwest_monsoon,day,344.72,brightness,VIIRS,3.8,0.6875175315568027,0.080880700966075,40,cropland,sampled,15,strong_cluster,natural,agricultural_burning,0.82,A2_CROPLAND_NATURAL,rule_based_v1.0
VIIRS_SNPP_SP,8.75389,78.08412,333.29,,0.52,0.42,2024-08-04,750,SNPP,VIIRS,n,2.0,298.03,,4.95,D,0,True,True,326,2024,8,southwest_monsoon,day,333.29,brightness,VIIRS,4.95,0.5272089761570831,0.1067175915524601,30,grassland,sampled,15,strong_cluster,natural,other_natural,0.6,A2_GRASSLAND_NATURAL,rule_based_v1.0
VIIRS_SNPP_SP,8.75469,78.08886,339.46,,0.52,0.42,2024-08-04,750,SNPP,VIIRS,n,2.0,299.15,,4.95,D,0,True,True,327,2024,8,southwest_monsoon,day,339.46,brightness,VIIRS,4.95,0.6137447405329591,0.1067175915524601,40,cropland,sampled,12,strong_cluster,natural,agricultural_burning,0.82,A2_CROPLAND_NATURAL,rule_based_v1.0
VIIRS_SNPP_SP,8.75648,78.08681,331.93,,0.52,0.42,2024-08-04,750,SNPP,VIIRS,n,2.0,297.84,,2.44,D,0,True,True,328,2024,8,southwest_monsoon,day,331.93,brightness,VIIRS,2.44,0.5081346423562414,0.0503257694900022,40,cropland,sampled,11,strong_cluster,natural,agricultural_burning,0.82,A2_CROPLAND_NATURAL,rule_based_v1.0
VIIRS_SNPP_SP,8.86785,78.15744,332.99,,0.52,0.41,2024-08-04,750,SNPP,VIIRS,n,2.0,300.41,,4.23,D,0,True,True,329,2024,8,southwest_monsoon,day,332.99,brightness,VIIRS,4.23,0.5230014025245444,0.0905414513592451,30,grassland,sampled,73,strong_cluster,natural,other_natural,0.6,A2_GRASSLAND_NATURAL,rule_based_v1.0
VIIRS_SNPP_SP,8.90811,77.8587,338.76,,0.54,0.42,2024-08-04,750,SNPP,VIIRS,n,2.0,299.48,,8.34,D,0,True,True,330,2024,8,southwest_monsoon,day,338.76,brightness,VIIRS,8.34,0.6039270687237026,0.1828802516288474,20,grassland,sampled,3,moderate_density,natural,other_natural,0.6,A2_GRASSLAND_NATURAL,rule_based_v1.0
VIIRS_NOAA20_SP,8.44309,77.96668,,336.68,0.41,0.37,2024-08-04,814,NOAA-20,VIIRS,n,2.0,,302.77,3.35,D,0,True,True,331,2024,8,southwest_monsoon,day,336.68,bright_ti4,VIIRS,3.35,0.5747545582047687,0.0707706133453156,10,forest,sampled,5,moderate_density,natural,forest_fire,0.62,A2_FOREST_NATURAL,rule_based_v1.0
VIIRS_NOAA20_SP,8.44363,77.97039,,334.34,0.41,0.37,2024-08-04,814,NOAA-20,VIIRS,n,2.0,,302.54,1.77,D,0,True,True,332,2024,8,southwest_monsoon,day,334.34,bright_ti4,VIIRS,1.77,0.5419354838709675,0.0352729723657605,40,cropland,sampled,5,moderate_density,natural,agricultural_burning,0.78,A2_CROPLAND_NATURAL,rule_based_v1.0
VIIRS_NOAA20_SP,8.74964,78.07785,,339.51,0.42,0.37,2024-08-04,814,NOAA-20,VIIRS,n,2.0,,302.68,3.24,D,0,True,True,333,2024,8,southwest_monsoon,day,339.51,bright_ti4,VIIRS,3.24,0.614446002805049,0.0682992585935744,40,cropland,sampled,14,strong_cluster,natural,agricultural_burning,0.82,A2_CROPLAND_NATURAL,rule_based_v1.0
VIIRS_NOAA20_SP,8.7502,78.08162,,339.7,0.42,0.37,2024-08-04,814,NOAA-20,VIIRS,n,2.0,,302.52,3.24,D,0,True,True,334,2024,8,southwest_monsoon,day,339.7,bright_ti4,VIIRS,3.24,0.61711079943899,0.0682992585935744,40,cropland,sampled,19,strong_cluster,natural,agricultural_burning,0.82,A2_CROPLAND_NATURAL,rule_based_v1.0
VIIRS_NOAA20_SP,8.75075,78.08539,,346.54,0.42,0.37,2024-08-04,814,NOAA-20,VIIRS,n,2.0,,302.76,3.43,D,0,True,True,335,2024,8,southwest_monsoon,day,346.54,bright_ti4,VIIRS,3.43,0.7130434782608699,0.0725679622556728,20,grassland,sampled,18,strong_cluster,natural,other_natural,0.6,A2_GRASSLAND_NATURAL,rule_based_v1.0
VIIRS_NOAA20_SP,8.75131,78.08915,,339.86,0.42,0.37,2024-08-04,814,NOAA-20,VIIRS,n,2.0,,301.18,3.43,D,0,True,True,336,2024,8,southwest_monsoon,day,339.86,bright_ti4,VIIRS,3.43,0.6193548387096777,0.0725679622556728,20,grassland,sampled,12,strong_cluster,natural,other_natural,0.6,A2_GRASSLAND_NATURAL,rule_based_v1.0
VIIRS_NOAA20_SP,8.75474,78.08865,,337.26,0.42,0.37,2024-08-04,814,NOAA-20,VIIRS,n,2.0,,303.18,3.87,D,0,True,True,337,2024,8,southwest_monsoon,day,337.26,bright_ti4,VIIRS,3.87,0.5828892005610098,0.0824533812626376,40,cropland,sampled,12,strong_cluster,natural,agricultural_burning,0.82,A2_CROPLAND_NATURAL,rule_based_v1.0
VIIRS_NOAA20_SP,8.8664,78.15733,,338.38,0.42,0.38,2024-08-04,814,NOAA-20,VIIRS,n,2.0,,302.1,3.86,D,0,True,True,338,2024,8,southwest_monsoon,day,338.38,bright_ti4,VIIRS,3.86,0.5985974754558204,0.0822287126488429,20,grassland,sampled,73,strong_cluster,natural,other_natural,0.6,A2_GRASSLAND_NATURAL,rule_based_v1.0
MODIS_SP,8.7796,78.0,327.7,,1.2,1.1,2024-08-05,425,Terra,MODIS,78,61.03,297.5,,15.0,D,0,True,True,339,2024,8,southwest_monsoon,day,327.7,brightness,MODIS,15.0,0.2906208718626156,0.0566750629722921,40,cropland,sampled,4,moderate_density,natural,agricultural_burning,0.78,A2_CROPLAND_NATURAL,rule_based_v1.0
VIIRS_NOAA20_SP,8.57783,77.90773,,331.96,0.59,0.53,2024-08-06,736,NOAA-20,VIIRS,n,2.0,,295.3,7.6,D,0,True,True,340,2024,8,southwest_monsoon,day,331.96,bright_ti4,VIIRS,7.6,0.5085553997194949,0.1662547742080431,30,grassland,sampled,2,low_density,natural,other_natural,0.76,A2_GRASSLAND_NATURAL,rule_based_v1.0
VIIRS_NOAA20_SP,8.79164,77.92057,,337.28,0.58,0.52,2024-08-06,736,NOAA-20,VIIRS,n,2.0,,298.48,8.91,D,0,True,True,341,2024,8,southwest_monsoon,day,337.28,bright_ti4,VIIRS,8.91,0.5831697054698454,0.1956863626151427,40,cropland,sampled,4,moderate_density,natural,agricultural_burning,0.78,A2_CROPLAND_NATURAL,rule_based_v1.0
VIIRS_NOAA20_SP,8.7964,77.91972,,336.66,0.58,0.52,2024-08-06,736,NOAA-20,VIIRS,n,2.0,,298.7,7.98,D,0,True,True,342,2024,8,southwest_monsoon,day,336.66,bright_ti4,VIIRS,7.98,0.5744740532959332,0.1747921815322399,20,grassland,sampled,4,moderate_density,natural,other_natural,0.6,A2_GRASSLAND_NATURAL,rule_based_v1.0
VIIRS_SNPP_SP,8.73146,78.10392,331.5,,0.52,0.5,2024-08-07,834,SNPP,VIIRS,n,2.0,292.16,,3.11,D,0,True,True,343,2024,8,southwest_monsoon,day,331.5,brightness,VIIRS,3.11,0.5021037868162693,0.0653785666142439,20,grassland,sampled,7,moderate_density,natural,other_natural,0.6,A2_GRASSLAND_NATURAL,rule_based_v1.0
VIIRS_SNPP_SP,8.85004,77.98792,341.75,,0.44,0.38,2024-08-09,756,SNPP,VIIRS,l,2.0,303.4,,12.62,D,0,True,True,344,2024,8,southwest_monsoon,day,341.75,brightness,VIIRS,12.62,0.6458625525946705,0.2790384183329589,40,cropland,sampled,6,moderate_density,natural,agricultural_burning,0.78,A2_CROPLAND_NATURAL,rule_based_v1.0
VIIRS_NOAA20_SP,8.71427,78.10085,,336.26,0.49,0.4,2024-08-09,820,NOAA-20,VIIRS,n,2.0,,295.79,3.25,D,0,True,True,345,2024,8,southwest_monsoon,day,336.26,bright_ti4,VIIRS,3.25,0.5688639551192145,0.0685239272073691,10,forest,sampled,6,moderate_density,natural,forest_fire,0.62,A2_FOREST_NATURAL,rule_based_v1.0
VIIRS_NOAA20_SP,8.83425,78.10335,,336.07,0.49,0.4,2024-08-09,820,NOAA-20,VIIRS,n,2.0,,298.82,4.07,D,0,True,True,346,2024,8,southwest_monsoon,day,336.07,bright_ti4,VIIRS,4.07,0.5661991584852735,0.0869467535385306,40,cropland,sampled,1,low_density,natural,agricultural_burning,0.78,A2_CROPLAND_NATURAL,rule_based_v1.0
VIIRS_NOAA20_SP,8.86851,78.15755,,332.49,0.49,0.41,2024-08-09,820,NOAA-20,VIIRS,n,2.0,,298.96,3.16,D,0,True,True,347,2024,8,southwest_monsoon,day,332.49,bright_ti4,VIIRS,3.16,0.5159887798036468,0.0665019096832172,20,grassland,sampled,73,strong_cluster,natural,other_natural,0.6,A2_GRASSLAND_NATURAL,rule_based_v1.0
VIIRS_SNPP_SP,8.82023,78.03574,333.41,,0.55,0.51,2024-08-10,737,SNPP,VIIRS,n,2.0,290.55,,6.96,D,0,True,True,348,2024,8,southwest_monsoon,day,333.41,brightness,VIIRS,6.96,0.5288920056100986,0.1518759829251853,30,grassland,sampled,18,strong_cluster,natural,other_natural,0.6,A2_GRASSLAND_NATURAL,rule_based_v1.0
VIIRS_SNPP_SP,8.82113,78.04078,331.2,,0.55,0.51,2024-08-10,737,SNPP,VIIRS,n,2.0,292.75,,6.96,D,0,True,True,349,2024,8,southwest_monsoon,day,331.2,brightness,VIIRS,6.96,0.4978962131837306,0.1518759829251853,40,cropland,sampled,16,strong_cluster,natural,agricultural_burning,0.82,A2_CROPLAND_NATURAL,rule_based_v1.0
VIIRS_SNPP_SP,8.82323,78.03284,341.22,,0.55,0.51,2024-08-10,737,SNPP,VIIRS,n,2.0,291.47,,8.02,D,0,True,True,350,2024,8,southwest_monsoon,day,341.22,brightness,VIIRS,8.02,0.6384291725105193,0.1756908559874185,20,grassland,sampled,15,strong_cluster,natural,other_natural,0.6,A2_GRASSLAND_NATURAL,rule_based_v1.0
VIIRS_SNPP_SP,8.8241,78.0379,334.31,,0.55,0.51,2024-08-10,737,SNPP,VIIRS,n,2.0,290.96,,8.02,D,0,True,True,351,2024,8,southwest_monsoon,day,334.31,brightness,VIIRS,8.02,0.541514726507714,0.1756908559874185,30,grassland,sampled,17,strong_cluster,natural,other_natural,0.6,A2_GRASSLAND_NATURAL,rule_based_v1.0
VIIRS_SNPP_SP,8.82495,78.03495,367,,0.55,0.51,2024-08-10,737,SNPP,VIIRS,h,2.0,293.41,,6.96,D,0,True,True,352,2024,8,southwest_monsoon,day,367.0,brightness,VIIRS,6.96,1.0,0.1518759829251853,30,grassland,sampled,17,strong_cluster,natural,other_natural,0.6,A2_GRASSLAND_NATURAL,rule_based_v1.0
VIIRS_SNPP_SP,8.82585,78.03999,332.86,,0.55,0.51,2024-08-10,737,SNPP,VIIRS,n,2.0,290.01,,6.96,D,0,True,True,353,2024,8,southwest_monsoon,day,332.86,brightness,VIIRS,6.96,0.5211781206171111,0.1518759829251853,30,grassland,sampled,17,strong_cluster,natural,other_natural,0.6,A2_GRASSLAND_NATURAL,rule_based_v1.0
VIIRS_SNPP_SP,8.82795,78.03203,335.35,,0.55,0.51,2024-08-10,737,SNPP,VIIRS,n,2.0,291.93,,9.56,D,0,True,True,354,2024,8,southwest_monsoon,day,335.35,brightness,VIIRS,9.56,0.5561009817671814,0.2102898225117951,30,grassland,sampled,14,strong_cluster,natural,other_natural,0.6,A2_GRASSLAND_NATURAL,rule_based_v1.0
VIIRS_SNPP_SP,8.82882,78.03709,345.08,,0.55,0.51,2024-08-10,737,SNPP,VIIRS,n,2.0,290.62,,9.56,D,0,True,True,355,2024,8,southwest_monsoon,day,345.08,brightness,VIIRS,9.56,0.6925666199158483,0.2102898225117951,20,grassland,sampled,18,strong_cluster,natural,other_natural,0.6,A2_GRASSLAND_NATURAL,rule_based_v1.0
VIIRS_SNPP_SP,8.82967,78.03415,348.34,,0.55,0.51,2024-08-10,737,SNPP,VIIRS,n,2.0,289.27,,8.86,D,0,True,True,356,2024,8,southwest_monsoon,day,348.34,brightness,VIIRS,8.86,0.7382889200561007,0.1945630195461694,20,grassland,sampled,12,strong_cluster,natural,other_natural,0.6,A2_GRASSLAND_NATURAL,rule_based_v1.0
VIIRS_NOAA20_SP,8.82352,78.04247,,344.32,0.39,0.37,2024-08-10,802,NOAA-20,VIIRS,l,2.0,,299.41,17.45,D,0,True,True,357,2024,8,southwest_monsoon,day,344.32,bright_ti4,VIIRS,17.45,0.6819074333800841,0.3875533587957762,20,grassland,sampled,14,strong_cluster,natural,other_natural,0.6,A2_GRASSLAND_NATURAL,rule_based_v1.0
VIIRS_NOAA20_SP,8.8756,78.13615,,336.73,0.39,0.36,2024-08-10,802,NOAA-20,VIIRS,l,2.0,,299.89,6.43,D,0,True,True,358,2024,8,southwest_monsoon,day,336.73,bright_ti4,VIIRS,6.43,0.5754558204768586,0.1399685463940687,40,cropland,sampled,5,moderate_density,natural,agricultural_burning,0.78,A2_CROPLAND_NATURAL,rule_based_v1.0
VIIRS_SNPP_SP,8.93112,77.95772,336.73,,0.58,0.7,2024-08-11,719,SNPP,VIIRS,n,2.0,283.62,,8.87,D,0,True,True,359,2024,8,southwest_monsoon,day,336.73,brightness,VIIRS,8.87,0.5754558204768586,0.194787688159964,20,grassland,sampled,4,moderate_density,natural,other_natural,0.6,A2_GRASSLAND_NATURAL,rule_based_v1.0
VIIRS_SNPP_SP,8.93174,77.96087,329.9,,0.58,0.7,2024-08-11,719,SNPP,VIIRS,n,2.0,283.29,,9.0,D,0,True,True,360,2024,8,southwest_monsoon,day,329.9,brightness,VIIRS,9.0,0.4796633941093967,0.1977083801392945,20,grassland,sampled,4,moderate_density,natural,other_natural,0.6,A2_GRASSLAND_NATURAL,rule_based_v1.0
VIIRS_NOAA20_SP,8.81162,78.07884,,347.29,0.44,0.46,2024-08-11,743,NOAA-20,VIIRS,n,2.0,,289.25,4.15,D,0,True,True,361,2024,8,southwest_monsoon,day,347.29,bright_ti4,VIIRS,4.15,0.7235624123422163,0.0887441024488879,60,bare,sampled,3,moderate_density,natural,other_natural,0.45,A2_AMBIGUOUS_BUILT_OR_BARE_FALLBACK,rule_based_v1.0
MODIS_SP,8.7825,78.1864,314.7,,1.0,1.0,2024-08-12,900,Aqua,MODIS,62,61.03,299.4,,8.0,D,3,True,True,362,2024,8,southwest_monsoon,day,314.7,brightness,MODIS,8.0,0.11889035667107,0.0125944584382871,80,unknown,unmapped_code,4,moderate_density,natural,other_natural,0.35,A2_UNKNOWN_LAND_COVER_FALLBACK,rule_based_v1.0
VIIRS_SNPP_SP,8.44746,77.97487,335.22,,0.45,0.47,2024-08-15,744,SNPP,VIIRS,n,2.0,293.27,,5.08,D,0,True,True,363,2024,8,southwest_monsoon,day,335.22,brightness,VIIRS,5.08,0.554277699859748,0.1096382835317906,10,forest,sampled,2,low_density,natural,forest_fire,0.8,A2_FOREST_NATURAL,rule_based_v1.0
VIIRS_SNPP_SP,8.55565,78.10876,343.25,,0.41,0.45,2024-08-18,828,SNPP,VIIRS,n,2.0,287.64,,5.63,D,0,True,True,364,2024,8,southwest_monsoon,day,343.25,brightness,VIIRS,5.63,0.6669004207573633,0.1219950572904965,20,grassland,sampled,5,moderate_density,natural,other_natural,0.6,A2_GRASSLAND_NATURAL,rule_based_v1.0
VIIRS_NOAA20_SP,8.55458,78.10947,,340.68,0.54,0.68,2024-08-18,852,NOAA-20,VIIRS,n,2.0,,287.83,6.58,D,0,True,True,365,2024,8,southwest_monsoon,day,340.68,bright_ti4,VIIRS,6.58,0.6308555399719497,0.1433385756009885,40,cropland,sampled,6,moderate_density,natural,agricultural_burning,0.78,A2_CROPLAND_NATURAL,rule_based_v1.0
MODIS_SP,8.8626,78.1572,321.2,,1.0,1.0,2024-08-20,439,Terra,MODIS,43,61.03,298.1,,7.1,D,0,True,True,366,2024,8,southwest_monsoon,day,321.2,brightness,MODIS,7.1,0.2047556142668428,0.0069269521410579,20,grassland,sampled,65,strong_cluster,natural,other_natural,0.6,A2_GRASSLAND_NATURAL,rule_based_v1.0
VIIRS_SNPP_SP,8.71708,78.04807,333.11,,0.52,0.42,2024-08-20,750,SNPP,VIIRS,n,2.0,295.41,,3.77,D,0,True,True,367,2024,8,southwest_monsoon,day,333.11,brightness,VIIRS,3.77,0.5246844319775599,0.080206695124691,20,grassland,sampled,1,low_density,natural,other_natural,0.76,A2_GRASSLAND_NATURAL,rule_based_v1.0
VIIRS_SNPP_SP,8.86626,78.15595,331.79,,0.52,0.41,2024-08-20,750,SNPP,VIIRS,n,2.0,295.57,,4.84,D,0,True,True,368,2024,8,southwest_monsoon,day,331.79,brightness,VIIRS,4.84,0.5061711079943902,0.1042462368007189,20,grassland,sampled,72,strong_cluster,natural,other_natural,0.6,A2_GRASSLAND_NATURAL,rule_based_v1.0
VIIRS_NOAA20_SP,8.86763,78.15556,,339.95,0.42,0.38,2024-08-20,814,NOAA-20,VIIRS,n,2.0,,297.71,6.52,D,0,True,True,369,2024,8,southwest_monsoon,day,339.95,bright_ti4,VIIRS,6.52,0.6206171107994389,0.1419905639182206,30,grassland,sampled,73,strong_cluster,natural,other_natural,0.6,A2_GRASSLAND_NATURAL,rule_based_v1.0
VIIRS_SNPP_SP,8.69298,78.04221,340.11,,0.42,0.38,2024-08-24,815,SNPP,VIIRS,n,2.0,301.94,,5.74,D,0,True,True,370,2024,8,southwest_monsoon,day,340.11,brightness,VIIRS,5.74,0.6228611500701264,0.1244664120422377,10,forest,sampled,1,low_density,natural,forest_fire,0.8,A2_FOREST_NATURAL,rule_based_v1.0
VIIRS_SNPP_SP,8.74916,78.09986,339.43,,0.42,0.38,2024-08-24,815,SNPP,VIIRS,n,2.0,293.67,,5.24,D,0,True,True,371,2024,8,southwest_monsoon,day,339.43,brightness,VIIRS,5.24,0.6133239831697056,0.113232981352505,40,cropland,sampled,4,moderate_density,natural,agricultural_burning,0.78,A2_CROPLAND_NATURAL,rule_based_v1.0
VIIRS_SNPP_SP,8.9276,78.16771,339.56,,0.42,0.38,2024-08-24,815,SNPP,VIIRS,n,2.0,295.74,,3.47,D,0,True,True,372,2024,8,southwest_monsoon,day,339.56,brightness,VIIRS,3.47,0.6151472650771389,0.0734666367108515,10,forest,sampled,4,moderate_density,natural,forest_fire,0.62,A2_FOREST_NATURAL,rule_based_v1.0
VIIRS_NOAA20_SP,8.85356,77.93049,,333.51,0.48,0.4,2024-08-25,820,NOAA-20,VIIRS,n,2.0,,299.43,1.68,D,0,True,True,373,2024,8,southwest_monsoon,day,333.51,bright_ti4,VIIRS,1.68,0.5302945301542776,0.0332509548416086,40,cropland,sampled,6,moderate_density,natural,agricultural_burning,0.78,A2_CROPLAND_NATURAL,rule_based_v1.0
VIIRS_NOAA20_SP,8.85429,77.93401,,334.49,0.48,0.4,2024-08-25,820,NOAA-20,VIIRS,n,2.0,,299.29,2.37,D,0,True,True,374,2024,8,southwest_monsoon,day,334.49,bright_ti4,VIIRS,2.37,0.5440392706872372,0.0487530891934396,20,grassland,sampled,5,moderate_density,natural,other_natural,0.6,A2_GRASSLAND_NATURAL,rule_based_v1.0
VIIRS_NOAA20_SP,8.89182,77.89893,,332.85,0.46,0.47,2024-08-27,742,NOAA-20,VIIRS,n,2.0,,295.79,1.98,D,0,True,True,375,2024,8,southwest_monsoon,day,332.85,bright_ti4,VIIRS,1.98,0.5210378681626933,0.0399910132554482,40,cropland,sampled,1,low_density,natural,agricultural_burning,0.78,A2_CROPLAND_NATURAL,rule_based_v1.0
VIIRS_SNPP_SP,8.86865,78.12007,298.54,,0.39,0.36,2024-08-31,2020,SNPP,VIIRS,n,2.0,272.77,,0.63,N,0,True,True,376,2024,8,southwest_monsoon,night,298.54,brightness,VIIRS,0.63,0.0398316970546989,0.00966075039317,20,grassland,sampled,6,moderate_density,natural,other_natural,0.6,A2_GRASSLAND_NATURAL,rule_based_v1.0
VIIRS_NOAA20_SP,8.72503,77.96919,,332.61,0.38,0.58,2024-09-02,730,NOAA-20,VIIRS,n,2.0,,294.94,2.82,D,0,True,True,377,2024,9,southwest_monsoon,day,332.61,bright_ti4,VIIRS,2.82,0.5176718092566622,0.058863176814199,30,grassland,sampled,3,moderate_density,natural,other_natural,0.6,A2_GRASSLAND_NATURAL,rule_based_v1.0
VIIRS_NOAA20_SP,8.76574,77.961,,336.35,0.37,0.58,2024-09-02,730,NOAA-20,VIIRS,n,2.0,,293.85,2.57,D,0,True,True,378,2024,9,southwest_monsoon,day,336.35,bright_ti4,VIIRS,2.57,0.5701262272089765,0.0532464614693327,30,grassland,sampled,7,moderate_density,natural,other_natural,0.6,A2_GRASSLAND_NATURAL,rule_based_v1.0
VIIRS_SNPP_SP,8.59867,77.8938,335.01,,0.41,0.6,2024-09-02,846,SNPP,VIIRS,n,2.0,292.69,,2.8,D,0,True,True,379,2024,9,southwest_monsoon,day,335.01,brightness,VIIRS,2.8,0.5513323983169705,0.0584138395866097,50,built_up,sampled,2,low_density,natural,other_natural,0.45,A2_AMBIGUOUS_BUILT_OR_BARE_FALLBACK,rule_based_v1.0
VIIRS_SNPP_SP,8.59041,78.13144,336.84,,0.39,0.36,2024-09-04,809,SNPP,VIIRS,n,2.0,304.85,,2.21,D,0,True,True,380,2024,9,southwest_monsoon,day,336.84,brightness,VIIRS,2.21,0.5769985974754556,0.0451583913727252,20,grassland,sampled,8,moderate_density,natural,other_natural,0.6,A2_GRASSLAND_NATURAL,rule_based_v1.0
VIIRS_SNPP_SP,8.60209,78.05098,339.29,,0.39,0.36,2024-09-04,809,SNPP,VIIRS,n,2.0,303.61,,5.63,D,0,True,True,381,2024,9,southwest_monsoon,day,339.29,brightness,VIIRS,5.63,0.6113604488078545,0.1219950572904965,10,forest,sampled,1,low_density,natural,forest_fire,0.8,A2_FOREST_NATURAL,rule_based_v1.0
VIIRS_SNPP_SP,8.88998,78.07737,338.53,,0.39,0.36,2024-09-04,809,SNPP,VIIRS,n,2.0,299.02,,5.04,D,0,True,True,382,2024,9,southwest_monsoon,day,338.53,brightness,VIIRS,5.04,0.6007012622720894,0.108739609076612,30,grassland,sampled,4,moderate_density,natural,other_natural,0.6,A2_GRASSLAND_NATURAL,rule_based_v1.0
VIIRS_NOAA20_SP,8.54636,78.10797,,340.35,0.5,0.49,2024-09-04,832,NOAA-20,VIIRS,n,2.0,,298.03,3.22,D,0,True,True,383,2024,9,southwest_monsoon,day,340.35,bright_ti4,VIIRS,3.22,0.6262272089761575,0.0678499213659851,30,grassland,sampled,2,low_density,natural,other_natural,0.76,A2_GRASSLAND_NATURAL,rule_based_v1.0
VIIRS_SNPP_SP,8.51961,77.93031,333.41,,0.54,0.42,2024-09-05,750,SNPP,VIIRS,n,2.0,302.85,,2.4,D,0,True,True,384,2024,9,southwest_monsoon,day,333.41,brightness,VIIRS,2.4,0.5288920056100986,0.0494270950348236,10,forest,sampled,4,moderate_density,natural,forest_fire,0.62,A2_FOREST_NATURAL,rule_based_v1.0
VIIRS_SNPP_SP,8.57577,78.00579,348.73,,0.53,0.42,2024-09-05,750,SNPP,VIIRS,n,2.0,303.39,,9.34,D,0,True,True,385,2024,9,southwest_monsoon,day,348.73,brightness,VIIRS,9.34,0.7437587657784014,0.2053471130083127,10,forest,sampled,3,moderate_density,natural,forest_fire,0.62,A2_FOREST_NATURAL,rule_based_v1.0
VIIRS_SNPP_SP,8.80347,77.97801,335.86,,0.53,0.42,2024-09-05,750,SNPP,VIIRS,n,2.0,302.72,,2.99,D,0,True,True,386,2024,9,southwest_monsoon,day,335.86,brightness,VIIRS,2.99,0.5632538569424967,0.0626825432487081,20,grassland,sampled,2,low_density,natural,other_natural,0.76,A2_GRASSLAND_NATURAL,rule_based_v1.0
VIIRS_SNPP_SP,8.83937,77.96922,338.86,,0.53,0.42,2024-09-05,750,SNPP,VIIRS,n,2.0,304.81,,4.39,D,0,True,True,387,2024,9,southwest_monsoon,day,338.86,brightness,VIIRS,4.39,0.6053295932678825,0.0941361491799595,20,grassland,sampled,3,moderate_density,natural,other_natural,0.6,A2_GRASSLAND_NATURAL,rule_based_v1.0
VIIRS_SNPP_SP,8.86653,78.15492,336.8,,0.52,0.41,2024-09-05,750,SNPP,VIIRS,n,2.0,298.11,,5.55,D,0,True,True,388,2024,9,southwest_monsoon,day,336.8,brightness,VIIRS,5.55,0.5764375876577842,0.1201977083801393,10,forest,sampled,72,strong_cluster,natural,forest_fire,0.62,A2_FOREST_NATURAL,rule_based_v1.0
VIIRS_SNPP_SP,8.86715,78.15303,332.94,,0.52,0.41,2024-09-05,750,SNPP,VIIRS,n,2.0,297.71,,4.62,D,0,True,True,389,2024,9,southwest_monsoon,day,332.94,brightness,VIIRS,4.62,0.5223001402524544,0.0993035272972365,20,grassland,sampled,68,strong_cluster,natural,other_natural,0.6,A2_GRASSLAND_NATURAL,rule_based_v1.0
VIIRS_SNPP_SP,8.8679,78.15773,339.54,,0.52,0.41,2024-09-05,750,SNPP,VIIRS,n,2.0,298.52,,4.62,D,0,True,True,390,2024,9,southwest_monsoon,day,339.54,brightness,VIIRS,4.62,0.6148667601683033,0.0993035272972365,20,grassland,sampled,73,strong_cluster,natural,other_natural,0.6,A2_GRASSLAND_NATURAL,rule_based_v1.0
VIIRS_SNPP_SP,8.87033,78.15429,340.99,,0.52,0.41,2024-09-05,750,SNPP,VIIRS,n,2.0,296.49,,6.04,D,0,True,True,391,2024,9,southwest_monsoon,day,340.99,brightness,VIIRS,6.04,0.6352033660589063,0.1312064704560772,20,grassland,sampled,74,strong_cluster,natural,other_natural,0.6,A2_GRASSLAND_NATURAL,rule_based_v1.0
VIIRS_NOAA20_SP,8.52023,77.92903,,338.75,0.41,0.37,2024-09-05,814,NOAA-20,VIIRS,n,2.0,,308.04,4.85,D,0,True,True,392,2024,9,southwest_monsoon,day,338.75,bright_ti4,VIIRS,4.85,0.6037868162692848,0.1044709054145135,30,grassland,sampled,4,moderate_density,natural,other_natural,0.6,A2_GRASSLAND_NATURAL,rule_based_v1.0
VIIRS_NOAA20_SP,8.57293,78.00443,,346.25,0.41,0.37,2024-09-05,814,NOAA-20,VIIRS,n,2.0,,308.81,4.22,D,0,True,True,393,2024,9,southwest_monsoon,day,346.25,bright_ti4,VIIRS,4.22,0.708976157082749,0.0903167827454504,20,grassland,sampled,3,moderate_density,natural,other_natural,0.6,A2_GRASSLAND_NATURAL,rule_based_v1.0
VIIRS_NOAA20_SP,8.57347,78.00814,,338.78,0.41,0.37,2024-09-05,814,NOAA-20,VIIRS,n,2.0,,307.69,4.22,D,0,True,True,394,2024,9,southwest_monsoon,day,338.78,bright_ti4,VIIRS,4.22,0.6042075736325383,0.0903167827454504,10,forest,sampled,3,moderate_density,natural,forest_fire,0.62,A2_FOREST_NATURAL,rule_based_v1.0
VIIRS_NOAA20_SP,8.78249,78.12166,,341.35,0.42,0.37,2024-09-05,814,NOAA-20,VIIRS,n,2.0,,306.16,4.88,D,3,True,True,395,2024,9,southwest_monsoon,day,341.35,bright_ti4,VIIRS,4.88,0.6402524544179526,0.1051449112558975,20,grassland,sampled,1,low_density,natural,other_natural,0.76,A2_GRASSLAND_NATURAL,rule_based_v1.0
VIIRS_NOAA20_SP,8.868,78.15527,,340.84,0.42,0.37,2024-09-05,814,NOAA-20,VIIRS,n,2.0,,301.1,15.36,D,0,True,True,396,2024,9,southwest_monsoon,day,340.84,bright_ti4,VIIRS,15.36,0.6330995792426365,0.3405976185126938,30,grassland,sampled,73,strong_cluster,natural,other_natural,0.6,A2_GRASSLAND_NATURAL,rule_based_v1.0
VIIRS_SNPP_SP,8.41917,78.04733,337.31,,0.5,0.49,2024-09-08,834,SNPP,VIIRS,n,2.0,272.07,,6.23,D,0,True,True,397,2024,9,southwest_monsoon,day,337.31,brightness,VIIRS,6.23,0.5835904628330997,0.1354751741181757,10,forest,sampled,4,moderate_density,natural,forest_fire,0.62,A2_FOREST_NATURAL,rule_based_v1.0
VIIRS_SNPP_SP,8.41974,78.04519,340.61,,0.5,0.49,2024-09-08,834,SNPP,VIIRS,n,2.0,272.23,,6.45,D,0,True,True,398,2024,9,southwest_monsoon,day,340.61,brightness,VIIRS,6.45,0.6298737727910241,0.140417883621658,10,forest,sampled,4,moderate_density,natural,forest_fire,0.62,A2_FOREST_NATURAL,rule_based_v1.0
VIIRS_SNPP_SP,8.67968,78.08089,346.43,,0.42,0.38,2024-09-09,815,SNPP,VIIRS,n,2.0,297.81,,11.35,D,0,True,True,399,2024,9,southwest_monsoon,day,346.43,brightness,VIIRS,11.35,0.7115007012622723,0.2505055043810379,40,cropland,sampled,6,moderate_density,natural,agricultural_burning,0.78,A2_CROPLAND_NATURAL,rule_based_v1.0
VIIRS_SNPP_SP,8.74268,78.14935,331.11,,0.42,0.38,2024-09-09,815,SNPP,VIIRS,n,2.0,299.69,,3.96,D,0,True,True,400,2024,9,southwest_monsoon,day,331.11,brightness,VIIRS,3.96,0.4966339410939694,0.0844753987867894,90,grassland,sampled,3,moderate_density,natural,other_natural,0.6,A2_GRASSLAND_NATURAL,rule_based_v1.0
VIIRS_SNPP_SP,8.77073,77.96306,346.74,,0.41,0.37,2024-09-09,815,SNPP,VIIRS,n,2.0,301.43,,9.79,D,0,True,True,401,2024,9,southwest_monsoon,day,346.74,brightness,VIIRS,9.79,0.7158485273492288,0.2154572006290721,40,cropland,sampled,11,strong_cluster,natural,agricultural_burning,0.82,A2_CROPLAND_NATURAL,rule_based_v1.0
VIIRS_NOAA20_SP,8.93889,78.12753,,338.03,0.49,0.4,2024-09-10,820,NOAA-20,VIIRS,n,2.0,,303.73,9.31,D,0,True,True,402,2024,9,southwest_monsoon,day,338.03,bright_ti4,VIIRS,9.31,0.5936886395511918,0.2046731071669288,40,cropland,sampled,3,moderate_density,natural,agricultural_burning,0.78,A2_CROPLAND_NATURAL,rule_based_v1.0
VIIRS_SNPP_SP,8.58176,78.02606,333.6,,0.32,0.55,2024-09-13,840,SNPP,VIIRS,n,2.0,294.36,,1.36,D,0,True,True,403,2024,9,southwest_monsoon,day,333.6,brightness,VIIRS,1.36,0.5315568022440397,0.0260615592001797,20,grassland,sampled,2,low_density,natural,other_natural,0.76,A2_GRASSLAND_NATURAL,rule_based_v1.0
VIIRS_SNPP_SP,8.73481,77.95898,345.88,,0.32,0.55,2024-09-13,840,SNPP,VIIRS,n,2.0,298.51,,5.47,D,0,True,True,404,2024,9,southwest_monsoon,day,345.88,brightness,VIIRS,5.47,0.7037868162692847,0.118400359469782,30,grassland,sampled,11,strong_cluster,natural,other_natural,0.6,A2_GRASSLAND_NATURAL,rule_based_v1.0
VIIRS_SNPP_SP,8.73519,77.96193,367,,0.32,0.55,2024-09-13,840,SNPP,VIIRS,h,2.0,299.76,,5.47,D,0,True,True,405,2024,9,southwest_monsoon,day,367.0,brightness,VIIRS,5.47,1.0,0.118400359469782,30,grassland,sampled,11,strong_cluster,natural,other_natural,0.6,A2_GRASSLAND_NATURAL,rule_based_v1.0
VIIRS_SNPP_SP,8.73557,77.9649,367,,0.32,0.55,2024-09-13,840,SNPP,VIIRS,h,2.0,299.3,,9.65,D,0,True,True,406,2024,9,southwest_monsoon,day,367.0,brightness,VIIRS,9.65,1.0,0.212311840035947,40,cropland,sampled,9,moderate_density,natural,agricultural_burning,0.78,A2_CROPLAND_NATURAL,rule_based_v1.0
VIIRS_SNPP_SP,8.73502,78.10223,304.57,,0.46,0.63,2024-09-13,1935,SNPP,VIIRS,n,2.0,286.24,,1.05,N,0,True,True,407,2024,9,southwest_monsoon,night,304.57,brightness,VIIRS,1.05,0.1244039270687237,0.0190968321725455,10,forest,sampled,7,moderate_density,natural,forest_fire,0.62,A2_FOREST_NATURAL,rule_based_v1.0
VIIRS_NOAA20_SP,8.73771,78.10518,,311.14,0.54,0.42,2024-09-13,1959,NOAA-20,VIIRS,n,2.0,,291.4,2.77,N,0,True,True,408,2024,9,southwest_monsoon,night,311.14,bright_ti4,VIIRS,2.77,0.2165497896213183,0.0577398337452257,10,forest,sampled,7,moderate_density,natural,forest_fire,0.62,A2_FOREST_NATURAL,rule_based_v1.0
VIIRS_SNPP_SP,8.57617,77.977,338.14,,0.48,0.4,2024-09-14,821,SNPP,VIIRS,n,2.0,302.43,,4.15,D,0,True,True,409,2024,9,southwest_monsoon,day,338.14,brightness,VIIRS,4.15,0.5952314165497895,0.0887441024488879,10,forest,sampled,6,moderate_density,natural,forest_fire,0.62,A2_FOREST_NATURAL,rule_based_v1.0
VIIRS_SNPP_SP,8.78657,77.99346,341.59,,0.48,0.4,2024-09-14,821,SNPP,VIIRS,n,2.0,302.92,,4.76,D,0,True,True,410,2024,9,southwest_monsoon,day,341.59,brightness,VIIRS,4.76,0.6436185133239829,0.1024488878903617,40,cropland,sampled,9,moderate_density,natural,agricultural_burning,0.78,A2_CROPLAND_NATURAL,rule_based_v1.0
VIIRS_SNPP_SP,8.78719,77.99788,339.68,,0.48,0.4,2024-09-14,821,SNPP,VIIRS,n,2.0,302.65,,4.76,D,0,True,True,411,2024,9,southwest_monsoon,day,339.68,brightness,VIIRS,4.76,0.6168302945301545,0.1024488878903617,20,grassland,sampled,8,moderate_density,natural,other_natural,0.6,A2_GRASSLAND_NATURAL,rule_based_v1.0
VIIRS_NOAA20_SP,8.58511,78.04212,,331.78,0.41,0.6,2024-09-14,845,NOAA-20,VIIRS,n,2.0,,292.74,1.63,D,0,True,True,412,2024,9,southwest_monsoon,day,331.78,bright_ti4,VIIRS,1.63,0.5060308555399716,0.0321276117726353,10,forest,sampled,1,low_density,natural,forest_fire,0.8,A2_FOREST_NATURAL,rule_based_v1.0
VIIRS_SNPP_SP,8.73423,78.1304,338.97,,0.39,0.36,2024-09-15,802,SNPP,VIIRS,l,2.0,303.48,,4.8,D,3,True,True,413,2024,9,southwest_monsoon,day,338.97,brightness,VIIRS,4.8,0.6068723702664801,0.1033475623455403,80,unknown,unmapped_code,3,moderate_density,natural,other_natural,0.35,A2_UNKNOWN_LAND_COVER_FALLBACK,rule_based_v1.0
VIIRS_NOAA20_SP,8.73344,78.13209,,339.73,0.4,0.44,2024-09-15,826,NOAA-20,VIIRS,n,2.0,,303.3,3.14,D,3,True,True,414,2024,9,southwest_monsoon,day,339.73,bright_ti4,VIIRS,3.14,0.6175315568022444,0.0660525724556279,60,bare,sampled,3,moderate_density,natural,other_natural,0.45,A2_AMBIGUOUS_BUILT_OR_BARE_FALLBACK,rule_based_v1.0
VIIRS_NOAA20_SP,8.73395,78.13568,,335.25,0.4,0.44,2024-09-15,826,NOAA-20,VIIRS,n,2.0,,302.63,3.14,D,0,True,True,415,2024,9,southwest_monsoon,day,335.25,bright_ti4,VIIRS,3.14,0.5546984572230015,0.0660525724556279,60,bare,sampled,3,moderate_density,natural,other_natural,0.45,A2_AMBIGUOUS_BUILT_OR_BARE_FALLBACK,rule_based_v1.0
VIIRS_NOAA20_SP,8.74308,78.14178,,346.15,0.4,0.44,2024-09-15,826,NOAA-20,VIIRS,n,2.0,,302.54,6.57,D,3,True,True,416,2024,9,southwest_monsoon,day,346.15,bright_ti4,VIIRS,6.57,0.7075736325385692,0.1431139069871939,20,grassland,sampled,3,moderate_density,natural,other_natural,0.6,A2_GRASSLAND_NATURAL,rule_based_v1.0
VIIRS_NOAA20_SP,8.74359,78.14539,,334.29,0.4,0.44,2024-09-15,826,NOAA-20,VIIRS,n,2.0,,301.55,5.2,D,3,True,True,417,2024,9,southwest_monsoon,day,334.29,bright_ti4,VIIRS,5.2,0.5412342215988784,0.1123343068973264,10,forest,sampled,3,moderate_density,natural,forest_fire,0.62,A2_FOREST_NATURAL,rule_based_v1.0
VIIRS_NOAA20_SP,8.86576,78.15621,,336.37,0.4,0.44,2024-09-15,826,NOAA-20,VIIRS,n,2.0,,304.26,5.16,D,0,True,True,418,2024,9,southwest_monsoon,day,336.37,bright_ti4,VIIRS,5.16,0.5704067321178122,0.1114356324421478,20,grassland,sampled,72,strong_cluster,natural,other_natural,0.6,A2_GRASSLAND_NATURAL,rule_based_v1.0
VIIRS_NOAA20_SP,8.86588,78.15782,,335.87,0.4,0.44,2024-09-15,826,NOAA-20,VIIRS,n,2.0,,303.69,7.11,D,0,True,True,419,2024,9,southwest_monsoon,day,335.87,bright_ti4,VIIRS,7.11,0.5633941093969146,0.1552460121321051,20,grassland,sampled,73,strong_cluster,natural,other_natural,0.6,A2_GRASSLAND_NATURAL,rule_based_v1.0
VIIRS_SNPP_SP,8.70659,78.07846,340.59,,0.44,0.46,2024-09-16,743,SNPP,VIIRS,n,2.0,299.61,,4.28,D,0,True,True,420,2024,9,southwest_monsoon,day,340.59,brightness,VIIRS,4.28,0.6295932678821876,0.0916647944282183,10,forest,sampled,1,low_density,natural,forest_fire,0.8,A2_FOREST_NATURAL,rule_based_v1.0
VIIRS_SNPP_SP,8.72633,78.09158,342.55,,0.44,0.46,2024-09-16,743,SNPP,VIIRS,n,2.0,302.26,,8.11,D,0,True,True,421,2024,9,southwest_monsoon,day,342.55,brightness,VIIRS,8.11,0.6570827489481068,0.1777128735115704,20,grassland,sampled,2,low_density,natural,other_natural,0.76,A2_GRASSLAND_NATURAL,rule_based_v1.0
VIIRS_SNPP_SP,8.93419,77.88697,335.07,,0.45,0.47,2024-09-16,743,SNPP,VIIRS,n,2.0,304.02,,2.6,D,0,True,True,422,2024,9,southwest_monsoon,day,335.07,brightness,VIIRS,2.6,0.5521739130434782,0.0539204673107166,50,built_up,sampled,1,low_density,natural,other_natural,0.45,A2_AMBIGUOUS_BUILT_OR_BARE_FALLBACK,rule_based_v1.0
VIIRS_NOAA20_SP,8.72628,78.09032,,344.76,0.38,0.36,2024-09-16,807,NOAA-20,VIIRS,n,2.0,,306.77,6.85,D,0,True,True,423,2024,9,southwest_monsoon,day,344.76,bright_ti4,VIIRS,6.85,0.688078541374474,0.1494046281734441,40,cropland,sampled,2,low_density,natural,agricultural_burning,0.78,A2_CROPLAND_NATURAL,rule_based_v1.0
VIIRS_SNPP_SP,8.67108,77.99337,308.5,,0.39,0.36,2024-09-16,2019,SNPP,VIIRS,n,2.0,296.02,,0.72,N,0,True,True,424,2024,9,southwest_monsoon,night,308.5,brightness,VIIRS,0.72,0.1795231416549791,0.0116827679173219,50,built_up,sampled,14,strong_cluster,industrial,,0.86,A2_DENSE_BUILT_OR_BARE_INDUSTRIAL,rule_based_v1.0
VIIRS_SNPP_SP,8.84741,78.12166,320.97,,0.39,0.36,2024-09-16,2019,SNPP,VIIRS,n,2.0,295.67,,1.58,N,0,True,True,425,2024,9,southwest_monsoon,night,320.97,brightness,VIIRS,1.58,0.354417952314166,0.0310042687036621,10,forest,sampled,11,strong_cluster,natural,forest_fire,0.62,A2_FOREST_NATURAL,rule_based_v1.0
VIIRS_NOAA20_SP,8.8452,78.12122,,306.29,0.5,0.49,2024-09-16,2043,NOAA-20,VIIRS,n,2.0,,293.51,0.53,N,0,True,True,426,2024,9,southwest_monsoon,night,306.29,bright_ti4,VIIRS,0.53,0.1485273492286119,0.0074140642552235,20,grassland,sampled,7,moderate_density,natural,other_natural,0.6,A2_GRASSLAND_NATURAL,rule_based_v1.0
VIIRS_NOAA20_SP,8.64133,77.9213,,334.85,0.56,0.43,2024-09-17,748,NOAA-20,VIIRS,l,2.0,,305.43,4.04,D,0,True,True,427,2024,9,southwest_monsoon,day,334.85,bright_ti4,VIIRS,4.04,0.5490883590462837,0.0862727476971467,40,cropland,sampled,1,low_density,natural,agricultural_burning,0.78,A2_CROPLAND_NATURAL,rule_based_v1.0
VIIRS_NOAA20_SP,8.54352,78.0809,,308.69,0.41,0.37,2024-09-17,2024,NOAA-20,VIIRS,n,2.0,,293.63,1.04,N,0,True,True,428,2024,9,southwest_monsoon,night,308.69,bright_ti4,VIIRS,1.04,0.1821879382889201,0.0188721635587508,40,cropland,sampled,8,moderate_density,natural,agricultural_burning,0.78,A2_CROPLAND_NATURAL,rule_based_v1.0
VIIRS_NOAA20_SP,8.5436,78.08038,,310.68,0.41,0.37,2024-09-17,2024,NOAA-20,VIIRS,n,2.0,,293.88,1.06,N,0,True,True,429,2024,9,southwest_monsoon,night,310.68,bright_ti4,VIIRS,1.06,0.2100981767180927,0.0193215007863401,40,cropland,sampled,8,moderate_density,natural,agricultural_burning,0.78,A2_CROPLAND_NATURAL,rule_based_v1.0
VIIRS_NOAA20_SP,8.57966,77.98188,,341.18,0.38,0.59,2024-09-18,729,NOAA-20,VIIRS,n,2.0,,302.56,3.23,D,0,True,True,430,2024,9,southwest_monsoon,day,341.18,bright_ti4,VIIRS,3.23,0.6378681626928473,0.0680745899797798,40,cropland,sampled,5,moderate_density,natural,agricultural_burning,0.78,A2_CROPLAND_NATURAL,rule_based_v1.0
VIIRS_NOAA20_SP,8.58112,77.97392,,341.65,0.38,0.59,2024-09-18,729,NOAA-20,VIIRS,n,2.0,,299.79,5.46,D,0,True,True,431,2024,9,southwest_monsoon,day,341.65,bright_ti4,VIIRS,5.46,0.6444600280504906,0.1181756908559874,40,cropland,sampled,6,moderate_density,natural,agricultural_burning,0.78,A2_CROPLAND_NATURAL,rule_based_v1.0
VIIRS_NOAA20_SP,8.58381,77.97408,,342.89,0.38,0.59,2024-09-18,729,NOAA-20,VIIRS,n,2.0,,300.18,3.38,D,0,True,True,432,2024,9,southwest_monsoon,day,342.89,bright_ti4,VIIRS,3.38,0.6618513323983168,0.0714446191866996,10,forest,sampled,5,moderate_density,natural,forest_fire,0.62,A2_FOREST_NATURAL,rule_based_v1.0
VIIRS_NOAA20_SP,8.59521,77.86837,,333.82,0.39,0.59,2024-09-18,729,NOAA-20,VIIRS,l,2.0,,305.77,2.83,D,0,True,True,433,2024,9,southwest_monsoon,day,333.82,bright_ti4,VIIRS,2.83,0.5346423562412342,0.0590878454279937,20,grassland,sampled,1,low_density,natural,other_natural,0.76,A2_GRASSLAND_NATURAL,rule_based_v1.0
VIIRS_NOAA20_SP,8.61473,78.12814,,330.07,0.37,0.58,2024-09-18,729,NOAA-20,VIIRS,n,2.0,,298.48,2.83,D,0,True,True,434,2024,9,southwest_monsoon,day,330.07,bright_ti4,VIIRS,2.83,0.4820476858345021,0.0590878454279937,60,bare,sampled,1,low_density,natural,other_natural,0.45,A2_AMBIGUOUS_BUILT_OR_BARE_FALLBACK,rule_based_v1.0
VIIRS_NOAA20_SP,8.79578,78.05513,,330.93,0.37,0.58,2024-09-18,729,NOAA-20,VIIRS,n,2.0,,300.9,1.08,D,0,True,True,435,2024,9,southwest_monsoon,day,330.93,bright_ti4,VIIRS,1.08,0.4941093969144461,0.0197708380139294,40,cropland,sampled,2,low_density,natural,agricultural_burning,0.78,A2_CROPLAND_NATURAL,rule_based_v1.0
VIIRS_NOAA20_SP,8.83558,77.88025,,337.56,0.38,0.59,2024-09-18,729,NOAA-20,VIIRS,n,2.0,,304.27,3.22,D,0,True,True,436,2024,9,southwest_monsoon,day,337.56,bright_ti4,VIIRS,3.22,0.5870967741935484,0.0678499213659851,30,grassland,sampled,1,low_density,natural,other_natural,0.76,A2_GRASSLAND_NATURAL,rule_based_v1.0
VIIRS_SNPP_SP,8.57937,78.05238,342.24,,0.41,0.61,2024-09-18,846,SNPP,VIIRS,n,2.0,300.78,,3.68,D,0,True,True,437,2024,9,southwest_monsoon,day,342.24,brightness,VIIRS,3.68,0.6527349228611502,0.0781846776005392,40,cropland,sampled,2,low_density,natural,agricultural_burning,0.78,A2_CROPLAND_NATURAL,rule_based_v1.0
VIIRS_SNPP_SP,8.58193,78.05078,338.11,,0.41,0.61,2024-09-18,846,SNPP,VIIRS,n,2.0,300.79,,2.78,D,0,True,True,438,2024,9,southwest_monsoon,day,338.11,brightness,VIIRS,2.78,0.594810659186536,0.0579645023590204,40,cropland,sampled,2,low_density,natural,agricultural_burning,0.78,A2_CROPLAND_NATURAL,rule_based_v1.0
VIIRS_NOAA20_SP,8.41894,78.03197,,305.53,0.45,0.39,2024-09-18,2005,NOAA-20,VIIRS,n,2.0,,293.97,0.55,N,0,True,True,439,2024,9,southwest_monsoon,night,305.53,bright_ti4,VIIRS,0.55,0.1378681626928468,0.0078634014828128,10,forest,sampled,1,low_density,natural,forest_fire,0.8,A2_FOREST_NATURAL,rule_based_v1.0
VIIRS_NOAA20_SP,8.84662,78.12108,,322.56,0.45,0.39,2024-09-18,2005,NOAA-20,VIIRS,n,2.0,,295.47,1.6,N,0,True,True,440,2024,9,southwest_monsoon,night,322.56,bright_ti4,VIIRS,1.6,0.37671809256662,0.0314536059312514,20,grassland,sampled,11,strong_cluster,natural,other_natural,0.6,A2_GRASSLAND_NATURAL,rule_based_v1.0
VIIRS_NOAA20_SP,8.86851,78.12029,,308.54,0.45,0.39,2024-09-18,2005,NOAA-20,VIIRS,n,2.0,,295.5,0.51,N,0,True,True,441,2024,9,southwest_monsoon,night,308.54,bright_ti4,VIIRS,0.51,0.1800841514726512,0.0069647270276342,10,forest,sampled,6,moderate_density,natural,forest_fire,0.62,A2_FOREST_NATURAL,rule_based_v1.0
VIIRS_SNPP_SP,8.53703,78.08012,348.7,,0.4,0.44,2024-09-19,827,SNPP,VIIRS,n,2.0,304.27,,6.13,D,0,True,True,442,2024,9,southwest_monsoon,day,348.7,brightness,VIIRS,6.13,0.7433380084151472,0.1332284879802291,10,forest,sampled,8,moderate_density,natural,forest_fire,0.62,A2_FOREST_NATURAL,rule_based_v1.0
VIIRS_SNPP_SP,8.5378,78.08002,351.24,,0.4,0.44,2024-09-19,827,SNPP,VIIRS,n,2.0,304.27,,6.06,D,0,True,True,443,2024,9,southwest_monsoon,day,351.24,brightness,VIIRS,6.06,0.7789621318373073,0.1316558076836665,10,forest,sampled,8,moderate_density,natural,forest_fire,0.62,A2_FOREST_NATURAL,rule_based_v1.0
VIIRS_SNPP_SP,8.86703,78.15637,336.91,,0.41,0.45,2024-09-19,827,SNPP,VIIRS,n,2.0,305.9,,11.39,D,0,True,True,444,2024,9,southwest_monsoon,day,336.91,brightness,VIIRS,11.39,0.5779803646563819,0.2514041788362166,20,grassland,sampled,73,strong_cluster,natural,other_natural,0.6,A2_GRASSLAND_NATURAL,rule_based_v1.0
VIIRS_NOAA20_SP,8.5376,78.08261,,347.53,0.52,0.67,2024-09-19,851,NOAA-20,VIIRS,n,2.0,,293.29,5.78,D,0,True,True,445,2024,9,southwest_monsoon,day,347.53,bright_ti4,VIIRS,5.78,0.7269284712482466,0.1253650864974163,30,grassland,sampled,8,moderate_density,natural,other_natural,0.6,A2_GRASSLAND_NATURAL,rule_based_v1.0
VIIRS_NOAA20_SP,8.53553,78.07834,,338.4,0.41,0.37,2024-09-21,813,NOAA-20,VIIRS,l,2.0,,310.31,5.46,D,0,True,True,446,2024,9,southwest_monsoon,day,338.4,bright_ti4,VIIRS,5.46,0.5988779803646561,0.1181756908559874,40,cropland,sampled,8,moderate_density,natural,agricultural_burning,0.78,A2_CROPLAND_NATURAL,rule_based_v1.0
VIIRS_NOAA20_SP,8.53631,78.07824,,340.52,0.41,0.37,2024-09-21,813,NOAA-20,VIIRS,l,2.0,,312.15,11.33,D,0,True,True,447,2024,9,southwest_monsoon,day,340.52,bright_ti4,VIIRS,11.33,0.628611500701262,0.2500561671534487,40,cropland,sampled,8,moderate_density,natural,agricultural_burning,0.78,A2_CROPLAND_NATURAL,rule_based_v1.0
VIIRS_NOAA20_SP,8.65961,77.8717,,335.4,0.4,0.37,2024-09-21,813,NOAA-20,VIIRS,l,2.0,,308.16,3.17,D,0,True,True,448,2024,9,southwest_monsoon,day,335.4,bright_ti4,VIIRS,3.17,0.5568022440392705,0.0667265782970119,40,cropland,sampled,2,low_density,natural,agricultural_burning,0.78,A2_CROPLAND_NATURAL,rule_based_v1.0
VIIRS_NOAA20_SP,8.82761,77.99272,,339.37,0.41,0.37,2024-09-21,813,NOAA-20,VIIRS,l,2.0,,310.86,3.95,D,0,True,True,449,2024,9,southwest_monsoon,day,339.37,bright_ti4,VIIRS,3.95,0.6124824684431979,0.0842507301729948,40,cropland,sampled,13,strong_cluster,natural,agricultural_burning,0.82,A2_CROPLAND_NATURAL,rule_based_v1.0
VIIRS_NOAA20_SP,8.87933,77.89047,,339.98,0.41,0.37,2024-09-21,813,NOAA-20,VIIRS,l,2.0,,312.74,6.03,D,0,True,True,450,2024,9,southwest_monsoon,day,339.98,bright_ti4,VIIRS,6.03,0.6210378681626931,0.1309818018422826,40,cropland,sampled,2,low_density,natural,agricultural_burning,0.78,A2_CROPLAND_NATURAL,rule_based_v1.0
VIIRS_NOAA20_SP,8.65366,78.00964,,309.9,0.4,0.37,2024-09-23,2011,NOAA-20,VIIRS,n,2.0,,293.86,1.67,N,0,True,True,451,2024,9,southwest_monsoon,night,309.9,bright_ti4,VIIRS,1.67,0.1991584852734921,0.0330262862278139,10,forest,sampled,1,low_density,natural,forest_fire,0.8,A2_FOREST_NATURAL,rule_based_v1.0
VIIRS_SNPP_SP,8.39782,78.04288,336.68,,0.5,0.49,2024-09-24,833,SNPP,VIIRS,n,2.0,287.56,,6.08,D,0,True,True,452,2024,9,southwest_monsoon,day,336.68,brightness,VIIRS,6.08,0.5747545582047687,0.1321051449112559,20,grassland,sampled,3,moderate_density,natural,other_natural,0.6,A2_GRASSLAND_NATURAL,rule_based_v1.0
MODIS_SP,8.4974,78.0658,330.6,,1.0,1.0,2024-09-28,432,Terra,MODIS,82,61.03,297.6,,17.3,D,0,True,True,453,2024,9,southwest_monsoon,day,330.6,brightness,MODIS,17.3,0.3289299867899609,0.0711586901763224,10,forest,sampled,3,moderate_density,natural,forest_fire,0.62,A2_FOREST_NATURAL,rule_based_v1.0
MODIS_SP,8.5062,78.067,337.7,,1.0,1.0,2024-09-28,432,Terra,MODIS,87,61.03,298.4,,26.9,D,0,True,True,454,2024,9,southwest_monsoon,day,337.7,brightness,MODIS,26.9,0.4227212681638045,0.1316120906801007,10,forest,sampled,7,moderate_density,natural,forest_fire,0.62,A2_FOREST_NATURAL,rule_based_v1.0
VIIRS_NOAA20_SP,8.50111,78.06461,,354.98,0.46,0.47,2024-09-28,741,NOAA-20,VIIRS,n,2.0,,295.88,12.14,D,0,True,True,455,2024,9,southwest_monsoon,day,354.98,bright_ti4,VIIRS,12.14,0.8314165497896217,0.2682543248708156,10,forest,sampled,3,moderate_density,natural,forest_fire,0.62,A2_FOREST_NATURAL,rule_based_v1.0
VIIRS_NOAA20_SP,8.56369,77.95153,,331.84,0.47,0.48,2024-09-28,741,NOAA-20,VIIRS,n,2.0,,295.28,4.72,D,0,True,True,456,2024,9,southwest_monsoon,day,331.84,bright_ti4,VIIRS,4.72,0.5068723702664794,0.1015502134351831,40,cropland,sampled,1,low_density,natural,agricultural_burning,0.78,A2_CROPLAND_NATURAL,rule_based_v1.0
VIIRS_NOAA20_SP,8.91731,78.16895,,339,0.45,0.47,2024-09-28,742,NOAA-20,VIIRS,n,2.0,,294.24,5.41,D,0,True,True,457,2024,9,southwest_monsoon,day,339.0,bright_ti4,VIIRS,5.41,0.6072931276297335,0.1170523477870141,10,forest,sampled,1,low_density,natural,forest_fire,0.8,A2_FOREST_NATURAL,rule_based_v1.0
VIIRS_SNPP_SP,8.87766,78.11146,331.94,,0.39,0.37,2024-10-01,802,SNPP,VIIRS,n,2.0,300.87,,1.36,D,0,True,True,458,2024,10,northeast_monsoon,day,331.94,brightness,VIIRS,1.36,0.5082748948106592,0.0260615592001797,40,cropland,sampled,2,low_density,natural,agricultural_burning,0.78,A2_CROPLAND_NATURAL,rule_based_v1.0
VIIRS_NOAA20_SP,8.68458,78.08833,,333.86,0.39,0.44,2024-10-01,826,NOAA-20,VIIRS,n,2.0,,297.14,3.53,D,0,True,True,459,2024,10,northeast_monsoon,day,333.86,bright_ti4,VIIRS,3.53,0.5352033660589063,0.0748146483936194,10,forest,sampled,6,moderate_density,natural,forest_fire,0.62,A2_FOREST_NATURAL,rule_based_v1.0
VIIRS_NOAA20_SP,8.68572,78.08792,,334.26,0.39,0.44,2024-10-01,826,NOAA-20,VIIRS,n,2.0,,297.09,3.46,D,0,True,True,460,2024,10,northeast_monsoon,day,334.26,bright_ti4,VIIRS,3.46,0.540813464235624,0.0732419680970568,30,grassland,sampled,5,moderate_density,natural,other_natural,0.6,A2_GRASSLAND_NATURAL,rule_based_v1.0
VIIRS_NOAA20_SP,8.48547,78.08349,,330.85,0.38,0.36,2024-10-02,807,NOAA-20,VIIRS,n,2.0,,285,2.54,D,0,True,True,461,2024,10,northeast_monsoon,day,330.85,bright_ti4,VIIRS,2.54,0.4929873772791028,0.0525724556279487,30,grassland,sampled,3,moderate_density,natural,other_natural,0.6,A2_GRASSLAND_NATURAL,rule_based_v1.0
VIIRS_NOAA20_SP,8.77639,78.01774,,331.39,0.38,0.58,2024-10-04,729,NOAA-20,VIIRS,n,2.0,,289.74,2.39,D,0,True,True,462,2024,10,northeast_monsoon,day,331.39,bright_ti4,VIIRS,2.39,0.5005610098176717,0.0492024264210289,20,grassland,sampled,6,moderate_density,natural,other_natural,0.6,A2_GRASSLAND_NATURAL,rule_based_v1.0
VIIRS_NOAA20_SP,8.3884,78.05653,,340.21,0.59,0.53,2024-10-09,735,NOAA-20,VIIRS,n,2.0,,291.44,3.38,D,3,True,True,463,2024,10,northeast_monsoon,day,340.21,bright_ti4,VIIRS,3.38,0.6242636746143055,0.0714446191866996,60,bare,sampled,1,low_density,natural,other_natural,0.45,A2_AMBIGUOUS_BUILT_OR_BARE_FALLBACK,rule_based_v1.0
VIIRS_SNPP_SP,8.6673,78.02119,347.67,,0.41,0.37,2024-10-11,814,SNPP,VIIRS,n,2.0,293.46,,7.11,D,0,True,True,464,2024,10,northeast_monsoon,day,347.67,brightness,VIIRS,7.11,0.7288920056100985,0.1552460121321051,10,forest,sampled,2,low_density,natural,forest_fire,0.8,A2_FOREST_NATURAL,rule_based_v1.0
VIIRS_SNPP_SP,8.67072,78.02068,349.63,,0.41,0.37,2024-10-11,814,SNPP,VIIRS,n,2.0,292.55,,6.58,D,0,True,True,465,2024,10,northeast_monsoon,day,349.63,brightness,VIIRS,6.58,0.7563814866760168,0.1433385756009885,40,cropland,sampled,2,low_density,natural,agricultural_burning,0.78,A2_CROPLAND_NATURAL,rule_based_v1.0
VIIRS_SNPP_SP,8.87274,78.06545,345.76,,0.45,0.47,2024-10-18,743,SNPP,VIIRS,n,2.0,298.09,,5.22,D,0,True,True,466,2024,10,northeast_monsoon,day,345.76,brightness,VIIRS,5.22,0.7021037868162692,0.1127836441249157,20,grassland,sampled,4,moderate_density,natural,other_natural,0.6,A2_GRASSLAND_NATURAL,rule_based_v1.0
VIIRS_NOAA20_SP,8.55768,78.08833,,330.18,0.38,0.36,2024-10-18,807,NOAA-20,VIIRS,l,2.0,,300.88,1.39,D,0,True,True,467,2024,10,northeast_monsoon,day,330.18,bright_ti4,VIIRS,1.39,0.4835904628330997,0.0267355650415636,40,cropland,sampled,3,moderate_density,natural,agricultural_burning,0.78,A2_CROPLAND_NATURAL,rule_based_v1.0
MODIS_SP,8.5522,77.9234,326.8,,1.4,1.2,2024-10-19,848,Aqua,MODIS,80,61.03,295.3,,18.5,D,0,True,True,468,2024,10,northeast_monsoon,day,326.8,brightness,MODIS,18.5,0.2787318361955089,0.0787153652392947,30,grassland,sampled,1,low_density,natural,other_natural,0.76,A2_GRASSLAND_NATURAL,rule_based_v1.0
VIIRS_SNPP_SP,8.55334,78.12527,335.2,,0.41,0.37,2024-10-27,814,SNPP,VIIRS,n,2.0,289.95,,2.55,D,0,True,True,469,2024,10,northeast_monsoon,day,335.2,brightness,VIIRS,2.55,0.5539971949509116,0.0527971242417434,20,grassland,sampled,3,moderate_density,natural,other_natural,0.6,A2_GRASSLAND_NATURAL,rule_based_v1.0
VIIRS_NOAA20_SP,8.55591,78.12692,,330.74,0.32,0.55,2024-10-27,838,NOAA-20,VIIRS,n,2.0,,291.21,2.58,D,0,True,True,470,2024,10,northeast_monsoon,day,330.74,bright_ti4,VIIRS,2.58,0.4914446002805051,0.0534711300831273,30,grassland,sampled,3,moderate_density,natural,other_natural,0.6,A2_GRASSLAND_NATURAL,rule_based_v1.0
VIIRS_SNPP_SP,8.56642,78.08938,336.92,,0.45,0.39,2024-10-28,755,SNPP,VIIRS,n,2.0,300.48,,1.87,D,0,True,True,471,2024,10,northeast_monsoon,day,336.92,brightness,VIIRS,1.87,0.5781206171107998,0.037519658503707,40,cropland,sampled,3,moderate_density,natural,agricultural_burning,0.78,A2_CROPLAND_NATURAL,rule_based_v1.0
VIIRS_SNPP_SP,8.90226,77.86365,332.77,,0.47,0.4,2024-11-01,820,SNPP,VIIRS,n,2.0,297.62,,4.54,D,0,True,True,472,2024,11,northeast_monsoon,day,332.77,brightness,VIIRS,4.54,0.5199158485273491,0.0975061783868793,40,cropland,sampled,4,moderate_density,natural,agricultural_burning,0.78,A2_CROPLAND_NATURAL,rule_based_v1.0
VIIRS_NOAA20_SP,8.46327,78.09595,,335.56,0.38,0.36,2024-12-05,806,NOAA-20,VIIRS,n,2.0,,298.98,4.51,D,0,True,True,473,2024,12,northeast_monsoon,day,335.56,bright_ti4,VIIRS,4.51,0.559046283309958,0.0968321725454953,20,grassland,sampled,2,low_density,natural,other_natural,0.76,A2_GRASSLAND_NATURAL,rule_based_v1.0
VIIRS_SNPP_SP,8.65521,78.08781,332.6,,0.41,0.61,2024-12-07,846,SNPP,VIIRS,n,2.0,292.56,,2.74,D,0,True,True,474,2024,12,northeast_monsoon,day,332.6,brightness,VIIRS,2.74,0.5175315568022444,0.0570658279038418,20,grassland,sampled,2,low_density,natural,other_natural,0.76,A2_GRASSLAND_NATURAL,rule_based_v1.0
VIIRS_SNPP_SP,8.73039,78.15984,330.68,,0.42,0.61,2024-12-07,846,SNPP,VIIRS,n,2.0,292.66,,1.53,D,3,True,True,475,2024,12,northeast_monsoon,day,330.68,brightness,VIIRS,1.53,0.4906030855539974,0.0298809256346888,30,grassland,sampled,3,moderate_density,natural,other_natural,0.6,A2_GRASSLAND_NATURAL,rule_based_v1.0
VIIRS_SNPP_SP,8.73359,78.15987,333.17,,0.42,0.61,2024-12-07,846,SNPP,VIIRS,n,2.0,292.74,,0.91,D,0,True,True,476,2024,12,northeast_monsoon,day,333.17,brightness,VIIRS,0.91,0.5255259467040676,0.0159514715794203,20,grassland,sampled,3,moderate_density,natural,other_natural,0.6,A2_GRASSLAND_NATURAL,rule_based_v1.0
VIIRS_SNPP_SP,8.36387,77.99429,334.99,,0.48,0.4,2024-12-19,821,SNPP,VIIRS,n,2.0,295.72,,3.94,D,0,True,True,477,2024,12,northeast_monsoon,day,334.99,brightness,VIIRS,3.94,0.5510518934081349,0.0840260615592001,10,forest,sampled,1,low_density,natural,forest_fire,0.8,A2_FOREST_NATURAL,rule_based_v1.0
VIIRS_SNPP_SP,8.65878,78.1129,335.17,,0.49,0.4,2024-12-19,821,SNPP,VIIRS,n,2.0,295.75,,5.52,D,0,True,True,478,2024,12,northeast_monsoon,day,335.17,brightness,VIIRS,5.52,0.5535764375876581,0.1195237025387553,95,forest,sampled,4,moderate_density,natural,forest_fire,0.62,A2_FOREST_NATURAL,rule_based_v1.0
VIIRS_NOAA20_SP,8.65678,78.11533,,331.37,0.41,0.61,2024-12-19,844,NOAA-20,VIIRS,n,2.0,,290.19,3.4,D,3,True,True,479,2024,12,northeast_monsoon,day,331.37,bright_ti4,VIIRS,3.4,0.500280504908836,0.0718939564142889,60,bare,sampled,4,moderate_density,natural,other_natural,0.45,A2_AMBIGUOUS_BUILT_OR_BARE_FALLBACK,rule_based_v1.0
VIIRS_NOAA20_SP,8.84257,78.11455,,330.01,0.54,0.42,2024-12-22,748,NOAA-20,VIIRS,n,2.0,,296.08,2.62,D,0,True,True,480,2024,12,northeast_monsoon,day,330.01,bright_ti4,VIIRS,2.62,0.4812061711079943,0.054369804538306,20,grassland,sampled,8,moderate_density,natural,other_natural,0.6,A2_GRASSLAND_NATURAL,rule_based_v1.0
VIIRS_NOAA20_SP,8.65828,78.11434,,333.53,0.58,0.52,2024-12-28,735,NOAA-20,VIIRS,n,2.0,,293.5,6.71,D,3,True,True,481,2024,12,northeast_monsoon,day,333.53,bright_ti4,VIIRS,6.71,0.5305750350631133,0.146259267580319,80,unknown,unmapped_code,4,moderate_density,natural,other_natural,0.35,A2_UNKNOWN_LAND_COVER_FALLBACK,rule_based_v1.0
VIIRS_NOAA20_SP,8.66208,78.00376,,331.58,0.38,0.36,2025-01-06,807,NOAA-20,VIIRS,n,2.0,,300.9,2.81,D,0,True,True,482,2025,1,winter,day,331.58,bright_ti4,VIIRS,2.81,0.5032258064516127,0.0586385082004044,10,forest,sampled,1,low_density,natural,forest_fire,0.8,A2_FOREST_NATURAL,rule_based_v1.0
VIIRS_NOAA20_SP,8.85111,78.11459,,330.62,0.53,0.42,2025-01-07,748,NOAA-20,VIIRS,n,2.0,,296.45,3.16,D,0,True,True,483,2025,1,winter,day,330.62,bright_ti4,VIIRS,3.16,0.4897615708274896,0.0665019096832172,20,grassland,sampled,13,strong_cluster,natural,other_natural,0.6,A2_GRASSLAND_NATURAL,rule_based_v1.0
VIIRS_NOAA20_SP,8.51723,78.08902,,330.22,0.58,0.52,2025-01-13,735,NOAA-20,VIIRS,n,2.0,,293.3,2.75,D,0,True,True,484,2025,1,winter,day,330.22,bright_ti4,VIIRS,2.75,0.4841514726507718,0.0572904965176364,20,grassland,sampled,3,moderate_density,natural,other_natural,0.6,A2_GRASSLAND_NATURAL,rule_based_v1.0
MODIS_SP,8.8606,78.1484,316.8,,1.5,1.2,2025-01-17,926,Aqua,MODIS,48,61.03,299.2,,12.2,D,0,True,True,485,2025,1,winter,day,316.8,brightness,MODIS,12.2,0.14663143989432,0.0390428211586901,20,grassland,sampled,11,strong_cluster,natural,other_natural,0.6,A2_GRASSLAND_NATURAL,rule_based_v1.0
VIIRS_SNPP_SP,8.60877,77.98005,332.35,,0.39,0.36,2025-01-21,803,SNPP,VIIRS,n,2.0,285.19,,1.69,D,0,True,True,486,2025,1,winter,day,332.35,brightness,VIIRS,1.69,0.5140252454417956,0.0334756234554032,20,grassland,sampled,1,low_density,natural,other_natural,0.76,A2_GRASSLAND_NATURAL,rule_based_v1.0
VIIRS_SNPP_SP,8.87854,78.13952,330.26,,0.39,0.36,2025-01-26,809,SNPP,VIIRS,n,2.0,290.58,,2.34,D,0,True,True,487,2025,1,winter,day,330.26,brightness,VIIRS,2.34,0.4847124824684432,0.0480790833520557,10,forest,sampled,4,moderate_density,natural,forest_fire,0.62,A2_FOREST_NATURAL,rule_based_v1.0
VIIRS_SNPP_SP,8.86789,78.15697,304.48,,0.42,0.38,2025-01-27,2026,SNPP,VIIRS,n,2.0,281.8,,0.87,N,0,True,True,488,2025,1,winter,night,304.48,brightness,VIIRS,0.87,0.1231416549789625,0.0150527971242417,20,grassland,sampled,72,strong_cluster,natural,other_natural,0.6,A2_GRASSLAND_NATURAL,rule_based_v1.0
VIIRS_NOAA20_SP,8.82994,78.09123,,334.31,0.49,0.4,2025-02-01,820,NOAA-20,VIIRS,n,2.0,,299.05,2.02,D,0,True,True,489,2025,2,winter,day,334.31,bright_ti4,VIIRS,2.02,0.541514726507714,0.0408896877106268,20,grassland,sampled,1,low_density,natural,other_natural,0.76,A2_GRASSLAND_NATURAL,rule_based_v1.0
VIIRS_NOAA20_SP,8.86723,78.15575,,335.38,0.44,0.46,2025-02-03,742,NOAA-20,VIIRS,n,2.0,,303.43,3.07,D,0,True,True,490,2025,2,winter,day,335.38,bright_ti4,VIIRS,3.07,0.5565217391304348,0.0644798921590653,20,grassland,sampled,73,strong_cluster,natural,other_natural,0.6,A2_GRASSLAND_NATURAL,rule_based_v1.0
VIIRS_SNPP_SP,8.79815,78.08293,331.19,,0.49,0.41,2025-02-05,822,SNPP,VIIRS,l,2.0,304.66,,1.46,D,0,True,True,491,2025,2,winter,day,331.19,brightness,VIIRS,1.46,0.4977559607293128,0.0283082453381262,20,grassland,sampled,2,low_density,natural,other_natural,0.76,A2_GRASSLAND_NATURAL,rule_based_v1.0
VIIRS_SNPP_SP,8.86855,78.15498,335.19,,0.39,0.36,2025-02-06,803,SNPP,VIIRS,l,2.0,308.55,,3.14,D,0,True,True,492,2025,2,winter,day,335.19,brightness,VIIRS,3.14,0.5538569424964938,0.0660525724556279,30,grassland,sampled,73,strong_cluster,natural,other_natural,0.6,A2_GRASSLAND_NATURAL,rule_based_v1.0
VIIRS_SNPP_SP,8.89542,78.10722,335.36,,0.39,0.36,2025-02-06,803,SNPP,VIIRS,l,2.0,305.97,,1.41,D,0,True,True,493,2025,2,winter,day,335.36,brightness,VIIRS,1.41,0.5562412342215991,0.027184902269153,30,grassland,sampled,2,low_density,natural,other_natural,0.76,A2_GRASSLAND_NATURAL,rule_based_v1.0
VIIRS_NOAA20_SP,8.89719,78.10738,,332.19,0.4,0.45,2025-02-06,826,NOAA-20,VIIRS,n,2.0,,303.28,1.15,D,0,True,True,494,2025,2,winter,day,332.19,bright_ti4,VIIRS,1.15,0.511781206171108,0.021343518310492,20,grassland,sampled,2,low_density,natural,other_natural,0.76,A2_GRASSLAND_NATURAL,rule_based_v1.0
VIIRS_SNPP_SP,8.68914,77.92932,331,,0.45,0.47,2025-02-07,744,SNPP,VIIRS,l,2.0,302.88,,3.21,D,0,True,True,495,2025,2,winter,day,331.0,brightness,VIIRS,3.21,0.4950911640953717,0.0676252527521905,80,unknown,unmapped_code,2,low_density,natural,other_natural,0.35,A2_UNKNOWN_LAND_COVER_FALLBACK,rule_based_v1.0
VIIRS_NOAA20_SP,8.59419,78.11672,,339.76,0.39,0.36,2025-02-07,807,NOAA-20,VIIRS,n,2.0,,308.56,3.32,D,0,True,True,496,2025,2,winter,day,339.76,bright_ti4,VIIRS,3.32,0.6179523141654978,0.0700966075039317,20,grassland,sampled,3,moderate_density,natural,other_natural,0.6,A2_GRASSLAND_NATURAL,rule_based_v1.0
VIIRS_NOAA20_SP,8.68812,77.92703,,334.1,0.38,0.36,2025-02-07,807,NOAA-20,VIIRS,l,2.0,,304.61,2.35,D,0,True,True,497,2025,2,winter,day,334.1,bright_ti4,VIIRS,2.35,0.5385694249649373,0.0483037519658503,30,grassland,sampled,2,low_density,natural,other_natural,0.76,A2_GRASSLAND_NATURAL,rule_based_v1.0
VIIRS_NOAA20_SP,8.92122,77.87557,,332.39,0.38,0.36,2025-02-07,807,NOAA-20,VIIRS,l,2.0,,304.45,1.87,D,0,True,True,498,2025,2,winter,day,332.39,bright_ti4,VIIRS,1.87,0.5145862552594669,0.037519658503707,40,cropland,sampled,2,low_density,natural,agricultural_burning,0.78,A2_CROPLAND_NATURAL,rule_based_v1.0
VIIRS_SNPP_SP,8.44796,78.07526,343.85,,0.39,0.36,2025-02-11,809,SNPP,VIIRS,n,2.0,309.85,,3.79,D,0,True,True,499,2025,2,winter,day,343.85,brightness,VIIRS,3.79,0.6753155680224407,0.0806560323522803,30,grassland,sampled,2,low_density,natural,other_natural,0.76,A2_GRASSLAND_NATURAL,rule_based_v1.0
VIIRS_SNPP_SP,8.72325,77.92817,343.07,,0.39,0.36,2025-02-11,809,SNPP,VIIRS,n,2.0,312.21,,2.82,D,0,True,True,500,2025,2,winter,day,343.07,brightness,VIIRS,2.82,0.66437587657784,0.058863176814199,20,grassland,sampled,1,low_density,natural,other_natural,0.76,A2_GRASSLAND_NATURAL,rule_based_v1.0
VIIRS_SNPP_SP,8.73814,78.16221,335.96,,0.39,0.36,2025-02-11,809,SNPP,VIIRS,n,2.0,305.78,,0.56,D,0,True,True,501,2025,2,winter,day,335.96,brightness,VIIRS,0.56,0.5646563814866759,0.0080880700966075,10,forest,sampled,3,moderate_density,natural,forest_fire,0.62,A2_FOREST_NATURAL,rule_based_v1.0
VIIRS_NOAA20_SP,8.44568,78.07614,,330.93,0.5,0.49,2025-02-11,832,NOAA-20,VIIRS,l,2.0,,305.66,4.0,D,0,True,True,502,2025,2,winter,day,330.93,bright_ti4,VIIRS,4.0,0.4941093969144461,0.0853740732419681,10,forest,sampled,2,low_density,natural,forest_fire,0.8,A2_FOREST_NATURAL,rule_based_v1.0
VIIRS_SNPP_SP,8.7118,78.15025,336.58,,0.42,0.38,2025-02-16,815,SNPP,VIIRS,n,2.0,307.31,,4.43,D,3,True,True,503,2025,2,winter,day,336.58,brightness,VIIRS,4.43,0.573352033660589,0.0950348236351381,20,grassland,sampled,2,low_density,natural,other_natural,0.76,A2_GRASSLAND_NATURAL,rule_based_v1.0
VIIRS_SNPP_SP,8.84151,77.90701,354.36,,0.45,0.39,2025-02-17,757,SNPP,VIIRS,n,2.0,316.77,,16.47,D,0,True,True,504,2025,2,winter,day,354.36,brightness,VIIRS,16.47,0.8227208976157085,0.3655358346439002,40,cropland,sampled,7,moderate_density,natural,agricultural_burning,0.78,A2_CROPLAND_NATURAL,rule_based_v1.0
VIIRS_SNPP_SP,8.84506,77.90644,340.84,,0.45,0.39,2025-02-17,757,SNPP,VIIRS,l,2.0,314.88,,16.47,D,0,True,True,505,2025,2,winter,day,340.84,brightness,VIIRS,16.47,0.6330995792426365,0.3655358346439002,30,grassland,sampled,5,moderate_density,natural,other_natural,0.6,A2_GRASSLAND_NATURAL,rule_based_v1.0
VIIRS_NOAA20_SP,8.8398,77.90871,,351.41,0.48,0.4,2025-02-17,820,NOAA-20,VIIRS,n,2.0,,314.96,11.12,D,0,True,True,506,2025,2,winter,day,351.41,bright_ti4,VIIRS,11.12,0.7813464235624127,0.2453381262637609,40,cropland,sampled,7,moderate_density,natural,agricultural_burning,0.78,A2_CROPLAND_NATURAL,rule_based_v1.0
VIIRS_NOAA20_SP,8.84347,77.90818,,349.58,0.48,0.4,2025-02-17,820,NOAA-20,VIIRS,n,2.0,,315.93,11.12,D,0,True,True,507,2025,2,winter,day,349.58,bright_ti4,VIIRS,11.12,0.7556802244039269,0.2453381262637609,40,cropland,sampled,6,moderate_density,natural,agricultural_burning,0.78,A2_CROPLAND_NATURAL,rule_based_v1.0
VIIRS_NOAA20_SP,8.83289,77.90816,,342.51,0.4,0.37,2025-02-18,801,NOAA-20,VIIRS,l,2.0,,316.16,6.0,D,0,True,True,508,2025,2,winter,day,342.51,bright_ti4,VIIRS,6.0,0.6565217391304347,0.1303077960008986,40,cropland,sampled,7,moderate_density,natural,agricultural_burning,0.78,A2_CROPLAND_NATURAL,rule_based_v1.0
VIIRS_NOAA20_SP,8.88986,77.88443,,338.21,0.4,0.37,2025-02-18,801,NOAA-20,VIIRS,l,2.0,,311.99,1.8,D,0,True,True,509,2025,2,winter,day,338.21,bright_ti4,VIIRS,1.8,0.5962131837307151,0.0359469782071444,40,cropland,sampled,2,low_density,natural,agricultural_burning,0.78,A2_CROPLAND_NATURAL,rule_based_v1.0
VIIRS_NOAA20_SP,8.85664,77.93288,,334.72,0.48,0.65,2025-02-20,723,NOAA-20,VIIRS,n,2.0,,301.15,1.8,D,0,True,True,510,2025,2,winter,day,334.72,bright_ti4,VIIRS,1.8,0.5472650771388504,0.0359469782071444,20,grassland,sampled,4,moderate_density,natural,other_natural,0.6,A2_GRASSLAND_NATURAL,rule_based_v1.0
MODIS_SP,8.8748,77.8555,322.5,,1.4,1.2,2025-02-23,438,Terra,MODIS,75,61.03,301.3,,17.7,D,0,True,True,511,2025,2,winter,day,322.5,brightness,MODIS,17.7,0.2219286657859975,0.0736775818639798,30,grassland,sampled,2,low_density,natural,other_natural,0.76,A2_GRASSLAND_NATURAL,rule_based_v1.0
MODIS_SP,8.9283,77.8509,318.5,,1.4,1.2,2025-02-23,438,Terra,MODIS,20,61.03,301.8,,9.1,D,0,True,True,512,2025,2,winter,day,318.5,brightness,MODIS,9.1,0.1690885072655219,0.019521410579345,40,cropland,sampled,2,low_density,natural,agricultural_burning,0.78,A2_CROPLAND_NATURAL,rule_based_v1.0
VIIRS_NOAA20_SP,8.81888,77.90368,,350.18,0.38,0.36,2025-02-23,807,NOAA-20,VIIRS,n,2.0,,317.86,9.34,D,0,True,True,513,2025,2,winter,day,350.18,bright_ti4,VIIRS,9.34,0.7640953716690043,0.2053471130083127,40,cropland,sampled,1,low_density,natural,agricultural_burning,0.78,A2_CROPLAND_NATURAL,rule_based_v1.0
VIIRS_SNPP_SP,8.59378,78.1168,332.3,,0.46,0.63,2025-02-24,725,SNPP,VIIRS,n,2.0,297.89,,2.65,D,0,True,True,514,2025,2,winter,day,332.3,brightness,VIIRS,2.65,0.5133239831697057,0.0550438103796899,20,grassland,sampled,3,moderate_density,natural,other_natural,0.6,A2_GRASSLAND_NATURAL,rule_based_v1.0
VIIRS_NOAA20_SP,8.52533,77.95367,,330.64,0.55,0.43,2025-02-24,748,NOAA-20,VIIRS,l,2.0,,305.11,2.42,D,0,True,True,515,2025,2,winter,day,330.64,bright_ti4,VIIRS,2.42,0.4900420757363253,0.0498764322624129,10,forest,sampled,1,low_density,natural,forest_fire,0.8,A2_FOREST_NATURAL,rule_based_v1.0
VIIRS_SNPP_SP,8.5568,78.11558,343.96,,0.56,0.52,2025-03-06,738,SNPP,VIIRS,n,2.0,304.54,,5.36,D,0,True,True,516,2025,3,summer,day,343.96,brightness,VIIRS,5.36,0.6768583450210376,0.1159290047180408,30,grassland,sampled,5,moderate_density,natural,other_natural,0.6,A2_GRASSLAND_NATURAL,rule_based_v1.0
VIIRS_SNPP_SP,8.83948,77.9099,346.33,,0.58,0.52,2025-03-06,738,SNPP,VIIRS,n,2.0,307.86,,12.14,D,0,True,True,517,2025,3,summer,day,346.33,brightness,VIIRS,12.14,0.7100981767180924,0.2682543248708156,40,cropland,sampled,7,moderate_density,natural,agricultural_burning,0.78,A2_CROPLAND_NATURAL,rule_based_v1.0
VIIRS_SNPP_SP,8.87267,78.15835,331.54,,0.55,0.51,2025-03-06,738,SNPP,VIIRS,l,2.0,304.65,,1.75,D,0,True,True,518,2025,3,summer,day,331.54,brightness,VIIRS,1.75,0.5026647966339415,0.0348236351381712,20,grassland,sampled,74,strong_cluster,natural,other_natural,0.6,A2_GRASSLAND_NATURAL,rule_based_v1.0
VIIRS_NOAA20_SP,8.83576,77.9101,,343.61,0.4,0.37,2025-03-06,800,NOAA-20,VIIRS,l,2.0,,311.01,6.09,D,0,True,True,519,2025,3,summer,day,343.61,bright_ti4,VIIRS,6.09,0.6719495091164098,0.1323298135250505,40,cropland,sampled,8,moderate_density,natural,agricultural_burning,0.78,A2_CROPLAND_NATURAL,rule_based_v1.0
VIIRS_SNPP_SP,8.86822,78.15972,348.57,,0.49,0.4,2025-03-09,821,SNPP,VIIRS,n,2.0,310.03,,10.21,D,0,True,True,520,2025,3,summer,day,348.57,brightness,VIIRS,10.21,0.7415147265077139,0.2248932824084475,20,grassland,sampled,74,strong_cluster,natural,other_natural,0.6,A2_GRASSLAND_NATURAL,rule_based_v1.0
VIIRS_SNPP_SP,8.87195,78.15919,337.51,,0.49,0.4,2025-03-09,821,SNPP,VIIRS,l,2.0,308.1,,3.94,D,0,True,True,521,2025,3,summer,day,337.51,brightness,VIIRS,3.94,0.5863955119214586,0.0840260615592001,10,forest,sampled,73,strong_cluster,natural,forest_fire,0.62,A2_FOREST_NATURAL,rule_based_v1.0
VIIRS_NOAA20_SP,8.86597,78.16096,,335.31,0.42,0.61,2025-03-09,844,NOAA-20,VIIRS,n,2.0,,303.51,3.49,D,0,True,True,522,2025,3,summer,day,335.31,bright_ti4,VIIRS,3.49,0.5555399719495092,0.0739159739384408,10,forest,sampled,71,strong_cluster,natural,forest_fire,0.62,A2_FOREST_NATURAL,rule_based_v1.0
VIIRS_NOAA20_SP,8.86798,78.15832,,342.32,0.42,0.61,2025-03-09,844,NOAA-20,VIIRS,n,2.0,,304.29,6.28,D,0,True,True,523,2025,3,summer,day,342.32,bright_ti4,VIIRS,6.28,0.6538569424964936,0.1365985171871489,20,grassland,sampled,74,strong_cluster,natural,other_natural,0.6,A2_GRASSLAND_NATURAL,rule_based_v1.0
VIIRS_NOAA20_SP,8.86849,78.16216,,340.91,0.42,0.61,2025-03-09,844,NOAA-20,VIIRS,n,2.0,,301.88,5.93,D,0,True,True,524,2025,3,summer,day,340.91,bright_ti4,VIIRS,5.93,0.6340813464235628,0.1287351157043361,20,grassland,sampled,68,strong_cluster,natural,other_natural,0.6,A2_GRASSLAND_NATURAL,rule_based_v1.0
VIIRS_NOAA20_SP,8.87162,78.16026,,341.36,0.42,0.61,2025-03-09,844,NOAA-20,VIIRS,n,2.0,,302.56,3.49,D,0,True,True,525,2025,3,summer,day,341.36,bright_ti4,VIIRS,3.49,0.6403927068723705,0.0739159739384408,10,forest,sampled,71,strong_cluster,natural,forest_fire,0.62,A2_FOREST_NATURAL,rule_based_v1.0
VIIRS_SNPP_SP,8.86888,78.15579,309.71,,0.41,0.37,2025-03-16,2026,SNPP,VIIRS,n,2.0,292.08,,3.8,N,0,True,True,526,2025,3,summer,night,309.71,brightness,VIIRS,3.8,0.196493688639551,0.080880700966075,10,forest,sampled,72,strong_cluster,natural,forest_fire,0.62,A2_FOREST_NATURAL,rule_based_v1.0
VIIRS_NOAA20_SP,8.86954,78.15426,,307.5,0.32,0.55,2025-03-16,2049,NOAA-20,VIIRS,n,2.0,,288.25,1.22,N,0,True,True,527,2025,3,summer,night,307.5,bright_ti4,VIIRS,1.22,0.1654978962131838,0.0229161986070545,30,grassland,sampled,75,strong_cluster,natural,other_natural,0.6,A2_GRASSLAND_NATURAL,rule_based_v1.0
VIIRS_SNPP_SP,8.87723,78.16125,331.72,,0.5,0.49,2025-03-19,834,SNPP,VIIRS,n,2.0,299.17,,3.43,D,0,True,True,528,2025,3,summer,day,331.72,brightness,VIIRS,3.43,0.5051893408134647,0.0725679622556728,30,grassland,sampled,16,strong_cluster,natural,other_natural,0.6,A2_GRASSLAND_NATURAL,rule_based_v1.0
VIIRS_SNPP_SP,8.71075,78.14427,337.49,,0.41,0.37,2025-03-20,815,SNPP,VIIRS,n,2.0,306.32,,2.43,D,0,True,True,529,2025,3,summer,day,337.49,brightness,VIIRS,2.43,0.5861150070126229,0.0501011008762075,20,grassland,sampled,2,low_density,natural,other_natural,0.76,A2_GRASSLAND_NATURAL,rule_based_v1.0
VIIRS_NOAA20_SP,8.72352,78.12739,,336.46,0.45,0.47,2025-03-23,741,NOAA-20,VIIRS,n,2.0,,297.93,3.85,D,0,True,True,530,2025,3,summer,day,336.46,bright_ti4,VIIRS,3.85,0.5716690042075734,0.0820040440350483,20,grassland,sampled,2,low_density,natural,other_natural,0.76,A2_GRASSLAND_NATURAL,rule_based_v1.0
VIIRS_SNPP_SP,8.72074,78.12665,331.44,,0.63,0.54,2025-03-24,840,SNPP,VIIRS,n,2.0,299.43,,5.39,D,0,True,True,531,2025,3,summer,day,331.44,brightness,VIIRS,5.39,0.5012622720897616,0.1166030105594248,80,unknown,unmapped_code,2,low_density,natural,other_natural,0.35,A2_UNKNOWN_LAND_COVER_FALLBACK,rule_based_v1.0
VIIRS_SNPP_SP,8.80491,77.88229,337.58,,0.39,0.59,2025-03-29,846,SNPP,VIIRS,l,2.0,309.76,,5.53,D,0,True,True,532,2025,3,summer,day,337.58,brightness,VIIRS,5.53,0.5873772791023841,0.1197483711525499,40,cropland,sampled,1,low_density,natural,agricultural_burning,0.78,A2_CROPLAND_NATURAL,rule_based_v1.0
VIIRS_SNPP_SP,8.82507,78.13595,295.7,,0.37,0.58,2025-03-29,1942,SNPP,VIIRS,n,2.0,269.09,,0.31,N,0,True,True,533,2025,3,summer,night,295.7,brightness,VIIRS,0.31,0.0,0.0024713547517411,30,grassland,sampled,1,low_density,natural,other_natural,0.76,A2_GRASSLAND_NATURAL,rule_based_v1.0
VIIRS_SNPP_SP,8.59543,78.11591,334.45,,0.47,0.64,2025-04-13,725,SNPP,VIIRS,n,2.0,294.19,,3.56,D,0,True,True,534,2025,4,summer,day,334.45,brightness,VIIRS,3.56,0.5434782608695651,0.0754886542350033,20,grassland,sampled,3,moderate_density,natural,other_natural,0.6,A2_GRASSLAND_NATURAL,rule_based_v1.0
VIIRS_SNPP_SP,8.8687,78.15829,307.41,,0.53,0.42,2025-04-13,2001,SNPP,VIIRS,n,2.0,294.26,,2.32,N,0,True,True,535,2025,4,summer,night,307.41,brightness,VIIRS,2.32,0.1642356241234226,0.0476297461244664,20,grassland,sampled,74,strong_cluster,natural,other_natural,0.6,A2_GRASSLAND_NATURAL,rule_based_v1.0
VIIRS_NOAA20_SP,8.86884,78.15791,,310.74,0.41,0.37,2025-04-13,2023,NOAA-20,VIIRS,n,2.0,,294.8,1.94,N,0,True,True,536,2025,4,summer,night,310.74,bright_ti4,VIIRS,1.94,0.2109396914446005,0.0390923388002696,20,grassland,sampled,74,strong_cluster,natural,other_natural,0.6,A2_GRASSLAND_NATURAL,rule_based_v1.0
VIIRS_NOAA20_SP,8.9356,78.13259,,342.29,0.5,0.49,2025-04-16,832,NOAA-20,VIIRS,n,2.0,,300.69,3.64,D,0,True,True,537,2025,4,summer,day,342.29,bright_ti4,VIIRS,3.64,0.6534361851332402,0.0772860031453605,30,grassland,sampled,4,moderate_density,natural,other_natural,0.6,A2_GRASSLAND_NATURAL,rule_based_v1.0
VIIRS_SNPP_SP,8.75745,78.06219,333.24,,0.36,0.58,2025-04-18,732,SNPP,VIIRS,n,2.0,295.43,,2.68,D,0,True,True,538,2025,4,summer,day,333.24,brightness,VIIRS,2.68,0.5265077138849932,0.0557178162210739,40,cropland,sampled,1,low_density,natural,agricultural_burning,0.78,A2_CROPLAND_NATURAL,rule_based_v1.0
VIIRS_NOAA20_SP,8.9452,78.0677,,331.7,0.61,0.71,2025-04-20,716,NOAA-20,VIIRS,n,2.0,,294.83,2.71,D,0,True,True,539,2025,4,summer,day,331.7,bright_ti4,VIIRS,2.71,0.5049088359046282,0.0563918220624578,40,cropland,sampled,3,moderate_density,natural,agricultural_burning,0.78,A2_CROPLAND_NATURAL,rule_based_v1.0
VIIRS_NOAA20_SP,8.94553,78.0668,,332.49,0.61,0.71,2025-04-20,716,NOAA-20,VIIRS,n,2.0,,294.92,7.47,D,0,True,True,540,2025,4,summer,day,332.49,bright_ti4,VIIRS,7.47,0.5159887798036468,0.1633340822287126,40,cropland,sampled,3,moderate_density,natural,agricultural_burning,0.78,A2_CROPLAND_NATURAL,rule_based_v1.0
VIIRS_NOAA20_SP,8.68167,77.95835,,339.87,0.62,0.54,2025-04-21,838,NOAA-20,VIIRS,n,2.0,,293.57,12.77,D,0,True,True,541,2025,4,summer,day,339.87,bright_ti4,VIIRS,12.77,0.6194950911640955,0.2824084475398787,30,grassland,sampled,6,moderate_density,natural,other_natural,0.6,A2_GRASSLAND_NATURAL,rule_based_v1.0
MODIS_SP,8.6119,77.9536,314.9,,1.0,1.0,2025-04-23,417,Terra,MODIS,72,61.03,286.4,,10.1,D,0,True,True,542,2025,4,summer,day,314.9,brightness,MODIS,10.1,0.1215323645970936,0.0258186397984886,10,forest,sampled,2,low_density,natural,forest_fire,0.8,A2_FOREST_NATURAL,rule_based_v1.0
VIIRS_SNPP_SP,8.6704,77.99391,303.12,,0.45,0.47,2025-04-24,1955,SNPP,VIIRS,n,2.0,286.78,,0.64,N,0,True,True,543,2025,4,summer,night,303.12,brightness,VIIRS,0.64,0.1040673211781208,0.0098854190069647,30,grassland,sampled,14,strong_cluster,natural,other_natural,0.6,A2_GRASSLAND_NATURAL,rule_based_v1.0
VIIRS_NOAA20_SP,8.6708,77.99345,,310.06,0.38,0.36,2025-04-24,2017,NOAA-20,VIIRS,n,2.0,,292.61,2.05,N,0,True,True,544,2025,4,summer,night,310.06,bright_ti4,VIIRS,2.05,0.2014025245441796,0.0415636935520107,50,built_up,sampled,14,strong_cluster,industrial,,0.86,A2_DENSE_BUILT_OR_BARE_INDUSTRIAL,rule_based_v1.0
VIIRS_NOAA20_SP,8.43259,78.01019,,334.85,0.55,0.43,2025-04-29,748,NOAA-20,VIIRS,n,2.0,,298.76,2.39,D,0,True,True,545,2025,4,summer,day,334.85,bright_ti4,VIIRS,2.39,0.5490883590462837,0.0492024264210289,20,grassland,sampled,2,low_density,natural,other_natural,0.76,A2_GRASSLAND_NATURAL,rule_based_v1.0
VIIRS_SNPP_SP,8.86704,78.15621,350.49,,0.4,0.45,2025-05-01,828,SNPP,VIIRS,n,2.0,302.53,,8.33,D,0,True,True,546,2025,5,summer,day,350.49,brightness,VIIRS,8.33,0.7684431977559609,0.1826555830150528,20,grassland,sampled,73,strong_cluster,natural,other_natural,0.6,A2_GRASSLAND_NATURAL,rule_based_v1.0
VIIRS_SNPP_SP,8.76017,78.18456,338.06,,0.39,0.36,2025-05-02,810,SNPP,VIIRS,n,2.0,304.54,,4.86,D,0,True,True,547,2025,5,summer,day,338.06,brightness,VIIRS,4.86,0.5941093969144461,0.1046955740283082,10,forest,sampled,12,strong_cluster,natural,forest_fire,0.62,A2_FOREST_NATURAL,rule_based_v1.0
VIIRS_NOAA20_SP,8.76015,78.18585,,333.37,0.51,0.49,2025-05-02,832,NOAA-20,VIIRS,n,2.0,,300.16,6.39,D,0,True,True,548,2025,5,summer,day,333.37,bright_ti4,VIIRS,6.39,0.5283309957924265,0.1390698719388901,50,built_up,sampled,12,strong_cluster,industrial,,0.86,A2_DENSE_BUILT_OR_BARE_INDUSTRIAL,rule_based_v1.0
MODIS_SP,8.7782,78.1905,315.8,,1.0,1.0,2025-05-02,918,Aqua,MODIS,65,61.03,304.2,,8.0,D,3,True,True,549,2025,5,summer,day,315.8,brightness,MODIS,8.0,0.1334214002642011,0.0125944584382871,30,grassland,sampled,4,moderate_density,natural,other_natural,0.6,A2_GRASSLAND_NATURAL,rule_based_v1.0
VIIRS_SNPP_SP,8.84224,77.99831,332.52,,0.41,0.37,2025-05-07,816,SNPP,VIIRS,n,2.0,293.29,,2.31,D,0,True,True,550,2025,5,summer,day,332.52,brightness,VIIRS,2.31,0.5164095371669002,0.0474050775106717,40,cropland,sampled,9,moderate_density,natural,agricultural_burning,0.78,A2_CROPLAND_NATURAL,rule_based_v1.0
VIIRS_SNPP_SP,8.94985,78.06698,337.69,,0.42,0.37,2025-05-07,816,SNPP,VIIRS,n,2.0,297.37,,3.24,D,0,True,True,551,2025,5,summer,day,337.69,brightness,VIIRS,3.24,0.5889200561009817,0.0682992585935744,40,cropland,sampled,3,moderate_density,natural,agricultural_burning,0.78,A2_CROPLAND_NATURAL,rule_based_v1.0
VIIRS_NOAA20_SP,8.8981,78.15285,,332.88,0.49,0.4,2025-05-08,819,NOAA-20,VIIRS,n,2.0,,297.31,2.37,D,0,True,True,552,2025,5,summer,day,332.88,bright_ti4,VIIRS,2.37,0.5214586255259467,0.0487530891934396,30,grassland,sampled,3,moderate_density,natural,other_natural,0.6,A2_GRASSLAND_NATURAL,rule_based_v1.0
VIIRS_NOAA20_SP,8.9018,78.15233,,336.95,0.49,0.4,2025-05-08,819,NOAA-20,VIIRS,n,2.0,,299.63,2.37,D,0,True,True,553,2025,5,summer,day,336.95,bright_ti4,VIIRS,2.37,0.5785413744740532,0.0487530891934396,30,grassland,sampled,3,moderate_density,natural,other_natural,0.6,A2_GRASSLAND_NATURAL,rule_based_v1.0
VIIRS_SNPP_SP,8.87399,77.98606,330.55,,0.32,0.55,2025-05-11,841,SNPP,VIIRS,n,2.0,299.43,,1.76,D,0,True,True,554,2025,5,summer,day,330.55,brightness,VIIRS,1.76,0.488779803646564,0.0350483037519658,40,cropland,sampled,4,moderate_density,natural,agricultural_burning,0.78,A2_CROPLAND_NATURAL,rule_based_v1.0
VIIRS_SNPP_SP,8.84703,77.94212,337.9,,0.48,0.4,2025-05-12,822,SNPP,VIIRS,n,2.0,307.03,,10.54,D,0,True,True,555,2025,5,summer,day,337.9,brightness,VIIRS,10.54,0.5918653576437585,0.2323073466636711,40,cropland,sampled,8,moderate_density,natural,agricultural_burning,0.78,A2_CROPLAND_NATURAL,rule_based_v1.0
VIIRS_NOAA20_SP,8.85203,77.92131,,335.56,0.39,0.44,2025-05-13,826,NOAA-20,VIIRS,n,2.0,,303.22,2.11,D,0,True,True,556,2025,5,summer,day,335.56,bright_ti4,VIIRS,2.11,0.559046283309958,0.0429117052347787,40,cropland,sampled,4,moderate_density,natural,agricultural_burning,0.78,A2_CROPLAND_NATURAL,rule_based_v1.0
VIIRS_SNPP_SP,8.46378,77.9847,333.81,,0.41,0.37,2025-05-23,816,SNPP,VIIRS,n,2.0,301.14,,2.97,D,0,True,True,557,2025,5,summer,day,333.81,brightness,VIIRS,2.97,0.5345021037868164,0.0622332060211188,40,cropland,sampled,6,moderate_density,natural,agricultural_burning,0.78,A2_CROPLAND_NATURAL,rule_based_v1.0
VIIRS_SNPP_SP,8.46665,77.98046,330.92,,0.41,0.37,2025-05-23,816,SNPP,VIIRS,l,2.0,301.66,,2.97,D,0,True,True,558,2025,5,summer,day,330.92,brightness,VIIRS,2.97,0.4939691444600284,0.0622332060211188,30,grassland,sampled,6,moderate_density,natural,other_natural,0.6,A2_GRASSLAND_NATURAL,rule_based_v1.0
VIIRS_SNPP_SP,8.47566,77.87656,335.21,,0.41,0.37,2025-05-23,816,SNPP,VIIRS,n,2.0,300.46,,2.13,D,0,True,True,559,2025,5,summer,day,335.21,brightness,VIIRS,2.13,0.5541374474053293,0.043361042462368,40,cropland,sampled,2,low_density,natural,agricultural_burning,0.78,A2_CROPLAND_NATURAL,rule_based_v1.0
VIIRS_SNPP_SP,8.73305,77.97042,333.88,,0.41,0.37,2025-05-23,816,SNPP,VIIRS,n,2.0,303.28,,2.32,D,0,True,True,560,2025,5,summer,day,333.88,brightness,VIIRS,2.32,0.535483870967742,0.0476297461244664,30,grassland,sampled,7,moderate_density,natural,other_natural,0.6,A2_GRASSLAND_NATURAL,rule_based_v1.0
VIIRS_NOAA20_SP,8.46173,77.98435,,343.62,0.63,0.54,2025-05-23,838,NOAA-20,VIIRS,n,2.0,,295.16,7.93,D,0,True,True,561,2025,5,summer,day,343.62,bright_ti4,VIIRS,7.93,0.6720897615708276,0.1736688384632666,10,forest,sampled,6,moderate_density,natural,forest_fire,0.62,A2_FOREST_NATURAL,rule_based_v1.0
VIIRS_SNPP_SP,8.8553,78.12244,331.7,,0.49,0.4,2025-05-28,823,SNPP,VIIRS,n,2.0,301.01,,2.92,D,0,True,True,562,2025,5,summer,day,331.7,brightness,VIIRS,2.92,0.5049088359046282,0.0611098629521455,30,grassland,sampled,11,strong_cluster,natural,other_natural,0.6,A2_GRASSLAND_NATURAL,rule_based_v1.0
VIIRS_NOAA20_SP,8.7724,78.08649,,338.3,0.37,0.58,2025-06-01,729,NOAA-20,VIIRS,n,2.0,,295.28,6.81,D,0,True,True,563,2025,6,southwest_monsoon,day,338.3,bright_ti4,VIIRS,6.81,0.5974754558204771,0.1485059537182655,10,forest,sampled,1,low_density,natural,forest_fire,0.8,A2_FOREST_NATURAL,rule_based_v1.0
VIIRS_SNPP_SP,8.7466,77.97872,340.6,,0.39,0.44,2025-06-02,829,SNPP,VIIRS,n,2.0,304.98,,4.07,D,0,True,True,564,2025,6,southwest_monsoon,day,340.6,brightness,VIIRS,4.07,0.6297335203366062,0.0869467535385306,40,cropland,sampled,1,low_density,natural,agricultural_burning,0.78,A2_CROPLAND_NATURAL,rule_based_v1.0
VIIRS_SNPP_SP,8.80078,78.01099,354.23,,0.4,0.44,2025-06-02,829,SNPP,VIIRS,n,2.0,304.14,,6.35,D,0,True,True,565,2025,6,southwest_monsoon,day,354.23,brightness,VIIRS,6.35,0.8208976157082751,0.1381711974837115,20,grassland,sampled,9,moderate_density,natural,other_natural,0.6,A2_GRASSLAND_NATURAL,rule_based_v1.0
VIIRS_SNPP_SP,8.80435,78.00679,332.59,,0.4,0.44,2025-06-02,829,SNPP,VIIRS,l,2.0,304.06,,4.33,D,0,True,True,566,2025,6,southwest_monsoon,day,332.59,brightness,VIIRS,4.33,0.5173913043478258,0.0927881374971916,30,grassland,sampled,9,moderate_density,natural,other_natural,0.6,A2_GRASSLAND_NATURAL,rule_based_v1.0
VIIRS_SNPP_SP,8.81964,77.99725,345.74,,0.4,0.44,2025-06-02,829,SNPP,VIIRS,n,2.0,304.98,,10.99,D,0,True,True,567,2025,6,southwest_monsoon,day,345.74,brightness,VIIRS,10.99,0.7018232819074336,0.2424174342844305,30,grassland,sampled,7,moderate_density,natural,other_natural,0.6,A2_GRASSLAND_NATURAL,rule_based_v1.0
VIIRS_SNPP_SP,8.88093,78.04797,344.99,,0.4,0.44,2025-06-02,829,SNPP,VIIRS,n,2.0,303.5,,6.68,D,0,True,True,568,2025,6,southwest_monsoon,day,344.99,brightness,VIIRS,6.68,0.6913043478260872,0.145585261738935,30,grassland,sampled,19,strong_cluster,natural,other_natural,0.6,A2_GRASSLAND_NATURAL,rule_based_v1.0
VIIRS_SNPP_SP,8.88384,78.04681,367,,0.4,0.44,2025-06-02,829,SNPP,VIIRS,h,2.0,304.09,,9.33,D,0,True,True,569,2025,6,southwest_monsoon,day,367.0,brightness,VIIRS,9.33,1.0,0.2051224443945181,30,grassland,sampled,22,strong_cluster,natural,other_natural,0.6,A2_GRASSLAND_NATURAL,rule_based_v1.0
VIIRS_SNPP_SP,8.88433,78.05045,348.98,,0.4,0.44,2025-06-02,829,SNPP,VIIRS,n,2.0,302.11,,9.33,D,0,True,True,570,2025,6,southwest_monsoon,day,348.98,brightness,VIIRS,9.33,0.7472650771388503,0.2051224443945181,30,grassland,sampled,20,strong_cluster,natural,other_natural,0.6,A2_GRASSLAND_NATURAL,rule_based_v1.0
VIIRS_NOAA20_SP,8.73992,77.96764,,341.94,0.52,0.67,2025-06-02,851,NOAA-20,VIIRS,n,2.0,,293.94,2.71,D,0,True,True,571,2025,6,southwest_monsoon,day,341.94,bright_ti4,VIIRS,2.71,0.6485273492286115,0.0563918220624578,30,grassland,sampled,5,moderate_density,natural,other_natural,0.6,A2_GRASSLAND_NATURAL,rule_based_v1.0
VIIRS_NOAA20_SP,8.80138,78.01201,,330.54,0.53,0.67,2025-06-02,851,NOAA-20,VIIRS,n,2.0,,294.36,2.37,D,0,True,True,572,2025,6,southwest_monsoon,day,330.54,bright_ti4,VIIRS,2.37,0.4886395511921462,0.0487530891934396,20,grassland,sampled,8,moderate_density,natural,other_natural,0.6,A2_GRASSLAND_NATURAL,rule_based_v1.0
VIIRS_SNPP_SP,8.73958,78.0293,334.4,,0.39,0.36,2025-06-03,810,SNPP,VIIRS,l,2.0,304.95,,2.07,D,0,True,True,573,2025,6,southwest_monsoon,day,334.4,brightness,VIIRS,2.07,0.5427769985974752,0.0420130307796,30,grassland,sampled,2,low_density,natural,other_natural,0.76,A2_GRASSLAND_NATURAL,rule_based_v1.0
VIIRS_SNPP_SP,8.75084,78.12464,339.58,,0.39,0.36,2025-06-03,810,SNPP,VIIRS,n,2.0,303.59,,4.57,D,3,True,True,574,2025,6,southwest_monsoon,day,339.58,brightness,VIIRS,4.57,0.6154277699859746,0.0981801842282633,60,bare,sampled,3,moderate_density,natural,other_natural,0.45,A2_AMBIGUOUS_BUILT_OR_BARE_FALLBACK,rule_based_v1.0
VIIRS_SNPP_SP,8.84289,77.99831,342.84,,0.39,0.36,2025-06-03,810,SNPP,VIIRS,n,2.0,306.59,,4.0,D,0,True,True,575,2025,6,southwest_monsoon,day,342.84,brightness,VIIRS,4.0,0.661150070126227,0.0853740732419681,40,cropland,sampled,9,moderate_density,natural,agricultural_burning,0.78,A2_CROPLAND_NATURAL,rule_based_v1.0
VIIRS_NOAA20_SP,8.84015,77.99754,,335.74,0.5,0.49,2025-06-03,832,NOAA-20,VIIRS,n,2.0,,295.79,3.69,D,0,True,True,576,2025,6,southwest_monsoon,day,335.74,bright_ti4,VIIRS,3.69,0.5615708274894813,0.0784093462143338,20,grassland,sampled,11,strong_cluster,natural,other_natural,0.6,A2_GRASSLAND_NATURAL,rule_based_v1.0
MODIS_SP,8.6983,77.9706,337.7,,1.0,1.0,2025-06-04,925,Aqua,MODIS,77,61.03,297.6,,30.2,D,0,True,True,577,2025,6,southwest_monsoon,day,337.7,brightness,MODIS,30.2,0.4227212681638045,0.1523929471032745,30,grassland,sampled,3,moderate_density,natural,other_natural,0.6,A2_GRASSLAND_NATURAL,rule_based_v1.0
VIIRS_SNPP_SP,8.76373,77.9268,332.66,,0.37,0.58,2025-06-05,732,SNPP,VIIRS,n,2.0,296.57,,4.84,D,0,True,True,578,2025,6,southwest_monsoon,day,332.66,brightness,VIIRS,4.84,0.5183730715287522,0.1042462368007189,40,cropland,sampled,2,low_density,natural,agricultural_burning,0.78,A2_CROPLAND_NATURAL,rule_based_v1.0
VIIRS_SNPP_SP,8.76433,77.93014,342.21,,0.37,0.58,2025-06-05,732,SNPP,VIIRS,n,2.0,295.97,,6.03,D,0,True,True,579,2025,6,southwest_monsoon,day,342.21,brightness,VIIRS,6.03,0.652314165497896,0.1309818018422826,40,cropland,sampled,2,low_density,natural,agricultural_burning,0.78,A2_CROPLAND_NATURAL,rule_based_v1.0
VIIRS_SNPP_SP,8.86486,78.10443,330.95,,0.36,0.57,2025-06-05,733,SNPP,VIIRS,n,2.0,298.82,,1.71,D,0,True,True,580,2025,6,southwest_monsoon,day,330.95,brightness,VIIRS,1.71,0.4943899018232818,0.0339249606829925,30,grassland,sampled,4,moderate_density,natural,other_natural,0.6,A2_GRASSLAND_NATURAL,rule_based_v1.0
VIIRS_SNPP_SP,8.86545,78.10767,354.71,,0.36,0.57,2025-06-05,733,SNPP,VIIRS,n,2.0,298.38,,5.27,D,0,True,True,581,2025,6,southwest_monsoon,day,354.71,brightness,VIIRS,5.27,0.8276297335203363,0.113906987193889,50,built_up,sampled,4,moderate_density,natural,other_natural,0.45,A2_AMBIGUOUS_BUILT_OR_BARE_FALLBACK,rule_based_v1.0
VIIRS_NOAA20_SP,8.86369,78.10719,,339.69,0.44,0.39,2025-06-05,755,NOAA-20,VIIRS,n,2.0,,306.22,2.97,D,0,True,True,582,2025,6,southwest_monsoon,day,339.69,bright_ti4,VIIRS,2.97,0.6169705469845722,0.0622332060211188,30,grassland,sampled,4,moderate_density,natural,other_natural,0.6,A2_GRASSLAND_NATURAL,rule_based_v1.0
VIIRS_NOAA20_SP,8.86721,78.10663,,338.72,0.44,0.39,2025-06-05,755,NOAA-20,VIIRS,n,2.0,,305.04,2.97,D,0,True,True,583,2025,6,southwest_monsoon,day,338.72,bright_ti4,VIIRS,2.97,0.6033660589060313,0.0622332060211188,20,grassland,sampled,4,moderate_density,natural,other_natural,0.6,A2_GRASSLAND_NATURAL,rule_based_v1.0
VIIRS_NOAA20_SP,8.94451,78.13512,,337.75,0.44,0.38,2025-06-05,755,NOAA-20,VIIRS,n,2.0,,306.23,8.55,D,0,True,True,584,2025,6,southwest_monsoon,day,337.75,bright_ti4,VIIRS,8.55,0.5897615708274896,0.1875982925185352,30,grassland,sampled,5,moderate_density,natural,other_natural,0.6,A2_GRASSLAND_NATURAL,rule_based_v1.0
MODIS_SP,8.795,78.0096,325.4,,1.2,1.1,2025-06-07,426,Terra,MODIS,76,61.03,305.2,,12.2,D,0,True,True,585,2025,6,southwest_monsoon,day,325.4,brightness,MODIS,12.2,0.260237780713342,0.0390428211586901,20,grassland,sampled,10,strong_cluster,natural,other_natural,0.6,A2_GRASSLAND_NATURAL,rule_based_v1.0
MODIS_SP,8.7966,77.9989,324.1,,1.2,1.1,2025-06-07,426,Terra,MODIS,72,61.03,305.4,,9.4,D,0,True,True,586,2025,6,southwest_monsoon,day,324.1,brightness,MODIS,9.4,0.243064729194188,0.0214105793450881,20,grassland,sampled,8,moderate_density,natural,other_natural,0.6,A2_GRASSLAND_NATURAL,rule_based_v1.0
VIIRS_NOAA20_SP,8.73001,77.96002,,367,0.62,0.71,2025-06-07,717,NOAA-20,VIIRS,h,2.0,,297.32,13.94,D,0,True,True,587,2025,6,southwest_monsoon,day,367.0,bright_ti4,VIIRS,13.94,1.0,0.3086946753538531,20,grassland,sampled,11,strong_cluster,natural,other_natural,0.6,A2_GRASSLAND_NATURAL,rule_based_v1.0
VIIRS_NOAA20_SP,8.79757,77.99899,,335.55,0.61,0.71,2025-06-07,717,NOAA-20,VIIRS,n,2.0,,297.05,6.98,D,0,True,True,588,2025,6,southwest_monsoon,day,335.55,bright_ti4,VIIRS,6.98,0.5589060308555402,0.1523253201527746,20,grassland,sampled,7,moderate_density,natural,other_natural,0.6,A2_GRASSLAND_NATURAL,rule_based_v1.0
VIIRS_NOAA20_SP,8.79862,78.00446,,351.97,0.61,0.71,2025-06-07,717,NOAA-20,VIIRS,n,2.0,,297.52,6.98,D,0,True,True,589,2025,6,southwest_monsoon,day,351.97,bright_ti4,VIIRS,6.98,0.7892005610098181,0.1523253201527746,20,grassland,sampled,12,strong_cluster,natural,other_natural,0.6,A2_GRASSLAND_NATURAL,rule_based_v1.0
VIIRS_NOAA20_SP,8.87451,78.05225,,333.09,0.61,0.71,2025-06-07,717,NOAA-20,VIIRS,n,2.0,,295.04,4.45,D,0,True,True,590,2025,6,southwest_monsoon,day,333.09,bright_ti4,VIIRS,4.45,0.5244039270687234,0.0954841608627274,20,grassland,sampled,7,moderate_density,natural,other_natural,0.6,A2_GRASSLAND_NATURAL,rule_based_v1.0
VIIRS_NOAA20_SP,8.87511,78.05111,,333.55,0.61,0.71,2025-06-07,717,NOAA-20,VIIRS,n,2.0,,295.44,5.28,D,0,True,True,591,2025,6,southwest_monsoon,day,333.55,bright_ti4,VIIRS,5.28,0.5308555399719498,0.1141316558076836,30,grassland,sampled,9,moderate_density,natural,other_natural,0.6,A2_GRASSLAND_NATURAL,rule_based_v1.0
VIIRS_SNPP_SP,8.50074,77.90498,344.94,,0.49,0.49,2025-06-07,835,SNPP,VIIRS,n,2.0,306.32,,15.34,D,0,True,True,592,2025,6,southwest_monsoon,day,344.94,brightness,VIIRS,15.34,0.6906030855539972,0.3401482812851045,30,grassland,sampled,1,low_density,natural,other_natural,0.76,A2_GRASSLAND_NATURAL,rule_based_v1.0
VIIRS_SNPP_SP,8.73107,77.9539,334.49,,0.5,0.49,2025-06-07,835,SNPP,VIIRS,l,2.0,307.33,,3.64,D,0,True,True,593,2025,6,southwest_monsoon,day,334.49,brightness,VIIRS,3.64,0.5440392706872372,0.0772860031453605,40,cropland,sampled,9,moderate_density,natural,agricultural_burning,0.78,A2_CROPLAND_NATURAL,rule_based_v1.0
VIIRS_SNPP_SP,8.7317,77.95847,354.77,,0.5,0.49,2025-06-07,835,SNPP,VIIRS,n,2.0,308.73,,6.25,D,0,True,True,594,2025,6,southwest_monsoon,day,354.77,brightness,VIIRS,6.25,0.828471248246844,0.135924511345765,30,grassland,sampled,11,strong_cluster,natural,other_natural,0.6,A2_GRASSLAND_NATURAL,rule_based_v1.0
VIIRS_SNPP_SP,8.73622,77.95785,339.57,,0.5,0.49,2025-06-07,835,SNPP,VIIRS,n,2.0,304.47,,6.25,D,0,True,True,595,2025,6,southwest_monsoon,day,339.57,brightness,VIIRS,6.25,0.6152875175315567,0.135924511345765,40,cropland,sampled,11,strong_cluster,natural,agricultural_burning,0.82,A2_CROPLAND_NATURAL,rule_based_v1.0
VIIRS_SNPP_SP,8.80301,77.99798,341.61,,0.5,0.49,2025-06-07,835,SNPP,VIIRS,n,2.0,306.1,,6.9,D,0,True,True,596,2025,6,southwest_monsoon,day,341.61,brightness,VIIRS,6.9,0.6438990182328194,0.1505279712424174,20,grassland,sampled,8,moderate_density,natural,other_natural,0.6,A2_GRASSLAND_NATURAL,rule_based_v1.0
VIIRS_SNPP_SP,8.80363,78.00259,350.47,,0.5,0.49,2025-06-07,835,SNPP,VIIRS,n,2.0,306.86,,6.9,D,0,True,True,597,2025,6,southwest_monsoon,day,350.47,brightness,VIIRS,6.9,0.7681626928471252,0.1505279712424174,20,grassland,sampled,8,moderate_density,natural,other_natural,0.6,A2_GRASSLAND_NATURAL,rule_based_v1.0
VIIRS_SNPP_SP,8.88853,78.04745,333.76,,0.51,0.49,2025-06-07,835,SNPP,VIIRS,n,2.0,303,,5.22,D,0,True,True,598,2025,6,southwest_monsoon,day,333.76,brightness,VIIRS,5.22,0.5338008415147265,0.1127836441249157,30,grassland,sampled,28,strong_cluster,natural,other_natural,0.6,A2_GRASSLAND_NATURAL,rule_based_v1.0
VIIRS_SNPP_SP,8.88886,78.0484,338.97,,0.51,0.49,2025-06-07,835,SNPP,VIIRS,n,2.0,303.34,,6.28,D,0,True,True,599,2025,6,southwest_monsoon,day,338.97,brightness,VIIRS,6.28,0.6068723702664801,0.1365985171871489,30,grassland,sampled,27,strong_cluster,natural,other_natural,0.6,A2_GRASSLAND_NATURAL,rule_based_v1.0
VIIRS_NOAA20_SP,8.84179,78.05372,,342.61,0.68,0.74,2025-06-07,857,NOAA-20,VIIRS,n,2.0,,294.17,5.6,D,0,True,True,600,2025,6,southwest_monsoon,day,342.61,bright_ti4,VIIRS,5.6,0.6579242636746145,0.1213210514491125,30,grassland,sampled,8,moderate_density,natural,other_natural,0.6,A2_GRASSLAND_NATURAL,rule_based_v1.0
VIIRS_SNPP_SP,8.64519,78.09661,341.28,,0.42,0.37,2025-06-08,816,SNPP,VIIRS,n,2.0,303.6,,5.63,D,0,True,True,601,2025,6,southwest_monsoon,day,341.28,brightness,VIIRS,5.63,0.6392706872370263,0.1219950572904965,20,grassland,sampled,6,moderate_density,natural,other_natural,0.6,A2_GRASSLAND_NATURAL,rule_based_v1.0
VIIRS_SNPP_SP,8.71607,78.10889,334.77,,0.42,0.37,2025-06-08,816,SNPP,VIIRS,n,2.0,300.82,,1.84,D,0,True,True,602,2025,6,southwest_monsoon,day,334.77,brightness,VIIRS,1.84,0.5479663394109395,0.036845652662323,20,grassland,sampled,10,strong_cluster,natural,other_natural,0.6,A2_GRASSLAND_NATURAL,rule_based_v1.0
VIIRS_SNPP_SP,8.8995,77.95856,347.4,,0.41,0.37,2025-06-08,816,SNPP,VIIRS,n,2.0,306.34,,9.75,D,0,True,True,603,2025,6,southwest_monsoon,day,347.4,brightness,VIIRS,9.75,0.7251051893408131,0.2145585261738935,30,grassland,sampled,5,moderate_density,natural,other_natural,0.6,A2_GRASSLAND_NATURAL,rule_based_v1.0
VIIRS_SNPP_SP,8.90006,77.96232,340.39,,0.41,0.37,2025-06-08,816,SNPP,VIIRS,n,2.0,305.89,,8.32,D,0,True,True,604,2025,6,southwest_monsoon,day,340.39,brightness,VIIRS,8.32,0.6267882187938287,0.1824309144012581,40,cropland,sampled,5,moderate_density,natural,agricultural_burning,0.78,A2_CROPLAND_NATURAL,rule_based_v1.0
VIIRS_NOAA20_SP,8.64705,78.0954,,346.22,0.32,0.55,2025-06-08,838,NOAA-20,VIIRS,n,2.0,,295.75,3.25,D,0,True,True,605,2025,6,southwest_monsoon,day,346.22,bright_ti4,VIIRS,3.25,0.7085553997194955,0.0685239272073691,20,grassland,sampled,6,moderate_density,natural,other_natural,0.6,A2_GRASSLAND_NATURAL,rule_based_v1.0
VIIRS_SNPP_SP,8.6834,77.96423,343.59,,0.45,0.39,2025-06-09,758,SNPP,VIIRS,n,2.0,298.53,,3.21,D,0,True,True,606,2025,6,southwest_monsoon,day,343.59,brightness,VIIRS,3.21,0.6716690042075734,0.0676252527521905,30,grassland,sampled,7,moderate_density,natural,other_natural,0.6,A2_GRASSLAND_NATURAL,rule_based_v1.0
VIIRS_SNPP_SP,8.68632,77.9596,336.02,,0.45,0.39,2025-06-09,758,SNPP,VIIRS,n,2.0,298.17,,2.45,D,0,True,True,607,2025,6,southwest_monsoon,day,336.02,brightness,VIIRS,2.45,0.5654978962131836,0.0505504381037969,20,grassland,sampled,7,moderate_density,natural,other_natural,0.6,A2_GRASSLAND_NATURAL,rule_based_v1.0
VIIRS_SNPP_SP,8.68696,77.96366,336.65,,0.45,0.39,2025-06-09,758,SNPP,VIIRS,n,2.0,298.98,,3.21,D,0,True,True,608,2025,6,southwest_monsoon,day,336.65,brightness,VIIRS,3.21,0.5743338008415145,0.0676252527521905,20,grassland,sampled,7,moderate_density,natural,other_natural,0.6,A2_GRASSLAND_NATURAL,rule_based_v1.0
VIIRS_SNPP_SP,8.75444,77.95811,337.58,,0.45,0.39,2025-06-09,758,SNPP,VIIRS,n,2.0,299.43,,3.51,D,0,True,True,609,2025,6,southwest_monsoon,day,337.58,brightness,VIIRS,3.51,0.5873772791023841,0.0743653111660301,30,grassland,sampled,7,moderate_density,natural,other_natural,0.6,A2_GRASSLAND_NATURAL,rule_based_v1.0
VIIRS_SNPP_SP,8.75509,77.96214,347.23,,0.45,0.39,2025-06-09,758,SNPP,VIIRS,n,2.0,300.3,,7.44,D,0,True,True,610,2025,6,southwest_monsoon,day,347.23,brightness,VIIRS,7.44,0.7227208976157086,0.1626600763873287,40,cropland,sampled,8,moderate_density,natural,agricultural_burning,0.78,A2_CROPLAND_NATURAL,rule_based_v1.0
VIIRS_SNPP_SP,8.75573,77.96619,367,,0.45,0.39,2025-06-09,758,SNPP,VIIRS,h,2.0,300.62,,7.44,D,0,True,True,611,2025,6,southwest_monsoon,day,367.0,brightness,VIIRS,7.44,1.0,0.1626600763873287,30,grassland,sampled,7,moderate_density,natural,other_natural,0.6,A2_GRASSLAND_NATURAL,rule_based_v1.0
VIIRS_NOAA20_SP,8.57985,78.02356,,344.14,0.48,0.4,2025-06-09,820,NOAA-20,VIIRS,n,2.0,,299.03,5.0,D,0,True,True,612,2025,6,southwest_monsoon,day,344.14,bright_ti4,VIIRS,5.0,0.6793828892005609,0.1078409346214333,10,forest,sampled,2,low_density,natural,forest_fire,0.8,A2_FOREST_NATURAL,rule_based_v1.0
VIIRS_NOAA20_SP,8.68644,77.96062,,337.52,0.48,0.4,2025-06-09,820,NOAA-20,VIIRS,n,2.0,,297.26,2.88,D,0,True,True,613,2025,6,southwest_monsoon,day,337.52,bright_ti4,VIIRS,2.88,0.5865357643758764,0.0602111884969669,20,grassland,sampled,7,moderate_density,natural,other_natural,0.6,A2_GRASSLAND_NATURAL,rule_based_v1.0
VIIRS_NOAA20_SP,8.75319,77.95661,,334.41,0.48,0.4,2025-06-09,820,NOAA-20,VIIRS,n,2.0,,294.47,2.54,D,0,True,True,614,2025,6,southwest_monsoon,day,334.41,bright_ti4,VIIRS,2.54,0.5429172510518938,0.0525724556279487,40,cropland,sampled,6,moderate_density,natural,agricultural_burning,0.78,A2_CROPLAND_NATURAL,rule_based_v1.0
VIIRS_NOAA20_SP,8.7538,77.96093,,330.77,0.48,0.4,2025-06-09,820,NOAA-20,VIIRS,n,2.0,,295.36,3.54,D,0,True,True,615,2025,6,southwest_monsoon,day,330.77,bright_ti4,VIIRS,3.54,0.4918653576437586,0.075039317007414,30,grassland,sampled,8,moderate_density,natural,other_natural,0.6,A2_GRASSLAND_NATURAL,rule_based_v1.0
VIIRS_NOAA20_SP,8.86342,77.91884,,333.22,0.48,0.4,2025-06-09,820,NOAA-20,VIIRS,n,2.0,,293.67,1.73,D,0,True,True,616,2025,6,southwest_monsoon,day,333.22,bright_ti4,VIIRS,1.73,0.5262272089761575,0.0343742979105818,40,cropland,sampled,2,low_density,natural,agricultural_burning,0.78,A2_CROPLAND_NATURAL,rule_based_v1.0
MODIS_SP,8.7349,77.9637,324.4,,1.0,1.0,2025-06-09,923,Aqua,MODIS,77,61.03,295.6,,7.3,D,0,True,True,617,2025,6,southwest_monsoon,day,324.4,brightness,MODIS,7.3,0.2470277410832231,0.0081863979848866,40,cropland,sampled,9,moderate_density,natural,agricultural_burning,0.78,A2_CROPLAND_NATURAL,rule_based_v1.0
VIIRS_NOAA20_SP,8.69818,77.96679,,345.34,0.4,0.37,2025-06-10,801,NOAA-20,VIIRS,n,2.0,,296.72,4.77,D,0,True,True,618,2025,6,southwest_monsoon,day,345.34,bright_ti4,VIIRS,4.77,0.696213183730715,0.1026735565041563,30,grassland,sampled,4,moderate_density,natural,other_natural,0.6,A2_GRASSLAND_NATURAL,rule_based_v1.0
VIIRS_NOAA20_SP,8.85211,77.97812,,336.69,0.4,0.37,2025-06-10,801,NOAA-20,VIIRS,n,2.0,,289.71,3.54,D,0,True,True,619,2025,6,southwest_monsoon,day,336.69,bright_ti4,VIIRS,3.54,0.5748948106591866,0.075039317007414,10,forest,sampled,8,moderate_density,natural,forest_fire,0.62,A2_FOREST_NATURAL,rule_based_v1.0
VIIRS_NOAA20_SP,8.86699,78.15597,,333.22,0.39,0.36,2025-06-10,801,NOAA-20,VIIRS,n,2.0,,288.46,1.9,D,0,True,True,620,2025,6,southwest_monsoon,day,333.22,bright_ti4,VIIRS,1.9,0.5262272089761575,0.0381936643450909,20,grassland,sampled,73,strong_cluster,natural,other_natural,0.6,A2_GRASSLAND_NATURAL,rule_based_v1.0
VIIRS_NOAA20_SP,8.87885,78.14935,,343.45,0.39,0.36,2025-06-10,801,NOAA-20,VIIRS,n,2.0,,289.77,3.49,D,0,True,True,621,2025,6,southwest_monsoon,day,343.45,bright_ti4,VIIRS,3.49,0.6697054698457222,0.0739159739384408,10,forest,sampled,7,moderate_density,natural,forest_fire,0.62,A2_FOREST_NATURAL,rule_based_v1.0
MODIS_SP,8.69,77.9934,321.7,,1.3,1.1,2025-06-12,426,Terra,MODIS,73,61.03,299.6,,9.2,D,0,True,True,622,2025,6,southwest_monsoon,day,321.7,brightness,MODIS,9.2,0.2113606340819022,0.0201511335012594,30,grassland,sampled,2,low_density,natural,other_natural,0.76,A2_GRASSLAND_NATURAL,rule_based_v1.0
VIIRS_SNPP_SP,8.54091,77.95373,336.44,,0.48,0.4,2025-06-13,823,SNPP,VIIRS,n,2.0,299.27,,1.63,D,0,True,True,623,2025,6,southwest_monsoon,day,336.44,brightness,VIIRS,1.63,0.5713884992987378,0.0321276117726353,10,forest,sampled,1,low_density,natural,forest_fire,0.8,A2_FOREST_NATURAL,rule_based_v1.0
VIIRS_SNPP_SP,8.85261,77.98675,339.3,,0.4,0.37,2025-06-14,804,SNPP,VIIRS,n,2.0,300.13,,3.53,D,0,True,True,624,2025,6,southwest_monsoon,day,339.3,brightness,VIIRS,3.53,0.6115007012622723,0.0748146483936194,20,grassland,sampled,5,moderate_density,natural,other_natural,0.6,A2_GRASSLAND_NATURAL,rule_based_v1.0
VIIRS_SNPP_SP,8.8919,78.05328,343.94,,0.39,0.36,2025-06-14,804,SNPP,VIIRS,n,2.0,292.03,,5.92,D,0,True,True,625,2025,6,southwest_monsoon,day,343.94,brightness,VIIRS,5.92,0.676577840112202,0.1285104470905414,40,cropland,sampled,15,strong_cluster,natural,agricultural_burning,0.82,A2_CROPLAND_NATURAL,rule_based_v1.0
VIIRS_SNPP_SP,8.89245,78.05685,344.45,,0.39,0.36,2025-06-14,804,SNPP,VIIRS,n,2.0,289.78,,7.99,D,0,True,True,626,2025,6,southwest_monsoon,day,344.45,brightness,VIIRS,7.99,0.6837307152875174,0.1750168501460346,40,cropland,sampled,9,moderate_density,natural,agricultural_burning,0.78,A2_CROPLAND_NATURAL,rule_based_v1.0
VIIRS_NOAA20_SP,8.60564,77.96456,,335.23,0.55,0.43,2025-06-16,748,NOAA-20,VIIRS,n,2.0,,286.89,5.17,D,0,True,True,627,2025,6,southwest_monsoon,day,335.23,bright_ti4,VIIRS,5.17,0.5544179523141658,0.1116603010559424,10,forest,sampled,5,moderate_density,natural,forest_fire,0.62,A2_FOREST_NATURAL,rule_based_v1.0
VIIRS_NOAA20_SP,8.84088,78.02531,,335.95,0.54,0.42,2025-06-16,748,NOAA-20,VIIRS,n,2.0,,297.44,20.63,D,0,True,True,628,2025,6,southwest_monsoon,day,335.95,bright_ti4,VIIRS,20.63,0.564516129032258,0.4589979779824759,40,cropland,sampled,3,moderate_density,natural,agricultural_burning,0.78,A2_CROPLAND_NATURAL,rule_based_v1.0
VIIRS_NOAA20_SP,8.84168,78.03017,,344.01,0.54,0.42,2025-06-16,748,NOAA-20,VIIRS,n,2.0,,296.73,20.63,D,0,True,True,629,2025,6,southwest_monsoon,day,344.01,bright_ti4,VIIRS,20.63,0.6775596072931276,0.4589979779824759,30,grassland,sampled,6,moderate_density,natural,other_natural,0.6,A2_GRASSLAND_NATURAL,rule_based_v1.0
VIIRS_SNPP_SP,8.45622,78.03019,342.8,,0.39,0.44,2025-06-18,829,SNPP,VIIRS,n,2.0,299.06,,4.88,D,0,True,True,630,2025,6,southwest_monsoon,day,342.8,brightness,VIIRS,4.88,0.6605890603085556,0.1051449112558975,10,forest,sampled,1,low_density,natural,forest_fire,0.8,A2_FOREST_NATURAL,rule_based_v1.0
VIIRS_SNPP_SP,8.5902,78.13251,332.64,,0.4,0.44,2025-06-18,829,SNPP,VIIRS,n,2.0,298.84,,5.13,D,0,True,True,631,2025,6,southwest_monsoon,day,332.64,brightness,VIIRS,5.13,0.5180925666199158,0.1107616266007638,20,grassland,sampled,8,moderate_density,natural,other_natural,0.6,A2_GRASSLAND_NATURAL,rule_based_v1.0
VIIRS_SNPP_SP,8.59071,78.13617,342.19,,0.4,0.44,2025-06-18,829,SNPP,VIIRS,n,2.0,298.07,,5.13,D,0,True,True,632,2025,6,southwest_monsoon,day,342.19,brightness,VIIRS,5.13,0.6520336605890603,0.1107616266007638,20,grassland,sampled,7,moderate_density,natural,other_natural,0.6,A2_GRASSLAND_NATURAL,rule_based_v1.0
VIIRS_SNPP_SP,8.72285,78.07253,339.38,,0.4,0.44,2025-06-18,829,SNPP,VIIRS,n,2.0,297,,2.81,D,0,True,True,633,2025,6,southwest_monsoon,day,339.38,brightness,VIIRS,2.81,0.6126227208976157,0.0586385082004044,90,grassland,sampled,1,low_density,natural,other_natural,0.76,A2_GRASSLAND_NATURAL,rule_based_v1.0
VIIRS_SNPP_SP,8.74283,78.09579,330.07,,0.4,0.44,2025-06-18,829,SNPP,VIIRS,n,2.0,296.47,,1.8,D,0,True,True,634,2025,6,southwest_monsoon,day,330.07,brightness,VIIRS,1.8,0.4820476858345021,0.0359469782071444,40,cropland,sampled,3,moderate_density,natural,agricultural_burning,0.78,A2_CROPLAND_NATURAL,rule_based_v1.0
VIIRS_SNPP_SP,8.87751,78.15092,331.55,,0.41,0.45,2025-06-18,829,SNPP,VIIRS,n,2.0,293.94,,2.31,D,0,True,True,635,2025,6,southwest_monsoon,day,331.55,brightness,VIIRS,2.31,0.5028050490883593,0.0474050775106717,20,grassland,sampled,13,strong_cluster,natural,other_natural,0.6,A2_GRASSLAND_NATURAL,rule_based_v1.0
VIIRS_SNPP_SP,8.78916,78.09531,330.68,,0.39,0.36,2025-06-19,810,SNPP,VIIRS,n,2.0,292.48,,1.42,D,0,True,True,636,2025,6,southwest_monsoon,day,330.68,brightness,VIIRS,1.42,0.4906030855539974,0.0274095708829476,20,grassland,sampled,5,moderate_density,natural,other_natural,0.6,A2_GRASSLAND_NATURAL,rule_based_v1.0
VIIRS_SNPP_SP,8.85134,77.92432,333.69,,0.38,0.36,2025-06-19,810,SNPP,VIIRS,n,2.0,288.46,,1.65,D,0,True,True,637,2025,6,southwest_monsoon,day,333.69,brightness,VIIRS,1.65,0.5328190743338009,0.0325769490002246,40,cropland,sampled,5,moderate_density,natural,agricultural_burning,0.78,A2_CROPLAND_NATURAL,rule_based_v1.0
VIIRS_SNPP_SP,8.85466,77.92381,335.72,,0.38,0.36,2025-06-19,810,SNPP,VIIRS,n,2.0,288.15,,1.65,D,0,True,True,638,2025,6,southwest_monsoon,day,335.72,brightness,VIIRS,1.65,0.5612903225806456,0.0325769490002246,20,grassland,sampled,5,moderate_density,natural,other_natural,0.6,A2_GRASSLAND_NATURAL,rule_based_v1.0
VIIRS_SNPP_SP,8.87843,78.14909,333.19,,0.39,0.36,2025-06-19,810,SNPP,VIIRS,n,2.0,293.26,,2.19,D,0,True,True,639,2025,6,southwest_monsoon,day,333.19,brightness,VIIRS,2.19,0.5258064516129033,0.0447090541451359,10,forest,sampled,8,moderate_density,natural,forest_fire,0.62,A2_FOREST_NATURAL,rule_based_v1.0
VIIRS_SNPP_SP,8.89516,78.05701,333.45,,0.39,0.36,2025-06-19,810,SNPP,VIIRS,n,2.0,292.39,,2.72,D,0,True,True,640,2025,6,southwest_monsoon,day,333.45,brightness,VIIRS,2.72,0.5294530154277699,0.0566164906762525,20,grassland,sampled,8,moderate_density,natural,other_natural,0.6,A2_GRASSLAND_NATURAL,rule_based_v1.0
VIIRS_SNPP_SP,8.89569,78.06051,348.48,,0.39,0.36,2025-06-19,810,SNPP,VIIRS,n,2.0,294.41,,5.8,D,0,True,True,641,2025,6,southwest_monsoon,day,348.48,brightness,VIIRS,5.8,0.7402524544179526,0.1258144237250056,30,grassland,sampled,5,moderate_density,natural,other_natural,0.6,A2_GRASSLAND_NATURAL,rule_based_v1.0
MODIS_SP,8.7847,78.1901,313.7,,1.1,1.0,2025-06-19,919,Aqua,MODIS,59,61.03,298.7,,8.8,D,3,True,True,642,2025,6,southwest_monsoon,day,313.7,brightness,MODIS,8.8,0.1056803170409511,0.017632241813602,60,bare,sampled,4,moderate_density,natural,other_natural,0.45,A2_AMBIGUOUS_BUILT_OR_BARE_FALLBACK,rule_based_v1.0
VIIRS_SNPP_SP,8.42808,77.85905,333.1,,0.55,0.43,2025-06-20,751,SNPP,VIIRS,n,2.0,301.12,,3.57,D,0,True,True,643,2025,6,southwest_monsoon,day,333.1,brightness,VIIRS,3.57,0.524544179523142,0.075713322848798,30,grassland,sampled,1,low_density,natural,other_natural,0.76,A2_GRASSLAND_NATURAL,rule_based_v1.0
VIIRS_SNPP_SP,8.61919,77.92162,335.99,,0.54,0.42,2025-06-20,751,SNPP,VIIRS,n,2.0,297.01,,5.54,D,0,True,True,644,2025,6,southwest_monsoon,day,335.99,brightness,VIIRS,5.54,0.56507713884993,0.1199730397663446,10,forest,sampled,9,moderate_density,natural,forest_fire,0.62,A2_FOREST_NATURAL,rule_based_v1.0
VIIRS_SNPP_SP,8.71397,78.10798,347.31,,0.53,0.42,2025-06-20,751,SNPP,VIIRS,n,2.0,300.92,,14.36,D,0,True,True,645,2025,6,southwest_monsoon,day,347.31,brightness,VIIRS,14.36,0.723842917251052,0.3181307571332285,30,grassland,sampled,10,strong_cluster,natural,other_natural,0.6,A2_GRASSLAND_NATURAL,rule_based_v1.0
VIIRS_SNPP_SP,8.86999,78.13338,338.82,,0.53,0.42,2025-06-20,751,SNPP,VIIRS,n,2.0,300.93,,8.23,D,0,True,True,646,2025,6,southwest_monsoon,day,338.82,brightness,VIIRS,8.23,0.6047685834502103,0.1804088968771063,30,grassland,sampled,5,moderate_density,natural,other_natural,0.6,A2_GRASSLAND_NATURAL,rule_based_v1.0
VIIRS_SNPP_SP,8.88831,78.0444,339.05,,0.53,0.42,2025-06-20,751,SNPP,VIIRS,n,2.0,299.03,,3.4,D,0,True,True,647,2025,6,southwest_monsoon,day,339.05,brightness,VIIRS,3.4,0.6079943899018235,0.0718939564142889,40,cropland,sampled,27,strong_cluster,natural,agricultural_burning,0.82,A2_CROPLAND_NATURAL,rule_based_v1.0
VIIRS_SNPP_SP,8.89774,77.95826,342.9,,0.54,0.42,2025-06-20,751,SNPP,VIIRS,n,2.0,301.93,,7.03,D,0,True,True,648,2025,6,southwest_monsoon,day,342.9,brightness,VIIRS,7.03,0.6619915848527347,0.1534486632217479,40,cropland,sampled,5,moderate_density,natural,agricultural_burning,0.78,A2_CROPLAND_NATURAL,rule_based_v1.0
VIIRS_NOAA20_SP,8.522,77.90981,,338.79,0.41,0.37,2025-06-20,813,NOAA-20,VIIRS,n,2.0,,302.35,3.35,D,0,True,True,649,2025,6,southwest_monsoon,day,338.79,bright_ti4,VIIRS,3.35,0.6043478260869569,0.0707706133453156,40,cropland,sampled,1,low_density,natural,agricultural_burning,0.78,A2_CROPLAND_NATURAL,rule_based_v1.0
VIIRS_NOAA20_SP,8.7125,78.10965,,342.67,0.42,0.37,2025-06-20,814,NOAA-20,VIIRS,n,2.0,,301.73,4.1,D,0,True,True,650,2025,6,southwest_monsoon,day,342.67,bright_ti4,VIIRS,4.1,0.6587657784011223,0.0876207593799146,50,built_up,sampled,10,strong_cluster,industrial,,0.86,A2_DENSE_BUILT_OR_BARE_INDUSTRIAL,rule_based_v1.0
VIIRS_NOAA20_SP,8.71593,78.10914,,340.19,0.42,0.37,2025-06-20,814,NOAA-20,VIIRS,n,2.0,,298.95,4.1,D,0,True,True,651,2025,6,southwest_monsoon,day,340.19,bright_ti4,VIIRS,4.1,0.6239831697054699,0.0876207593799146,20,grassland,sampled,10,strong_cluster,natural,other_natural,0.6,A2_GRASSLAND_NATURAL,rule_based_v1.0
VIIRS_NOAA20_SP,8.88861,78.04537,,342.38,0.41,0.37,2025-06-20,814,NOAA-20,VIIRS,n,2.0,,303.77,5.05,D,0,True,True,652,2025,6,southwest_monsoon,day,342.38,bright_ti4,VIIRS,5.05,0.6546984572230014,0.1089642776904066,40,cropland,sampled,28,strong_cluster,natural,agricultural_burning,0.82,A2_CROPLAND_NATURAL,rule_based_v1.0
VIIRS_SNPP_SP,8.59029,78.13535,348.27,,0.36,0.57,2025-06-21,733,SNPP,VIIRS,n,2.0,298.42,,2.76,D,0,True,True,653,2025,6,southwest_monsoon,day,348.27,brightness,VIIRS,2.76,0.7373071528751751,0.0575151651314311,20,grassland,sampled,7,moderate_density,natural,other_natural,0.6,A2_GRASSLAND_NATURAL,rule_based_v1.0
VIIRS_SNPP_SP,8.65301,78.09571,332.98,,0.36,0.57,2025-06-21,733,SNPP,VIIRS,n,2.0,297.82,,3.7,D,0,True,True,654,2025,6,southwest_monsoon,day,332.98,brightness,VIIRS,3.7,0.5228611500701266,0.0786340148281285,20,grassland,sampled,7,moderate_density,natural,other_natural,0.6,A2_GRASSLAND_NATURAL,rule_based_v1.0
VIIRS_SNPP_SP,8.7898,78.01751,343.82,,0.36,0.58,2025-06-21,733,SNPP,VIIRS,n,2.0,298.24,,3.7,D,0,True,True,655,2025,6,southwest_monsoon,day,343.82,brightness,VIIRS,3.7,0.6748948106591864,0.0786340148281285,20,grassland,sampled,10,strong_cluster,natural,other_natural,0.6,A2_GRASSLAND_NATURAL,rule_based_v1.0
VIIRS_SNPP_SP,8.78989,78.07867,337.56,,0.36,0.57,2025-06-21,733,SNPP,VIIRS,n,2.0,298.42,,1.39,D,0,True,True,656,2025,6,southwest_monsoon,day,337.56,brightness,VIIRS,1.39,0.5870967741935484,0.0267355650415636,20,grassland,sampled,1,low_density,natural,other_natural,0.76,A2_GRASSLAND_NATURAL,rule_based_v1.0
VIIRS_SNPP_SP,8.7904,78.02081,343.34,,0.36,0.58,2025-06-21,733,SNPP,VIIRS,n,2.0,298.43,,4.66,D,0,True,True,657,2025,6,southwest_monsoon,day,343.34,brightness,VIIRS,4.66,0.6681626928471245,0.1002022017524151,20,grassland,sampled,8,moderate_density,natural,other_natural,0.6,A2_GRASSLAND_NATURAL,rule_based_v1.0
VIIRS_SNPP_SP,8.7951,78.01656,340.37,,0.36,0.58,2025-06-21,733,SNPP,VIIRS,n,2.0,299.3,,2.54,D,0,True,True,658,2025,6,southwest_monsoon,day,340.37,brightness,VIIRS,2.54,0.6265077138849932,0.0525724556279487,20,grassland,sampled,12,strong_cluster,natural,other_natural,0.6,A2_GRASSLAND_NATURAL,rule_based_v1.0
VIIRS_SNPP_SP,8.7957,78.01987,341.28,,0.36,0.58,2025-06-21,733,SNPP,VIIRS,n,2.0,297.6,,2.28,D,0,True,True,659,2025,6,southwest_monsoon,day,341.28,brightness,VIIRS,2.28,0.6392706872370263,0.0467310716692877,20,grassland,sampled,9,moderate_density,natural,other_natural,0.6,A2_GRASSLAND_NATURAL,rule_based_v1.0
VIIRS_SNPP_SP,8.79981,78.01231,330.75,,0.36,0.58,2025-06-21,733,SNPP,VIIRS,n,2.0,299.34,,2.54,D,0,True,True,660,2025,6,southwest_monsoon,day,330.75,brightness,VIIRS,2.54,0.4915848527349229,0.0525724556279487,20,grassland,sampled,10,strong_cluster,natural,other_natural,0.6,A2_GRASSLAND_NATURAL,rule_based_v1.0
VIIRS_SNPP_SP,8.81278,77.99294,334.27,,0.36,0.58,2025-06-21,733,SNPP,VIIRS,n,2.0,300.28,,3.17,D,0,True,True,661,2025,6,southwest_monsoon,day,334.27,brightness,VIIRS,3.17,0.5409537166900419,0.0667265782970119,40,cropland,sampled,2,low_density,natural,agricultural_burning,0.78,A2_CROPLAND_NATURAL,rule_based_v1.0
VIIRS_SNPP_SP,8.82633,78.00764,330.17,,0.36,0.58,2025-06-21,733,SNPP,VIIRS,n,2.0,299.45,,2.01,D,0,True,True,662,2025,6,southwest_monsoon,day,330.17,brightness,VIIRS,2.01,0.4834502103786819,0.0406650190968321,20,grassland,sampled,9,moderate_density,natural,other_natural,0.6,A2_GRASSLAND_NATURAL,rule_based_v1.0
VIIRS_SNPP_SP,8.85055,77.96779,352.09,,0.36,0.58,2025-06-21,733,SNPP,VIIRS,n,2.0,299.03,,3.44,D,0,True,True,663,2025,6,southwest_monsoon,day,352.09,brightness,VIIRS,3.44,0.7908835904628327,0.0727926308694675,30,grassland,sampled,12,strong_cluster,natural,other_natural,0.6,A2_GRASSLAND_NATURAL,rule_based_v1.0
VIIRS_SNPP_SP,8.85116,77.9711,331.74,,0.36,0.58,2025-06-21,733,SNPP,VIIRS,n,2.0,299.04,,3.44,D,0,True,True,664,2025,6,southwest_monsoon,day,331.74,brightness,VIIRS,3.44,0.5054698457223004,0.0727926308694675,20,grassland,sampled,13,strong_cluster,natural,other_natural,0.6,A2_GRASSLAND_NATURAL,rule_based_v1.0
VIIRS_SNPP_SP,8.85466,77.96022,347.06,,0.36,0.58,2025-06-21,733,SNPP,VIIRS,n,2.0,297.72,,2.8,D,0,True,True,665,2025,6,southwest_monsoon,day,347.06,brightness,VIIRS,2.8,0.7203366058906031,0.0584138395866097,20,grassland,sampled,12,strong_cluster,natural,other_natural,0.6,A2_GRASSLAND_NATURAL,rule_based_v1.0
VIIRS_SNPP_SP,8.85526,77.96352,338.29,,0.36,0.58,2025-06-21,733,SNPP,VIIRS,n,2.0,298.72,,2.8,D,0,True,True,666,2025,6,southwest_monsoon,day,338.29,brightness,VIIRS,2.8,0.5973352033660593,0.0584138395866097,30,grassland,sampled,13,strong_cluster,natural,other_natural,0.6,A2_GRASSLAND_NATURAL,rule_based_v1.0
VIIRS_SNPP_SP,8.88339,78.14784,341.7,,0.35,0.57,2025-06-21,733,SNPP,VIIRS,n,2.0,296.76,,3.03,D,0,True,True,667,2025,6,southwest_monsoon,day,341.7,brightness,VIIRS,3.03,0.6451612903225805,0.0635812177038867,20,grassland,sampled,8,moderate_density,natural,other_natural,0.6,A2_GRASSLAND_NATURAL,rule_based_v1.0
VIIRS_NOAA20_SP,8.64094,77.88385,,336.27,0.45,0.39,2025-06-21,755,NOAA-20,VIIRS,n,2.0,,303.37,3.58,D,0,True,True,668,2025,6,southwest_monsoon,day,336.27,bright_ti4,VIIRS,3.58,0.5690042075736323,0.0759379914625926,10,forest,sampled,6,moderate_density,natural,forest_fire,0.62,A2_FOREST_NATURAL,rule_based_v1.0
VIIRS_NOAA20_SP,8.78947,78.01805,,348.52,0.45,0.39,2025-06-21,755,NOAA-20,VIIRS,n,2.0,,304.34,6.47,D,0,True,True,669,2025,6,southwest_monsoon,day,348.52,bright_ti4,VIIRS,6.47,0.7408134642356239,0.1408672208492473,20,grassland,sampled,10,strong_cluster,natural,other_natural,0.6,A2_GRASSLAND_NATURAL,rule_based_v1.0
VIIRS_NOAA20_SP,8.79301,78.01747,,342.8,0.45,0.39,2025-06-21,755,NOAA-20,VIIRS,n,2.0,,305.59,4.37,D,0,True,True,670,2025,6,southwest_monsoon,day,342.8,bright_ti4,VIIRS,4.37,0.6605890603085556,0.0936868119523702,20,grassland,sampled,10,strong_cluster,natural,other_natural,0.6,A2_GRASSLAND_NATURAL,rule_based_v1.0
VIIRS_NOAA20_SP,8.79365,78.0215,,348.11,0.45,0.39,2025-06-21,755,NOAA-20,VIIRS,n,2.0,,304.43,4.37,D,0,True,True,671,2025,6,southwest_monsoon,day,348.11,bright_ti4,VIIRS,4.37,0.7350631136044883,0.0936868119523702,20,grassland,sampled,7,moderate_density,natural,other_natural,0.6,A2_GRASSLAND_NATURAL,rule_based_v1.0
VIIRS_NOAA20_SP,8.79944,78.01231,,334.24,0.45,0.39,2025-06-21,755,NOAA-20,VIIRS,l,2.0,,304.32,3.54,D,0,True,True,672,2025,6,southwest_monsoon,day,334.24,bright_ti4,VIIRS,3.54,0.5405329593267885,0.075039317007414,40,cropland,sampled,10,strong_cluster,natural,agricultural_burning,0.82,A2_CROPLAND_NATURAL,rule_based_v1.0
VIIRS_NOAA20_SP,8.85325,77.96223,,342.71,0.45,0.39,2025-06-21,755,NOAA-20,VIIRS,n,2.0,,304.19,2.39,D,0,True,True,673,2025,6,southwest_monsoon,day,342.71,bright_ti4,VIIRS,2.39,0.6593267882187936,0.0492024264210289,30,grassland,sampled,11,strong_cluster,natural,other_natural,0.6,A2_GRASSLAND_NATURAL,rule_based_v1.0
VIIRS_NOAA20_SP,8.85596,77.95853,,338.2,0.45,0.39,2025-06-21,755,NOAA-20,VIIRS,n,2.0,,303.35,3.03,D,0,True,True,674,2025,6,southwest_monsoon,day,338.2,bright_ti4,VIIRS,3.03,0.5960729312762972,0.0635812177038867,20,grassland,sampled,8,moderate_density,natural,other_natural,0.6,A2_GRASSLAND_NATURAL,rule_based_v1.0
VIIRS_NOAA20_SP,8.87049,78.02563,,332.51,0.45,0.39,2025-06-21,755,NOAA-20,VIIRS,n,2.0,,301.47,1.22,D,0,True,True,675,2025,6,southwest_monsoon,day,332.51,bright_ti4,VIIRS,1.22,0.5162692847124825,0.0229161986070545,10,forest,sampled,2,low_density,natural,forest_fire,0.8,A2_FOREST_NATURAL,rule_based_v1.0
VIIRS_NOAA20_SP,8.87524,78.14776,,342.73,0.44,0.38,2025-06-21,755,NOAA-20,VIIRS,n,2.0,,301.69,3.56,D,0,True,True,676,2025,6,southwest_monsoon,day,342.73,bright_ti4,VIIRS,3.56,0.65960729312763,0.0754886542350033,20,grassland,sampled,15,strong_cluster,natural,other_natural,0.6,A2_GRASSLAND_NATURAL,rule_based_v1.0
VIIRS_NOAA20_SP,8.88289,78.1506,,338,0.44,0.38,2025-06-21,755,NOAA-20,VIIRS,n,2.0,,303.94,6.38,D,0,True,True,677,2025,6,southwest_monsoon,day,338.0,bright_ti4,VIIRS,6.38,0.5932678821879384,0.1388452033250954,20,grassland,sampled,7,moderate_density,natural,other_natural,0.6,A2_GRASSLAND_NATURAL,rule_based_v1.0
VIIRS_NOAA20_SP,8.94045,77.89505,,338.33,0.45,0.39,2025-06-21,755,NOAA-20,VIIRS,n,2.0,,303.52,2.16,D,0,True,True,678,2025,6,southwest_monsoon,day,338.33,bright_ti4,VIIRS,2.16,0.5978962131837305,0.0440350483037519,40,cropland,sampled,1,low_density,natural,agricultural_burning,0.78,A2_CROPLAND_NATURAL,rule_based_v1.0
VIIRS_NOAA20_SP,8.54029,77.85912,,332.11,0.6,0.53,2025-06-22,736,NOAA-20,VIIRS,n,2.0,,297.99,2.4,D,0,True,True,679,2025,6,southwest_monsoon,day,332.11,bright_ti4,VIIRS,2.4,0.5106591865357647,0.0494270950348236,30,grassland,sampled,1,low_density,natural,other_natural,0.76,A2_GRASSLAND_NATURAL,rule_based_v1.0
VIIRS_NOAA20_SP,8.82627,78.00675,,346.29,0.58,0.52,2025-06-22,736,NOAA-20,VIIRS,n,2.0,,298.47,4.86,D,0,True,True,680,2025,6,southwest_monsoon,day,346.29,bright_ti4,VIIRS,4.86,0.7095371669004211,0.1046955740283082,30,grassland,sampled,10,strong_cluster,natural,other_natural,0.6,A2_GRASSLAND_NATURAL,rule_based_v1.0
MODIS_SP,8.8445,77.9654,327.1,,1.0,1.0,2025-06-24,409,Terra,MODIS,78,61.03,304.7,,11.9,D,0,True,True,681,2025,6,southwest_monsoon,day,327.1,brightness,MODIS,11.9,0.2826948480845447,0.0371536523929471,30,grassland,sampled,7,moderate_density,natural,other_natural,0.6,A2_GRASSLAND_NATURAL,rule_based_v1.0
MODIS_SP,8.8458,77.9561,337.6,,1.1,1.0,2025-06-24,409,Terra,MODIS,87,61.03,305.9,,27.0,D,0,True,True,682,2025,6,southwest_monsoon,day,337.6,brightness,MODIS,27.0,0.4214002642007931,0.1322418136020151,20,grassland,sampled,3,moderate_density,natural,other_natural,0.6,A2_GRASSLAND_NATURAL,rule_based_v1.0
MODIS_SP,8.8471,77.9468,346.8,,1.1,1.0,2025-06-24,409,Terra,MODIS,93,61.03,306.1,,44.5,D,0,True,True,683,2025,6,southwest_monsoon,day,346.8,brightness,MODIS,44.5,0.5429326287978867,0.2424433249370277,30,grassland,sampled,8,moderate_density,natural,other_natural,0.6,A2_GRASSLAND_NATURAL,rule_based_v1.0
VIIRS_SNPP_SP,8.60625,77.96722,353.81,,0.41,0.37,2025-06-24,817,SNPP,VIIRS,n,2.0,302.25,,10.5,D,0,True,True,684,2025,6,southwest_monsoon,day,353.81,brightness,VIIRS,10.5,0.8150070126227209,0.2314086722084925,10,forest,sampled,5,moderate_density,natural,forest_fire,0.62,A2_FOREST_NATURAL,rule_based_v1.0
VIIRS_SNPP_SP,8.8949,77.88992,347.83,,0.41,0.37,2025-06-24,817,SNPP,VIIRS,n,2.0,306.74,,4.15,D,0,True,True,685,2025,6,southwest_monsoon,day,347.83,brightness,VIIRS,4.15,0.7311360448807852,0.0887441024488879,40,cropland,sampled,2,low_density,natural,agricultural_burning,0.78,A2_CROPLAND_NATURAL,rule_based_v1.0
VIIRS_SNPP_SP,8.82236,77.98201,348.85,,0.45,0.39,2025-06-25,758,SNPP,VIIRS,n,2.0,296.22,,4.62,D,0,True,True,686,2025,6,southwest_monsoon,day,348.85,brightness,VIIRS,4.62,0.745441795231417,0.0993035272972365,20,grassland,sampled,10,strong_cluster,natural,other_natural,0.6,A2_GRASSLAND_NATURAL,rule_based_v1.0
VIIRS_SNPP_SP,8.82527,77.97739,334.19,,0.45,0.39,2025-06-25,758,SNPP,VIIRS,n,2.0,295.72,,2.83,D,0,True,True,687,2025,6,southwest_monsoon,day,334.19,brightness,VIIRS,2.83,0.5398316970546985,0.0590878454279937,30,grassland,sampled,8,moderate_density,natural,other_natural,0.6,A2_GRASSLAND_NATURAL,rule_based_v1.0
VIIRS_SNPP_SP,8.82591,77.98145,332.84,,0.45,0.39,2025-06-25,758,SNPP,VIIRS,n,2.0,295.36,,4.62,D,0,True,True,688,2025,6,southwest_monsoon,day,332.84,brightness,VIIRS,4.62,0.5208976157082746,0.0993035272972365,30,grassland,sampled,10,strong_cluster,natural,other_natural,0.6,A2_GRASSLAND_NATURAL,rule_based_v1.0
VIIRS_NOAA20_SP,8.5941,77.90651,,342.11,0.47,0.4,2025-06-25,820,NOAA-20,VIIRS,n,2.0,,292.62,6.27,D,0,True,True,689,2025,6,southwest_monsoon,day,342.11,bright_ti4,VIIRS,6.27,0.6509116409537169,0.1363738485733543,40,cropland,sampled,1,low_density,natural,agricultural_burning,0.78,A2_CROPLAND_NATURAL,rule_based_v1.0
VIIRS_NOAA20_SP,8.60947,77.96156,,333.57,0.48,0.4,2025-06-25,820,NOAA-20,VIIRS,n,2.0,,292.87,4.89,D,0,True,True,690,2025,6,southwest_monsoon,day,333.57,bright_ti4,VIIRS,4.89,0.5311360448807854,0.1053695798696922,10,forest,sampled,4,moderate_density,natural,forest_fire,0.62,A2_FOREST_NATURAL,rule_based_v1.0
VIIRS_NOAA20_SP,8.8185,78.12114,,333.76,0.49,0.4,2025-06-25,820,NOAA-20,VIIRS,n,2.0,,290.66,3.18,D,0,True,True,691,2025,6,southwest_monsoon,day,333.76,bright_ti4,VIIRS,3.18,0.5338008415147265,0.0669512469108065,40,cropland,sampled,1,low_density,natural,agricultural_burning,0.78,A2_CROPLAND_NATURAL,rule_based_v1.0
VIIRS_NOAA20_SP,8.82189,77.98579,,343.93,0.48,0.4,2025-06-25,820,NOAA-20,VIIRS,n,2.0,,294.86,8.09,D,0,True,True,692,2025,6,southwest_monsoon,day,343.93,bright_ti4,VIIRS,8.09,0.6764375876577842,0.1772635362839811,30,grassland,sampled,11,strong_cluster,natural,other_natural,0.6,A2_GRASSLAND_NATURAL,rule_based_v1.0
VIIRS_NOAA20_SP,8.83705,77.93468,,344.96,0.48,0.4,2025-06-25,820,NOAA-20,VIIRS,n,2.0,,296.53,4.07,D,0,True,True,693,2025,6,southwest_monsoon,day,344.96,bright_ti4,VIIRS,4.07,0.6908835904628329,0.0869467535385306,40,cropland,sampled,5,moderate_density,natural,agricultural_burning,0.78,A2_CROPLAND_NATURAL,rule_based_v1.0
VIIRS_NOAA20_SP,8.83768,77.93903,,333.66,0.48,0.4,2025-06-25,820,NOAA-20,VIIRS,n,2.0,,294.73,4.07,D,0,True,True,694,2025,6,southwest_monsoon,day,333.66,bright_ti4,VIIRS,4.07,0.5323983169705474,0.0869467535385306,20,grassland,sampled,9,moderate_density,natural,other_natural,0.6,A2_GRASSLAND_NATURAL,rule_based_v1.0
VIIRS_NOAA20_SP,8.92376,77.91461,,336.8,0.48,0.4,2025-06-25,820,NOAA-20,VIIRS,n,2.0,,297.09,3.79,D,0,True,True,695,2025,6,southwest_monsoon,day,336.8,bright_ti4,VIIRS,3.79,0.5764375876577842,0.0806560323522803,40,cropland,sampled,1,low_density,natural,agricultural_burning,0.78,A2_CROPLAND_NATURAL,rule_based_v1.0
VIIRS_NOAA20_SP,8.48139,77.94589,,335.2,0.46,0.47,2025-06-27,742,NOAA-20,VIIRS,n,2.0,,299.44,2.22,D,0,True,True,696,2025,6,southwest_monsoon,day,335.2,bright_ti4,VIIRS,2.22,0.5539971949509116,0.0453830599865198,30,grassland,sampled,3,moderate_density,natural,other_natural,0.6,A2_GRASSLAND_NATURAL,rule_based_v1.0
VIIRS_NOAA20_SP,8.48348,77.94519,,336.48,0.46,0.47,2025-06-27,742,NOAA-20,VIIRS,n,2.0,,299.37,2.25,D,0,True,True,697,2025,6,southwest_monsoon,day,336.48,bright_ti4,VIIRS,2.25,0.5719495091164098,0.0460570658279038,30,grassland,sampled,2,low_density,natural,other_natural,0.76,A2_GRASSLAND_NATURAL,rule_based_v1.0
VIIRS_NOAA20_SP,8.84455,77.97053,,342.81,0.45,0.47,2025-06-27,742,NOAA-20,VIIRS,n,2.0,,301.84,4.14,D,0,True,True,698,2025,6,southwest_monsoon,day,342.81,bright_ti4,VIIRS,4.14,0.6607293127629734,0.0885194338350932,40,cropland,sampled,7,moderate_density,natural,agricultural_burning,0.78,A2_CROPLAND_NATURAL,rule_based_v1.0
MODIS_SP,8.7852,78.1912,310.8,,1.1,1.1,2025-06-27,935,Aqua,MODIS,43,61.03,299.4,,7.4,D,3,True,True,699,2025,6,southwest_monsoon,day,310.8,brightness,MODIS,7.4,0.0673712021136066,0.008816120906801,60,bare,sampled,4,moderate_density,natural,other_natural,0.45,A2_AMBIGUOUS_BUILT_OR_BARE_FALLBACK,rule_based_v1.0
VIIRS_SNPP_SP,8.59876,78.12653,341.5,,0.32,0.55,2025-06-28,842,SNPP,VIIRS,n,2.0,294.46,,4.43,D,3,True,True,700,2025,6,southwest_monsoon,day,341.5,brightness,VIIRS,4.43,0.6423562412342216,0.0950348236351381,10,forest,sampled,1,low_density,natural,forest_fire,0.8,A2_FOREST_NATURAL,rule_based_v1.0
VIIRS_SNPP_SP,8.85011,77.98492,330.56,,0.32,0.54,2025-06-28,842,SNPP,VIIRS,n,2.0,295.43,,0.96,D,0,True,True,701,2025,6,southwest_monsoon,day,330.56,brightness,VIIRS,0.96,0.4889200561009819,0.0170748146483936,20,grassland,sampled,9,moderate_density,natural,other_natural,0.6,A2_GRASSLAND_NATURAL,rule_based_v1.0
VIIRS_SNPP_SP,8.50582,78.02836,336.64,,0.4,0.37,2025-06-30,804,SNPP,VIIRS,n,2.0,305.26,,3.63,D,0,True,True,702,2025,6,southwest_monsoon,day,336.64,brightness,VIIRS,3.63,0.5741935483870967,0.0770613345315659,10,forest,sampled,1,low_density,natural,forest_fire,0.8,A2_FOREST_NATURAL,rule_based_v1.0
VIIRS_SNPP_SP,8.63981,77.88116,343.2,,0.4,0.37,2025-06-30,804,SNPP,VIIRS,n,2.0,308.14,,3.42,D,0,True,True,703,2025,6,southwest_monsoon,day,343.2,brightness,VIIRS,3.42,0.6661991584852733,0.0723432936418782,40,cropland,sampled,6,moderate_density,natural,agricultural_burning,0.78,A2_CROPLAND_NATURAL,rule_based_v1.0
VIIRS_SNPP_SP,8.64319,77.88062,330.52,,0.4,0.37,2025-06-30,804,SNPP,VIIRS,l,2.0,303.71,,3.42,D,0,True,True,704,2025,6,southwest_monsoon,day,330.52,brightness,VIIRS,3.42,0.4883590462833098,0.0723432936418782,10,forest,sampled,5,moderate_density,natural,forest_fire,0.62,A2_FOREST_NATURAL,rule_based_v1.0
VIIRS_SNPP_SP,8.70016,78.08503,337.51,,0.39,0.37,2025-06-30,804,SNPP,VIIRS,n,2.0,306.41,,1.81,D,0,True,True,705,2025,6,southwest_monsoon,day,337.51,brightness,VIIRS,1.81,0.5863955119214586,0.0361716468209391,10,forest,sampled,1,low_density,natural,forest_fire,0.8,A2_FOREST_NATURAL,rule_based_v1.0
VIIRS_SNPP_SP,8.77917,77.96249,352.24,,0.4,0.37,2025-06-30,804,SNPP,VIIRS,n,2.0,310.93,,11.5,D,0,True,True,706,2025,6,southwest_monsoon,day,352.24,brightness,VIIRS,11.5,0.7929873772791025,0.2538755335879578,40,cropland,sampled,10,strong_cluster,natural,agricultural_burning,0.82,A2_CROPLAND_NATURAL,rule_based_v1.0
VIIRS_SNPP_SP,8.8381,77.94216,340.48,,0.4,0.37,2025-06-30,804,SNPP,VIIRS,l,2.0,311.64,,8.35,D,0,True,True,707,2025,6,southwest_monsoon,day,340.48,brightness,VIIRS,8.35,0.6280504908835908,0.1831049202426421,40,cropland,sampled,10,strong_cluster,natural,agricultural_burning,0.82,A2_CROPLAND_NATURAL,rule_based_v1.0
VIIRS_SNPP_SP,8.84147,77.94164,349.65,,0.4,0.37,2025-06-30,804,SNPP,VIIRS,n,2.0,310.35,,8.35,D,0,True,True,708,2025,6,southwest_monsoon,day,349.65,brightness,VIIRS,8.35,0.7566619915848525,0.1831049202426421,20,grassland,sampled,11,strong_cluster,natural,other_natural,0.6,A2_GRASSLAND_NATURAL,rule_based_v1.0
VIIRS_SNPP_SP,8.84202,77.94523,349.32,,0.4,0.37,2025-06-30,804,SNPP,VIIRS,n,2.0,311.71,,8.35,D,0,True,True,709,2025,6,southwest_monsoon,day,349.32,brightness,VIIRS,8.35,0.7520336605890603,0.1831049202426421,40,cropland,sampled,10,strong_cluster,natural,agricultural_burning,0.82,A2_CROPLAND_NATURAL,rule_based_v1.0
VIIRS_SNPP_SP,8.89463,77.96585,340.87,,0.4,0.37,2025-06-30,804,SNPP,VIIRS,n,2.0,310.45,,5.76,D,0,True,True,710,2025,6,southwest_monsoon,day,340.87,brightness,VIIRS,5.76,0.6335203366058907,0.124915749269827,40,cropland,sampled,6,moderate_density,natural,agricultural_burning,0.78,A2_CROPLAND_NATURAL,rule_based_v1.0
VIIRS_SNPP_SP,8.90807,78.07388,342.15,,0.39,0.36,2025-06-30,804,SNPP,VIIRS,n,2.0,308.29,,8.45,D,0,True,True,711,2025,6,southwest_monsoon,day,342.15,brightness,VIIRS,8.45,0.6514726507713883,0.1853516063805886,30,grassland,sampled,1,low_density,natural,other_natural,0.76,A2_GRASSLAND_NATURAL,rule_based_v1.0
VIIRS_NOAA20_SP,8.77748,77.96339,,346.79,0.4,0.44,2025-06-30,826,NOAA-20,VIIRS,n,2.0,,304.91,3.41,D,0,True,True,712,2025,6,southwest_monsoon,day,346.79,bright_ti4,VIIRS,3.41,0.7165497896213187,0.0721186250280835,40,cropland,sampled,10,strong_cluster,natural,agricultural_burning,0.82,A2_CROPLAND_NATURAL,rule_based_v1.0
VIIRS_NOAA20_SP,8.77803,77.96313,,347.11,0.4,0.44,2025-06-30,826,NOAA-20,VIIRS,n,2.0,,305.44,4.37,D,0,True,True,713,2025,6,southwest_monsoon,day,347.11,bright_ti4,VIIRS,4.37,0.7210378681626931,0.0936868119523702,40,cropland,sampled,10,strong_cluster,natural,agricultural_burning,0.82,A2_CROPLAND_NATURAL,rule_based_v1.0
VIIRS_NOAA20_SP,8.84137,77.94328,,355.84,0.4,0.44,2025-06-30,826,NOAA-20,VIIRS,n,2.0,,307.11,9.9,D,0,True,True,714,2025,6,southwest_monsoon,day,355.84,bright_ti4,VIIRS,9.9,0.8434782608695649,0.2179285553808133,20,grassland,sampled,9,moderate_density,natural,other_natural,0.6,A2_GRASSLAND_NATURAL,rule_based_v1.0
VIIRS_NOAA20_SP,8.8945,78.08407,,336.14,0.4,0.44,2025-06-30,826,NOAA-20,VIIRS,n,2.0,,305.64,4.57,D,0,True,True,715,2025,6,southwest_monsoon,day,336.14,bright_ti4,VIIRS,4.57,0.567180925666199,0.0981801842282633,30,grassland,sampled,5,moderate_density,natural,other_natural,0.6,A2_GRASSLAND_NATURAL,rule_based_v1.0
VIIRS_NOAA20_SP,8.89019,77.96516,,347.5,0.4,0.44,2025-06-30,827,NOAA-20,VIIRS,n,2.0,,307.28,7.91,D,0,True,True,716,2025,6,southwest_monsoon,day,347.5,bright_ti4,VIIRS,7.91,0.726507713884993,0.1732195012356774,40,cropland,sampled,2,low_density,natural,agricultural_burning,0.78,A2_CROPLAND_NATURAL,rule_based_v1.0
VIIRS_NOAA20_SP,8.35753,77.92947,,331.73,0.38,0.58,2025-07-03,730,NOAA-20,VIIRS,n,2.0,,294.85,2.02,D,0,True,True,717,2025,7,southwest_monsoon,day,331.73,bright_ti4,VIIRS,2.02,0.5053295932678825,0.0408896877106268,20,grassland,sampled,1,low_density,natural,other_natural,0.76,A2_GRASSLAND_NATURAL,rule_based_v1.0
VIIRS_NOAA20_SP,8.77312,77.95808,,345.67,0.37,0.58,2025-07-03,730,NOAA-20,VIIRS,n,2.0,,296.6,3.18,D,0,True,True,718,2025,7,southwest_monsoon,day,345.67,bright_ti4,VIIRS,3.18,0.700841514726508,0.0669512469108065,30,grassland,sampled,14,strong_cluster,natural,other_natural,0.6,A2_GRASSLAND_NATURAL,rule_based_v1.0
VIIRS_NOAA20_SP,8.77358,77.95638,,333.62,0.37,0.58,2025-07-03,730,NOAA-20,VIIRS,n,2.0,,295.8,1.35,D,0,True,True,719,2025,7,southwest_monsoon,day,333.62,bright_ti4,VIIRS,1.35,0.5318373071528754,0.025836890586385,40,cropland,sampled,13,strong_cluster,natural,agricultural_burning,0.82,A2_CROPLAND_NATURAL,rule_based_v1.0
VIIRS_NOAA20_SP,8.77415,77.95968,,332.39,0.37,0.58,2025-07-03,730,NOAA-20,VIIRS,n,2.0,,296.42,1.35,D,0,True,True,720,2025,7,southwest_monsoon,day,332.39,bright_ti4,VIIRS,1.35,0.5145862552594669,0.025836890586385,40,cropland,sampled,14,strong_cluster,natural,agricultural_burning,0.82,A2_CROPLAND_NATURAL,rule_based_v1.0
VIIRS_SNPP_SP,8.54328,78.11971,340.81,,0.41,0.61,2025-07-03,848,SNPP,VIIRS,n,2.0,294.83,,3.88,D,0,True,True,721,2025,7,southwest_monsoon,day,340.81,brightness,VIIRS,3.88,0.632678821879383,0.0826780498764322,30,grassland,sampled,2,low_density,natural,other_natural,0.76,A2_GRASSLAND_NATURAL,rule_based_v1.0
VIIRS_SNPP_SP,8.36002,77.87656,339.96,,0.57,0.43,2025-07-04,829,SNPP,VIIRS,n,2.0,302.45,,4.96,D,0,True,True,722,2025,7,southwest_monsoon,day,339.96,brightness,VIIRS,4.96,0.6207573632538567,0.1069422601662547,10,forest,sampled,2,low_density,natural,forest_fire,0.8,A2_FOREST_NATURAL,rule_based_v1.0
VIIRS_SNPP_SP,8.36064,77.87352,335.92,,0.57,0.43,2025-07-04,829,SNPP,VIIRS,n,2.0,302.59,,6.19,D,0,True,True,723,2025,7,southwest_monsoon,day,335.92,brightness,VIIRS,6.19,0.5640953716690045,0.1345764996629971,30,grassland,sampled,2,low_density,natural,other_natural,0.76,A2_GRASSLAND_NATURAL,rule_based_v1.0
VIIRS_SNPP_SP,8.47441,77.9473,336.53,,0.39,0.44,2025-07-04,829,SNPP,VIIRS,n,2.0,304.16,,3.26,D,0,True,True,724,2025,7,southwest_monsoon,day,336.53,brightness,VIIRS,3.26,0.572650771388499,0.0687485958211637,30,grassland,sampled,2,low_density,natural,other_natural,0.76,A2_GRASSLAND_NATURAL,rule_based_v1.0
VIIRS_SNPP_SP,8.58839,78.14,339.37,,0.4,0.44,2025-07-04,829,SNPP,VIIRS,n,2.0,295.82,,5.04,D,3,True,True,725,2025,7,southwest_monsoon,day,339.37,brightness,VIIRS,5.04,0.6124824684431979,0.108739609076612,80,unknown,unmapped_code,5,moderate_density,natural,other_natural,0.35,A2_UNKNOWN_LAND_COVER_FALLBACK,rule_based_v1.0
VIIRS_SNPP_SP,8.93824,77.8651,343.74,,0.39,0.44,2025-07-04,829,SNPP,VIIRS,n,2.0,302.88,,3.54,D,0,True,True,726,2025,7,southwest_monsoon,day,343.74,brightness,VIIRS,3.54,0.6737727910238431,0.075039317007414,40,cropland,sampled,1,low_density,natural,agricultural_burning,0.78,A2_CROPLAND_NATURAL,rule_based_v1.0
VIIRS_NOAA20_SP,8.46325,78.08739,,332.15,0.51,0.49,2025-07-05,833,NOAA-20,VIIRS,n,2.0,,301.23,2.81,D,0,True,True,727,2025,7,southwest_monsoon,day,332.15,bright_ti4,VIIRS,2.81,0.511220196353436,0.0586385082004044,30,grassland,sampled,3,moderate_density,natural,other_natural,0.6,A2_GRASSLAND_NATURAL,rule_based_v1.0
VIIRS_NOAA20_SP,8.75933,78.09573,,349.48,0.51,0.5,2025-07-05,833,NOAA-20,VIIRS,n,2.0,,301.55,13.19,D,0,True,True,728,2025,7,southwest_monsoon,day,349.48,bright_ti4,VIIRS,13.19,0.7542776998597478,0.2918445293192541,40,cropland,sampled,3,moderate_density,natural,agricultural_burning,0.78,A2_CROPLAND_NATURAL,rule_based_v1.0
MODIS_SP,8.7716,77.9787,339.1,,2.0,1.4,2025-07-05,951,Aqua,MODIS,89,61.03,302.9,,74.5,D,0,True,True,729,2025,7,southwest_monsoon,day,339.1,brightness,MODIS,74.5,0.4412153236459714,0.431360201511335,40,cropland,sampled,2,low_density,natural,agricultural_burning,0.78,A2_CROPLAND_NATURAL,rule_based_v1.0
MODIS_SP,8.7739,77.9966,324.1,,2.0,1.4,2025-07-05,951,Aqua,MODIS,75,61.03,302.2,,18.6,D,0,True,True,730,2025,7,southwest_monsoon,day,324.1,brightness,MODIS,18.6,0.243064729194188,0.079345088161209,20,grassland,sampled,3,moderate_density,natural,other_natural,0.6,A2_GRASSLAND_NATURAL,rule_based_v1.0
VIIRS_SNPP_SP,8.43506,77.96777,332.92,,0.55,0.42,2025-07-06,751,SNPP,VIIRS,l,2.0,303.09,,3.71,D,0,True,True,731,2025,7,southwest_monsoon,day,332.92,brightness,VIIRS,3.71,0.5220196353436188,0.0788586834419231,10,forest,sampled,5,moderate_density,natural,forest_fire,0.62,A2_FOREST_NATURAL,rule_based_v1.0
VIIRS_SNPP_SP,8.46956,77.98241,345.76,,0.54,0.42,2025-07-06,751,SNPP,VIIRS,n,2.0,303.53,,6.18,D,0,True,True,732,2025,7,southwest_monsoon,day,345.76,brightness,VIIRS,6.18,0.7021037868162692,0.1343518310492024,20,grassland,sampled,6,moderate_density,natural,other_natural,0.6,A2_GRASSLAND_NATURAL,rule_based_v1.0
VIIRS_SNPP_SP,8.5996,78.09351,333.22,,0.53,0.42,2025-07-06,751,SNPP,VIIRS,n,2.0,297.46,,5.03,D,0,True,True,733,2025,7,southwest_monsoon,day,333.22,brightness,VIIRS,5.03,0.5262272089761575,0.1085149404628173,90,grassland,sampled,4,moderate_density,natural,other_natural,0.6,A2_GRASSLAND_NATURAL,rule_based_v1.0
VIIRS_SNPP_SP,8.74821,77.94865,330.65,,0.54,0.42,2025-07-06,752,SNPP,VIIRS,l,2.0,302.09,,1.23,D,0,True,True,734,2025,7,southwest_monsoon,day,330.65,brightness,VIIRS,1.23,0.4901823281907431,0.0231408672208492,20,grassland,sampled,2,low_density,natural,other_natural,0.76,A2_GRASSLAND_NATURAL,rule_based_v1.0
VIIRS_SNPP_SP,8.76622,77.96078,337.36,,0.54,0.42,2025-07-06,752,SNPP,VIIRS,n,2.0,303.2,,3.6,D,0,True,True,735,2025,7,southwest_monsoon,day,337.36,brightness,VIIRS,3.6,0.5842917251051896,0.0763873286901819,40,cropland,sampled,8,moderate_density,natural,agricultural_burning,0.78,A2_CROPLAND_NATURAL,rule_based_v1.0
VIIRS_SNPP_SP,8.77753,78.02912,330.81,,0.54,0.42,2025-07-06,752,SNPP,VIIRS,l,2.0,302.44,,2.04,D,0,True,True,736,2025,7,southwest_monsoon,day,330.81,brightness,VIIRS,2.04,0.4924263674614307,0.0413390249382161,20,grassland,sampled,2,low_density,natural,other_natural,0.76,A2_GRASSLAND_NATURAL,rule_based_v1.0
VIIRS_SNPP_SP,8.8247,78.00131,335.66,,0.54,0.42,2025-07-06,752,SNPP,VIIRS,n,2.0,303.37,,2.9,D,0,True,True,737,2025,7,southwest_monsoon,day,335.66,brightness,VIIRS,2.9,0.5604488078541379,0.0606605257245562,40,cropland,sampled,14,strong_cluster,natural,agricultural_burning,0.82,A2_CROPLAND_NATURAL,rule_based_v1.0
VIIRS_SNPP_SP,8.82518,77.99843,336.72,,0.54,0.42,2025-07-06,752,SNPP,VIIRS,n,2.0,302.99,,3.45,D,0,True,True,738,2025,7,southwest_monsoon,day,336.72,brightness,VIIRS,3.45,0.5753155680224409,0.0730172994832621,40,cropland,sampled,12,strong_cluster,natural,agricultural_burning,0.82,A2_CROPLAND_NATURAL,rule_based_v1.0
VIIRS_SNPP_SP,8.82601,78.0033,338.1,,0.54,0.42,2025-07-06,752,SNPP,VIIRS,n,2.0,303.48,,6.94,D,0,True,True,739,2025,7,southwest_monsoon,day,338.1,brightness,VIIRS,6.94,0.5946704067321182,0.151426645697596,20,grassland,sampled,13,strong_cluster,natural,other_natural,0.6,A2_GRASSLAND_NATURAL,rule_based_v1.0
VIIRS_SNPP_SP,8.82644,78.06095,341.61,,0.53,0.42,2025-07-06,752,SNPP,VIIRS,n,2.0,301.95,,4.01,D,0,True,True,740,2025,7,southwest_monsoon,day,341.61,brightness,VIIRS,4.01,0.6438990182328194,0.0855987418557627,40,cropland,sampled,11,strong_cluster,natural,agricultural_burning,0.82,A2_CROPLAND_NATURAL,rule_based_v1.0
VIIRS_SNPP_SP,8.82858,78.00068,346.31,,0.54,0.42,2025-07-06,752,SNPP,VIIRS,n,2.0,304.63,,19.23,D,0,True,True,741,2025,7,southwest_monsoon,day,346.31,brightness,VIIRS,19.23,0.7098176718092567,0.4275443720512245,20,grassland,sampled,13,strong_cluster,natural,other_natural,0.6,A2_GRASSLAND_NATURAL,rule_based_v1.0
VIIRS_SNPP_SP,8.82906,77.9978,332.36,,0.54,0.42,2025-07-06,752,SNPP,VIIRS,n,2.0,302.09,,3.45,D,0,True,True,742,2025,7,southwest_monsoon,day,332.36,brightness,VIIRS,3.45,0.5141654978962135,0.0730172994832621,30,grassland,sampled,12,strong_cluster,natural,other_natural,0.6,A2_GRASSLAND_NATURAL,rule_based_v1.0
VIIRS_SNPP_SP,8.82952,78.05547,350.65,,0.53,0.42,2025-07-06,752,SNPP,VIIRS,n,2.0,304.89,,11.02,D,0,True,True,743,2025,7,southwest_monsoon,day,350.65,brightness,VIIRS,11.02,0.7706872370266477,0.2430914401258144,40,cropland,sampled,12,strong_cluster,natural,agricultural_burning,0.82,A2_CROPLAND_NATURAL,rule_based_v1.0
VIIRS_SNPP_SP,8.82988,78.00266,341.18,,0.54,0.42,2025-07-06,752,SNPP,VIIRS,n,2.0,303.7,,6.94,D,0,True,True,744,2025,7,southwest_monsoon,day,341.18,brightness,VIIRS,6.94,0.6378681626928473,0.151426645697596,20,grassland,sampled,13,strong_cluster,natural,other_natural,0.6,A2_GRASSLAND_NATURAL,rule_based_v1.0
VIIRS_SNPP_SP,8.8303,78.06032,344.62,,0.53,0.42,2025-07-06,752,SNPP,VIIRS,n,2.0,301.93,,8.34,D,0,True,True,745,2025,7,southwest_monsoon,day,344.62,brightness,VIIRS,8.34,0.6861150070126228,0.1828802516288474,40,cropland,sampled,12,strong_cluster,natural,agricultural_burning,0.82,A2_CROPLAND_NATURAL,rule_based_v1.0
VIIRS_SNPP_SP,8.83554,77.99451,352.84,,0.54,0.42,2025-07-06,752,SNPP,VIIRS,n,2.0,303.68,,10.25,D,0,True,True,746,2025,7,southwest_monsoon,day,352.84,brightness,VIIRS,10.25,0.8014025245441792,0.2257919568636262,20,grassland,sampled,14,strong_cluster,natural,other_natural,0.6,A2_GRASSLAND_NATURAL,rule_based_v1.0
VIIRS_SNPP_SP,8.83599,77.99165,343.5,,0.54,0.42,2025-07-06,752,SNPP,VIIRS,n,2.0,302.77,,4.81,D,0,True,True,747,2025,7,southwest_monsoon,day,343.5,brightness,VIIRS,4.81,0.6704067321178121,0.1035722309593349,20,grassland,sampled,13,strong_cluster,natural,other_natural,0.6,A2_GRASSLAND_NATURAL,rule_based_v1.0
VIIRS_SNPP_SP,8.83681,77.99652,338.06,,0.54,0.42,2025-07-06,752,SNPP,VIIRS,n,2.0,302.64,,4.81,D,0,True,True,748,2025,7,southwest_monsoon,day,338.06,brightness,VIIRS,4.81,0.5941093969144461,0.1035722309593349,20,grassland,sampled,12,strong_cluster,natural,other_natural,0.6,A2_GRASSLAND_NATURAL,rule_based_v1.0
VIIRS_NOAA20_SP,8.4351,77.96627,,335.51,0.41,0.37,2025-07-06,814,NOAA-20,VIIRS,l,2.0,,305.69,4.24,D,0,True,True,749,2025,7,southwest_monsoon,day,335.51,bright_ti4,VIIRS,4.24,0.5583450210378681,0.0907661199730397,40,cropland,sampled,4,moderate_density,natural,agricultural_burning,0.78,A2_CROPLAND_NATURAL,rule_based_v1.0
VIIRS_NOAA20_SP,8.43564,77.97,,337.77,0.41,0.37,2025-07-06,814,NOAA-20,VIIRS,n,2.0,,305.86,4.56,D,0,True,True,750,2025,7,southwest_monsoon,day,337.77,bright_ti4,VIIRS,4.56,0.5900420757363252,0.0979555156144686,20,grassland,sampled,5,moderate_density,natural,other_natural,0.6,A2_GRASSLAND_NATURAL,rule_based_v1.0
VIIRS_NOAA20_SP,8.46522,77.9809,,339.05,0.41,0.37,2025-07-06,814,NOAA-20,VIIRS,n,2.0,,307.19,5.76,D,0,True,True,751,2025,7,southwest_monsoon,day,339.05,bright_ti4,VIIRS,5.76,0.6079943899018235,0.124915749269827,20,grassland,sampled,6,moderate_density,natural,other_natural,0.6,A2_GRASSLAND_NATURAL,rule_based_v1.0
VIIRS_NOAA20_SP,8.46864,77.9804,,338.81,0.41,0.37,2025-07-06,814,NOAA-20,VIIRS,n,2.0,,306.67,5.76,D,0,True,True,752,2025,7,southwest_monsoon,day,338.81,bright_ti4,VIIRS,5.76,0.6046283309957925,0.124915749269827,20,grassland,sampled,6,moderate_density,natural,other_natural,0.6,A2_GRASSLAND_NATURAL,rule_based_v1.0
VIIRS_NOAA20_SP,8.60091,78.09513,,334.98,0.42,0.37,2025-07-06,814,NOAA-20,VIIRS,n,2.0,,299.85,3.44,D,0,True,True,753,2025,7,southwest_monsoon,day,334.98,bright_ti4,VIIRS,3.44,0.550911640953717,0.0727926308694675,40,cropland,sampled,4,moderate_density,natural,agricultural_burning,0.78,A2_CROPLAND_NATURAL,rule_based_v1.0
VIIRS_NOAA20_SP,8.76619,77.95902,,335.18,0.41,0.37,2025-07-06,814,NOAA-20,VIIRS,n,2.0,,302.02,1.29,D,0,True,True,754,2025,7,southwest_monsoon,day,335.18,bright_ti4,VIIRS,1.29,0.5537166900420759,0.0244888789036171,40,cropland,sampled,8,moderate_density,natural,agricultural_burning,0.78,A2_CROPLAND_NATURAL,rule_based_v1.0
VIIRS_NOAA20_SP,8.76855,78.04728,,336.18,0.42,0.37,2025-07-06,814,NOAA-20,VIIRS,n,2.0,,301.43,1.71,D,0,True,True,755,2025,7,southwest_monsoon,day,336.18,bright_ti4,VIIRS,1.71,0.5677419354838711,0.0339249606829925,10,forest,sampled,4,moderate_density,natural,forest_fire,0.62,A2_FOREST_NATURAL,rule_based_v1.0
VIIRS_NOAA20_SP,8.77899,78.02258,,339.4,0.42,0.37,2025-07-06,814,NOAA-20,VIIRS,n,2.0,,304.55,2.45,D,0,True,True,756,2025,7,southwest_monsoon,day,339.4,bright_ti4,VIIRS,2.45,0.6129032258064514,0.0505504381037969,30,grassland,sampled,5,moderate_density,natural,other_natural,0.6,A2_GRASSLAND_NATURAL,rule_based_v1.0
VIIRS_NOAA20_SP,8.82582,78.05426,,339.51,0.42,0.38,2025-07-06,814,NOAA-20,VIIRS,n,2.0,,301.57,2.49,D,0,True,True,757,2025,7,southwest_monsoon,day,339.51,bright_ti4,VIIRS,2.49,0.614446002805049,0.0514491125589755,30,grassland,sampled,13,strong_cluster,natural,other_natural,0.6,A2_GRASSLAND_NATURAL,rule_based_v1.0
VIIRS_NOAA20_SP,8.82638,78.05806,,332.8,0.42,0.38,2025-07-06,814,NOAA-20,VIIRS,n,2.0,,301.84,2.86,D,0,True,True,758,2025,7,southwest_monsoon,day,332.8,bright_ti4,VIIRS,2.86,0.5203366058906034,0.0597618512693776,40,cropland,sampled,13,strong_cluster,natural,agricultural_burning,0.82,A2_CROPLAND_NATURAL,rule_based_v1.0
VIIRS_NOAA20_SP,8.82926,78.05376,,348.4,0.42,0.38,2025-07-06,814,NOAA-20,VIIRS,n,2.0,,302.95,4.8,D,0,True,True,759,2025,7,southwest_monsoon,day,348.4,bright_ti4,VIIRS,4.8,0.7391304347826084,0.1033475623455403,40,cropland,sampled,12,strong_cluster,natural,agricultural_burning,0.82,A2_CROPLAND_NATURAL,rule_based_v1.0
VIIRS_NOAA20_SP,8.82982,78.05755,,346.39,0.42,0.38,2025-07-06,814,NOAA-20,VIIRS,n,2.0,,302.67,3.66,D,0,True,True,760,2025,7,southwest_monsoon,day,346.39,bright_ti4,VIIRS,3.66,0.7109396914446001,0.0777353403729499,40,cropland,sampled,12,strong_cluster,natural,agricultural_burning,0.82,A2_CROPLAND_NATURAL,rule_based_v1.0
VIIRS_NOAA20_SP,8.86323,77.85684,,337.36,0.41,0.37,2025-07-06,814,NOAA-20,VIIRS,n,2.0,,290.7,4.13,D,0,True,True,761,2025,7,southwest_monsoon,day,337.36,bright_ti4,VIIRS,4.13,0.5842917251051896,0.0882947652212985,20,grassland,sampled,2,low_density,natural,other_natural,0.76,A2_GRASSLAND_NATURAL,rule_based_v1.0
MODIS_SP,8.6189,78.0007,305.7,,1.3,1.1,2025-07-06,1615,Terra,MODIS,65,61.03,294,,6.0,N,0,True,True,762,2025,7,southwest_monsoon,night,305.7,brightness,MODIS,6.0,0.0,0.0,10,forest,sampled,3,moderate_density,natural,forest_fire,0.62,A2_FOREST_NATURAL,rule_based_v1.0
VIIRS_NOAA20_SP,8.61954,78.00305,,305.02,0.33,0.55,2025-07-06,2050,NOAA-20,VIIRS,n,2.0,,288.09,1.04,N,0,True,True,763,2025,7,southwest_monsoon,night,305.02,bright_ti4,VIIRS,1.04,0.1307152875175314,0.0188721635587508,10,forest,sampled,3,moderate_density,natural,forest_fire,0.62,A2_FOREST_NATURAL,rule_based_v1.0
VIIRS_NOAA20_SP,8.61679,78.00244,,337.53,0.44,0.39,2025-07-07,755,NOAA-20,VIIRS,n,2.0,,302.02,4.09,D,0,True,True,764,2025,7,southwest_monsoon,day,337.53,bright_ti4,VIIRS,4.09,0.5866760168302942,0.0873960907661199,10,forest,sampled,3,moderate_density,natural,forest_fire,0.62,A2_FOREST_NATURAL,rule_based_v1.0
VIIRS_NOAA20_SP,8.88731,78.08573,,341.19,0.44,0.38,2025-07-07,755,NOAA-20,VIIRS,n,2.0,,308.17,4.64,D,0,True,True,765,2025,7,southwest_monsoon,day,341.19,bright_ti4,VIIRS,4.64,0.6380084151472651,0.0997528645248258,30,grassland,sampled,4,moderate_density,natural,other_natural,0.6,A2_GRASSLAND_NATURAL,rule_based_v1.0
VIIRS_NOAA20_SP,8.91158,77.94329,,338.09,0.44,0.39,2025-07-07,755,NOAA-20,VIIRS,n,2.0,,308.07,2.73,D,0,True,True,766,2025,7,southwest_monsoon,day,338.09,bright_ti4,VIIRS,2.73,0.5945301542776996,0.0568411592900471,40,cropland,sampled,3,moderate_density,natural,agricultural_burning,0.78,A2_CROPLAND_NATURAL,rule_based_v1.0
VIIRS_NOAA20_SP,8.91448,77.93872,,337.32,0.44,0.39,2025-07-07,755,NOAA-20,VIIRS,l,2.0,,308.12,4.32,D,0,True,True,767,2025,7,southwest_monsoon,day,337.32,bright_ti4,VIIRS,4.32,0.5837307152875175,0.0925634688833969,40,cropland,sampled,3,moderate_density,natural,agricultural_burning,0.78,A2_CROPLAND_NATURAL,rule_based_v1.0
VIIRS_NOAA20_SP,8.91511,77.94273,,339,0.44,0.39,2025-07-07,755,NOAA-20,VIIRS,n,2.0,,307.57,2.73,D,0,True,True,768,2025,7,southwest_monsoon,day,339.0,bright_ti4,VIIRS,2.73,0.6072931276297335,0.0568411592900471,30,grassland,sampled,3,moderate_density,natural,other_natural,0.6,A2_GRASSLAND_NATURAL,rule_based_v1.0
VIIRS_NOAA20_SP,8.9436,78.03207,,337.19,0.44,0.38,2025-07-07,755,NOAA-20,VIIRS,n,2.0,,305.29,3.59,D,0,True,True,769,2025,7,southwest_monsoon,day,337.19,bright_ti4,VIIRS,3.59,0.5819074333800842,0.0761626600763873,40,cropland,sampled,3,moderate_density,natural,agricultural_burning,0.78,A2_CROPLAND_NATURAL,rule_based_v1.0
VIIRS_NOAA20_SP,8.94422,78.03602,,337.31,0.44,0.38,2025-07-07,755,NOAA-20,VIIRS,n,2.0,,305.93,4.55,D,0,True,True,770,2025,7,southwest_monsoon,day,337.31,bright_ti4,VIIRS,4.55,0.5835904628330997,0.097730847000674,40,cropland,sampled,3,moderate_density,natural,agricultural_burning,0.78,A2_CROPLAND_NATURAL,rule_based_v1.0
VIIRS_NOAA20_SP,8.94439,78.03265,,346.49,0.44,0.38,2025-07-07,755,NOAA-20,VIIRS,n,2.0,,305.38,6.77,D,0,True,True,771,2025,7,southwest_monsoon,day,346.49,bright_ti4,VIIRS,6.77,0.71234221598878,0.1476072792630869,40,cropland,sampled,3,moderate_density,natural,agricultural_burning,0.78,A2_CROPLAND_NATURAL,rule_based_v1.0
VIIRS_NOAA20_SP,8.84147,77.9855,,314.89,0.49,0.4,2025-07-07,2031,NOAA-20,VIIRS,n,2.0,,294.65,1.4,N,0,True,True,772,2025,7,southwest_monsoon,night,314.89,bright_ti4,VIIRS,1.4,0.2691444600280504,0.0269602336553583,10,forest,sampled,9,moderate_density,natural,forest_fire,0.62,A2_FOREST_NATURAL,rule_based_v1.0
VIIRS_NOAA20_SP,8.45536,78.08234,,331.78,0.57,0.52,2025-07-08,736,NOAA-20,VIIRS,n,2.0,,298.18,5.43,D,0,True,True,773,2025,7,southwest_monsoon,day,331.78,bright_ti4,VIIRS,5.43,0.5060308555399716,0.1175016850146034,30,grassland,sampled,3,moderate_density,natural,other_natural,0.6,A2_GRASSLAND_NATURAL,rule_based_v1.0
VIIRS_NOAA20_SP,8.62434,78.1236,,347.43,0.56,0.51,2025-07-08,737,NOAA-20,VIIRS,n,2.0,,299.23,9.09,D,0,True,True,774,2025,7,southwest_monsoon,day,347.43,bright_ti4,VIIRS,9.09,0.7255259467040674,0.1997303976634464,10,forest,sampled,2,low_density,natural,forest_fire,0.8,A2_FOREST_NATURAL,rule_based_v1.0
VIIRS_NOAA20_SP,8.77769,77.95572,,330.15,0.57,0.52,2025-07-08,737,NOAA-20,VIIRS,l,2.0,,300.15,1.42,D,0,True,True,775,2025,7,southwest_monsoon,day,330.15,bright_ti4,VIIRS,1.42,0.4831697054698455,0.0274095708829476,30,grassland,sampled,10,strong_cluster,natural,other_natural,0.6,A2_GRASSLAND_NATURAL,rule_based_v1.0
VIIRS_SNPP_SP,8.62666,78.12074,353.04,,0.52,0.67,2025-07-08,854,SNPP,VIIRS,n,2.0,293.59,,7.71,D,3,True,True,776,2025,7,southwest_monsoon,day,353.04,brightness,VIIRS,7.71,0.8042075736325389,0.1687261289597843,95,forest,sampled,2,low_density,natural,forest_fire,0.8,A2_FOREST_NATURAL,rule_based_v1.0
VIIRS_SNPP_SP,8.77878,77.95515,330.21,,0.51,0.66,2025-07-08,854,SNPP,VIIRS,n,2.0,296.01,,1.58,D,0,True,True,777,2025,7,southwest_monsoon,day,330.21,brightness,VIIRS,1.58,0.4840112201963532,0.0310042687036621,50,built_up,sampled,10,strong_cluster,industrial,,0.86,A2_DENSE_BUILT_OR_BARE_INDUSTRIAL,rule_based_v1.0
VIIRS_SNPP_SP,8.87449,77.87409,332.04,,0.51,0.66,2025-07-08,854,SNPP,VIIRS,n,2.0,294.29,,0.93,D,0,True,True,778,2025,7,southwest_monsoon,day,332.04,brightness,VIIRS,0.93,0.5096774193548391,0.0164008088070096,30,grassland,sampled,1,low_density,natural,other_natural,0.76,A2_GRASSLAND_NATURAL,rule_based_v1.0
VIIRS_NOAA20_SP,8.67055,77.99246,,307.67,0.39,0.36,2025-07-08,2013,NOAA-20,VIIRS,n,2.0,,293.27,2.07,N,0,True,True,779,2025,7,southwest_monsoon,night,307.67,bright_ti4,VIIRS,2.07,0.1678821879382892,0.0420130307796,10,forest,sampled,14,strong_cluster,natural,forest_fire,0.62,A2_FOREST_NATURAL,rule_based_v1.0
VIIRS_NOAA20_SP,8.69798,78.02782,,330.49,0.6,0.7,2025-07-09,718,NOAA-20,VIIRS,n,2.0,,294.42,3.12,D,0,True,True,780,2025,7,southwest_monsoon,day,330.49,bright_ti4,VIIRS,3.12,0.4879382889200563,0.0656032352280386,20,grassland,sampled,4,moderate_density,natural,other_natural,0.6,A2_GRASSLAND_NATURAL,rule_based_v1.0
VIIRS_SNPP_SP,8.67996,78.08682,367,,0.5,0.49,2025-07-09,835,SNPP,VIIRS,h,2.0,299.93,,12.23,D,0,True,True,781,2025,7,southwest_monsoon,day,367.0,brightness,VIIRS,12.23,1.0,0.2702763423949674,20,grassland,sampled,6,moderate_density,natural,other_natural,0.6,A2_GRASSLAND_NATURAL,rule_based_v1.0
VIIRS_SNPP_SP,8.69498,78.02872,336.63,,0.5,0.49,2025-07-09,835,SNPP,VIIRS,n,2.0,300.19,,4.96,D,0,True,True,782,2025,7,southwest_monsoon,day,336.63,brightness,VIIRS,4.96,0.5740532959326788,0.1069422601662547,30,grassland,sampled,4,moderate_density,natural,other_natural,0.6,A2_GRASSLAND_NATURAL,rule_based_v1.0
VIIRS_SNPP_SP,8.6995,78.02809,331.63,,0.5,0.49,2025-07-09,835,SNPP,VIIRS,n,2.0,300.99,,3.99,D,0,True,True,783,2025,7,southwest_monsoon,day,331.63,brightness,VIIRS,3.99,0.5039270687237026,0.0851494046281734,20,grassland,sampled,4,moderate_density,natural,other_natural,0.6,A2_GRASSLAND_NATURAL,rule_based_v1.0
VIIRS_SNPP_SP,8.6954,78.02489,339.01,,0.5,0.49,2025-07-09,836,SNPP,VIIRS,n,2.0,301.56,,6.23,D,0,True,True,784,2025,7,southwest_monsoon,day,339.01,brightness,VIIRS,6.23,0.6074333800841514,0.1354751741181757,30,grassland,sampled,4,moderate_density,natural,other_natural,0.6,A2_GRASSLAND_NATURAL,rule_based_v1.0
VIIRS_SNPP_SP,8.94685,77.96056,340.57,,0.5,0.49,2025-07-09,836,SNPP,VIIRS,n,2.0,300.08,,3.58,D,0,True,True,785,2025,7,southwest_monsoon,day,340.57,brightness,VIIRS,3.58,0.629312762973352,0.0759379914625926,40,cropland,sampled,1,low_density,natural,agricultural_burning,0.78,A2_CROPLAND_NATURAL,rule_based_v1.0
VIIRS_NOAA20_SP,8.49447,78.05338,,340.67,0.69,0.74,2025-07-09,858,NOAA-20,VIIRS,n,2.0,,292.41,6.46,D,0,True,True,786,2025,7,southwest_monsoon,day,340.67,bright_ti4,VIIRS,6.46,0.6307152875175318,0.1406425522354527,30,grassland,sampled,3,moderate_density,natural,other_natural,0.6,A2_GRASSLAND_NATURAL,rule_based_v1.0
VIIRS_NOAA20_SP,8.49469,78.05097,,331.52,0.69,0.74,2025-07-09,858,NOAA-20,VIIRS,n,2.0,,292.45,4.51,D,0,True,True,787,2025,7,southwest_monsoon,day,331.52,bright_ti4,VIIRS,4.51,0.502384291725105,0.0968321725454953,10,forest,sampled,4,moderate_density,natural,forest_fire,0.62,A2_FOREST_NATURAL,rule_based_v1.0
MODIS_SP,8.6779,78.0745,319.9,,1.6,1.2,2025-07-09,910,Aqua,MODIS,65,61.03,301,,12.2,D,0,True,True,788,2025,7,southwest_monsoon,day,319.9,brightness,MODIS,12.2,0.1875825627476881,0.0390428211586901,10,forest,sampled,4,moderate_density,natural,forest_fire,0.62,A2_FOREST_NATURAL,rule_based_v1.0
MODIS_SP,8.6801,78.0886,322.7,,1.6,1.2,2025-07-09,910,Aqua,MODIS,70,61.03,300.4,,18.1,D,0,True,True,789,2025,7,southwest_monsoon,day,322.7,brightness,MODIS,18.1,0.2245706737120211,0.0761964735516372,20,grassland,sampled,6,moderate_density,natural,other_natural,0.6,A2_GRASSLAND_NATURAL,rule_based_v1.0
VIIRS_SNPP_SP,8.84401,78.07008,310.63,,0.6,0.7,2025-07-09,1931,SNPP,VIIRS,n,2.0,289.2,,1.4,N,0,True,True,790,2025,7,southwest_monsoon,night,310.63,brightness,VIIRS,1.4,0.2093969144460028,0.0269602336553583,30,grassland,sampled,2,low_density,natural,other_natural,0.76,A2_GRASSLAND_NATURAL,rule_based_v1.0
VIIRS_NOAA20_SP,8.66968,77.99356,,309.41,0.44,0.46,2025-07-09,1954,NOAA-20,VIIRS,n,2.0,,293.11,0.73,N,0,True,True,791,2025,7,southwest_monsoon,night,309.41,bright_ti4,VIIRS,0.73,0.1922861150070131,0.0119074365311166,30,grassland,sampled,14,strong_cluster,natural,other_natural,0.6,A2_GRASSLAND_NATURAL,rule_based_v1.0
VIIRS_SNPP_SP,8.44721,77.98692,339.64,,0.41,0.37,2025-07-10,817,SNPP,VIIRS,n,2.0,308.7,,2.31,D,0,True,True,792,2025,7,southwest_monsoon,day,339.64,brightness,VIIRS,2.31,0.6162692847124823,0.0474050775106717,40,cropland,sampled,2,low_density,natural,agricultural_burning,0.78,A2_CROPLAND_NATURAL,rule_based_v1.0
VIIRS_SNPP_SP,8.44776,77.99064,335.14,,0.41,0.37,2025-07-10,817,SNPP,VIIRS,l,2.0,306.81,,2.92,D,0,True,True,793,2025,7,southwest_monsoon,day,335.14,brightness,VIIRS,2.92,0.5531556802244038,0.0611098629521455,10,forest,sampled,2,low_density,natural,forest_fire,0.8,A2_FOREST_NATURAL,rule_based_v1.0
VIIRS_SNPP_SP,8.82181,78.00318,341.52,,0.41,0.37,2025-07-10,817,SNPP,VIIRS,n,2.0,309.85,,9.41,D,0,True,True,794,2025,7,southwest_monsoon,day,341.52,brightness,VIIRS,9.41,0.6426367461430573,0.2069197933048753,40,cropland,sampled,13,strong_cluster,natural,agricultural_burning,0.82,A2_CROPLAND_NATURAL,rule_based_v1.0
VIIRS_SNPP_SP,8.82236,78.00694,356.14,,0.41,0.37,2025-07-10,817,SNPP,VIIRS,n,2.0,310.5,,9.41,D,0,True,True,795,2025,7,southwest_monsoon,day,356.14,brightness,VIIRS,9.41,0.8476858345021037,0.2069197933048753,30,grassland,sampled,10,strong_cluster,natural,other_natural,0.6,A2_GRASSLAND_NATURAL,rule_based_v1.0
VIIRS_SNPP_SP,8.94582,78.11559,342.38,,0.42,0.37,2025-07-10,817,SNPP,VIIRS,n,2.0,306.92,,10.07,D,0,True,True,796,2025,7,southwest_monsoon,day,342.38,brightness,VIIRS,10.07,0.6546984572230014,0.2217479218153224,40,cropland,sampled,1,low_density,natural,agricultural_burning,0.78,A2_CROPLAND_NATURAL,rule_based_v1.0
VIIRS_NOAA20_SP,8.82224,78.00745,,348.17,0.33,0.55,2025-07-10,839,NOAA-20,VIIRS,n,2.0,,300.69,4.5,D,0,True,True,797,2025,7,southwest_monsoon,day,348.17,bright_ti4,VIIRS,4.5,0.735904628330996,0.0966075039317007,30,grassland,sampled,8,moderate_density,natural,other_natural,0.6,A2_GRASSLAND_NATURAL,rule_based_v1.0
VIIRS_NOAA20_SP,8.93114,78.06089,,331.76,0.33,0.55,2025-07-10,839,NOAA-20,VIIRS,n,2.0,,297.15,3.12,D,0,True,True,798,2025,7,southwest_monsoon,day,331.76,bright_ti4,VIIRS,3.12,0.505750350631136,0.0656032352280386,40,cropland,sampled,1,low_density,natural,agricultural_burning,0.78,A2_CROPLAND_NATURAL,rule_based_v1.0
VIIRS_NOAA20_SP,8.94162,77.94334,,337.9,0.33,0.55,2025-07-10,839,NOAA-20,VIIRS,n,2.0,,298.79,0.91,D,0,True,True,799,2025,7,southwest_monsoon,day,337.9,bright_ti4,VIIRS,0.91,0.5918653576437585,0.0159514715794203,20,grassland,sampled,6,moderate_density,natural,other_natural,0.6,A2_GRASSLAND_NATURAL,rule_based_v1.0
VIIRS_SNPP_SP,8.5718,77.90462,315.01,,0.63,0.54,2025-07-10,2053,SNPP,VIIRS,n,2.0,278.18,,3.72,N,0,True,True,800,2025,7,southwest_monsoon,night,315.01,brightness,VIIRS,3.72,0.2708274894810659,0.0790833520557178,40,cropland,sampled,2,low_density,natural,agricultural_burning,0.78,A2_CROPLAND_NATURAL,rule_based_v1.0
VIIRS_SNPP_SP,8.73277,77.95296,347.15,,0.45,0.39,2025-07-11,758,SNPP,VIIRS,n,2.0,305.59,,5.61,D,0,True,True,801,2025,7,southwest_monsoon,day,347.15,brightness,VIIRS,5.61,0.7215988779803644,0.1215457200629072,20,grassland,sampled,8,moderate_density,natural,other_natural,0.6,A2_GRASSLAND_NATURAL,rule_based_v1.0
VIIRS_SNPP_SP,8.7457,78.07973,339.45,,0.44,0.39,2025-07-11,758,SNPP,VIIRS,n,2.0,301.69,,6.64,D,0,True,True,802,2025,7,southwest_monsoon,day,339.45,brightness,VIIRS,6.64,0.6136044880785413,0.1446865872837564,10,forest,sampled,15,strong_cluster,natural,forest_fire,0.62,A2_FOREST_NATURAL,rule_based_v1.0
VIIRS_SNPP_SP,8.82958,77.96556,337.72,,0.45,0.39,2025-07-11,758,SNPP,VIIRS,n,2.0,305.18,,5.31,D,0,True,True,803,2025,7,southwest_monsoon,day,337.72,brightness,VIIRS,5.31,0.5893408134642361,0.1148056616490676,40,cropland,sampled,1,low_density,natural,agricultural_burning,0.78,A2_CROPLAND_NATURAL,rule_based_v1.0
VIIRS_NOAA20_SP,8.73359,77.95431,,334.57,0.48,0.4,2025-07-11,820,NOAA-20,VIIRS,l,2.0,,304.89,4.46,D,0,True,True,804,2025,7,southwest_monsoon,day,334.57,bright_ti4,VIIRS,4.46,0.5451612903225806,0.0957088294765221,40,cropland,sampled,9,moderate_density,natural,agricultural_burning,0.78,A2_CROPLAND_NATURAL,rule_based_v1.0
VIIRS_NOAA20_SP,8.74426,78.07944,,338.33,0.49,0.4,2025-07-11,820,NOAA-20,VIIRS,n,2.0,,302.17,3.76,D,0,True,True,805,2025,7,southwest_monsoon,day,338.33,bright_ti4,VIIRS,3.76,0.5978962131837305,0.0799820265108964,40,cropland,sampled,14,strong_cluster,natural,agricultural_burning,0.82,A2_CROPLAND_NATURAL,rule_based_v1.0
VIIRS_NOAA20_SP,8.74491,78.08391,,336.3,0.49,0.4,2025-07-11,820,NOAA-20,VIIRS,n,2.0,,301.37,2.94,D,0,True,True,806,2025,7,southwest_monsoon,day,336.3,bright_ti4,VIIRS,2.94,0.5694249649368867,0.0615592001797348,40,cropland,sampled,14,strong_cluster,natural,agricultural_burning,0.82,A2_CROPLAND_NATURAL,rule_based_v1.0
VIIRS_NOAA20_SP,8.74798,78.07892,,335.63,0.49,0.4,2025-07-11,820,NOAA-20,VIIRS,n,2.0,,303.15,2.73,D,0,True,True,807,2025,7,southwest_monsoon,day,335.63,bright_ti4,VIIRS,2.73,0.5600280504908836,0.0568411592900471,40,cropland,sampled,14,strong_cluster,natural,agricultural_burning,0.82,A2_CROPLAND_NATURAL,rule_based_v1.0
VIIRS_NOAA20_SP,8.73225,77.95142,,336.15,0.48,0.4,2025-07-11,821,NOAA-20,VIIRS,n,2.0,,304.48,2.79,D,0,True,True,808,2025,7,southwest_monsoon,day,336.15,bright_ti4,VIIRS,2.79,0.5673211781206169,0.0581891709728151,30,grassland,sampled,8,moderate_density,natural,other_natural,0.6,A2_GRASSLAND_NATURAL,rule_based_v1.0
VIIRS_NOAA20_SP,8.78127,77.87292,,334.94,0.48,0.4,2025-07-11,821,NOAA-20,VIIRS,n,2.0,,303.37,1.49,D,0,True,True,809,2025,7,southwest_monsoon,day,334.94,bright_ti4,VIIRS,1.49,0.5503506311360449,0.0289822511795102,40,cropland,sampled,1,low_density,natural,agricultural_burning,0.78,A2_CROPLAND_NATURAL,rule_based_v1.0
VIIRS_SNPP_SP,8.43586,77.94272,334.25,,0.58,0.52,2025-07-12,739,SNPP,VIIRS,n,2.0,297.15,,3.68,D,0,True,True,810,2025,7,southwest_monsoon,day,334.25,brightness,VIIRS,3.68,0.5406732117812062,0.0781846776005392,20,grassland,sampled,1,low_density,natural,other_natural,0.76,A2_GRASSLAND_NATURAL,rule_based_v1.0
VIIRS_SNPP_SP,8.8611,77.95855,332.5,,0.57,0.52,2025-07-12,739,SNPP,VIIRS,n,2.0,295.71,,3.08,D,0,True,True,811,2025,7,southwest_monsoon,day,332.5,brightness,VIIRS,3.08,0.5161290322580646,0.06470456077286,20,grassland,sampled,8,moderate_density,natural,other_natural,0.6,A2_GRASSLAND_NATURAL,rule_based_v1.0
VIIRS_SNPP_SP,8.91124,77.90924,339.07,,0.58,0.52,2025-07-12,739,SNPP,VIIRS,n,2.0,297.85,,4.75,D,0,True,True,812,2025,7,southwest_monsoon,day,339.07,brightness,VIIRS,4.75,0.6082748948106591,0.102224219276567,40,cropland,sampled,1,low_density,natural,agricultural_burning,0.78,A2_CROPLAND_NATURAL,rule_based_v1.0
VIIRS_NOAA20_SP,8.85416,77.85764,,334.33,0.4,0.37,2025-07-12,802,NOAA-20,VIIRS,n,2.0,,298.38,2.18,D,0,True,True,813,2025,7,southwest_monsoon,day,334.33,bright_ti4,VIIRS,2.18,0.5417952314165496,0.0444843855313412,40,cropland,sampled,1,low_density,natural,agricultural_burning,0.78,A2_CROPLAND_NATURAL,rule_based_v1.0
VIIRS_NOAA20_SP,8.86028,77.96267,,339.33,0.39,0.36,2025-07-12,802,NOAA-20,VIIRS,n,2.0,,297.29,1.81,D,0,True,True,814,2025,7,southwest_monsoon,day,339.33,bright_ti4,VIIRS,1.81,0.6119214586255258,0.0361716468209391,20,grassland,sampled,10,strong_cluster,natural,other_natural,0.6,A2_GRASSLAND_NATURAL,rule_based_v1.0
MODIS_SP,8.8608,77.9565,330.7,,1.0,1.0,2025-07-12,928,Aqua,MODIS,79,61.03,307,,7.1,D,0,True,True,815,2025,7,southwest_monsoon,day,330.7,brightness,MODIS,7.1,0.3302509907529723,0.0069269521410579,20,grassland,sampled,9,moderate_density,natural,other_natural,0.6,A2_GRASSLAND_NATURAL,rule_based_v1.0
MODIS_SP,8.862,77.9653,337.6,,1.0,1.0,2025-07-12,928,Aqua,MODIS,86,61.03,307.4,,17.2,D,0,True,True,816,2025,7,southwest_monsoon,day,337.6,brightness,MODIS,17.2,0.4214002642007931,0.070528967254408,20,grassland,sampled,8,moderate_density,natural,other_natural,0.6,A2_GRASSLAND_NATURAL,rule_based_v1.0
VIIRS_NOAA20_SP,8.66993,77.99233,,304.67,0.4,0.45,2025-07-12,2038,NOAA-20,VIIRS,n,2.0,,285.31,1.17,N,0,True,True,817,2025,7,southwest_monsoon,night,304.67,bright_ti4,VIIRS,1.17,0.1258064516129035,0.0217928555380813,20,grassland,sampled,14,strong_cluster,natural,other_natural,0.6,A2_GRASSLAND_NATURAL,rule_based_v1.0
VIIRS_NOAA20_SP,8.73995,78.00416,,342.73,0.44,0.46,2025-07-13,743,NOAA-20,VIIRS,n,2.0,,274.41,5.02,D,0,True,True,818,2025,7,southwest_monsoon,day,342.73,bright_ti4,VIIRS,5.02,0.65960729312763,0.1082902718490226,40,cropland,sampled,1,low_density,natural,agricultural_burning,0.78,A2_CROPLAND_NATURAL,rule_based_v1.0
VIIRS_NOAA20_SP,8.77068,77.9537,,332.21,0.45,0.47,2025-07-13,743,NOAA-20,VIIRS,n,2.0,,272.47,3.43,D,0,True,True,819,2025,7,southwest_monsoon,day,332.21,bright_ti4,VIIRS,3.43,0.5120617110799437,0.0725679622556728,40,cropland,sampled,10,strong_cluster,natural,agricultural_burning,0.82,A2_CROPLAND_NATURAL,rule_based_v1.0
VIIRS_NOAA20_SP,8.77436,78.01001,,353.26,0.47,0.64,2025-07-14,724,NOAA-20,VIIRS,n,2.0,,293.79,6.32,D,0,True,True,820,2025,7,southwest_monsoon,day,353.26,bright_ti4,VIIRS,6.32,0.8072931276297334,0.1374971916423275,30,grassland,sampled,3,moderate_density,natural,other_natural,0.6,A2_GRASSLAND_NATURAL,rule_based_v1.0
VIIRS_NOAA20_SP,8.87468,78.16312,,336.71,0.45,0.63,2025-07-14,724,NOAA-20,VIIRS,n,2.0,,289.47,5.78,D,0,True,True,821,2025,7,southwest_monsoon,day,336.71,bright_ti4,VIIRS,5.78,0.5751753155680223,0.1253650864974163,20,grassland,sampled,33,strong_cluster,natural,other_natural,0.6,A2_GRASSLAND_NATURAL,rule_based_v1.0
VIIRS_SNPP_SP,8.7598,78.18208,332.41,,0.33,0.55,2025-07-14,842,SNPP,VIIRS,n,2.0,295.94,,2.49,D,0,True,True,822,2025,7,southwest_monsoon,day,332.41,brightness,VIIRS,2.49,0.5148667601683034,0.0514491125589755,60,bare,sampled,12,strong_cluster,industrial,,0.78,A2_DENSE_BUILT_OR_BARE_INDUSTRIAL,rule_based_v1.0
VIIRS_SNPP_SP,8.76019,78.18509,331.25,,0.33,0.55,2025-07-14,842,SNPP,VIIRS,n,2.0,295.31,,2.49,D,0,True,True,823,2025,7,southwest_monsoon,day,331.25,brightness,VIIRS,2.49,0.4985974754558205,0.0514491125589755,30,grassland,sampled,12,strong_cluster,natural,other_natural,0.6,A2_GRASSLAND_NATURAL,rule_based_v1.0
VIIRS_SNPP_SP,8.87429,78.1647,341.75,,0.33,0.55,2025-07-14,842,SNPP,VIIRS,n,2.0,292.48,,1.3,D,0,True,True,824,2025,7,southwest_monsoon,day,341.75,brightness,VIIRS,1.3,0.6458625525946705,0.0247135475174118,20,grassland,sampled,24,strong_cluster,natural,other_natural,0.6,A2_GRASSLAND_NATURAL,rule_based_v1.0
VIIRS_SNPP_SP,8.62096,77.91766,330.05,,0.46,0.47,2025-07-17,745,SNPP,VIIRS,n,2.0,281.66,,5.51,D,0,True,True,825,2025,7,southwest_monsoon,day,330.05,brightness,VIIRS,5.51,0.4817671809256664,0.1192990339249606,10,forest,sampled,9,moderate_density,natural,forest_fire,0.62,A2_FOREST_NATURAL,rule_based_v1.0
VIIRS_SNPP_SP,8.87331,78.16238,334.4,,0.39,0.36,2025-07-21,810,SNPP,VIIRS,n,2.0,290.54,,3.08,D,0,True,True,826,2025,7,southwest_monsoon,day,334.4,brightness,VIIRS,3.08,0.5427769985974752,0.06470456077286,20,grassland,sampled,55,strong_cluster,natural,other_natural,0.6,A2_GRASSLAND_NATURAL,rule_based_v1.0
VIIRS_SNPP_SP,8.87046,78.16236,348.61,,0.36,0.57,2025-07-23,733,SNPP,VIIRS,n,2.0,292.08,,5.36,D,0,True,True,827,2025,7,southwest_monsoon,day,348.61,brightness,VIIRS,5.36,0.7420757363253859,0.1159290047180408,10,forest,sampled,66,strong_cluster,natural,forest_fire,0.62,A2_FOREST_NATURAL,rule_based_v1.0
VIIRS_SNPP_SP,8.87195,78.16222,347.26,,0.36,0.57,2025-07-23,733,SNPP,VIIRS,n,2.0,292.29,,5.68,D,0,True,True,828,2025,7,southwest_monsoon,day,347.26,brightness,VIIRS,5.68,0.7231416549789621,0.1231184003594697,20,grassland,sampled,64,strong_cluster,natural,other_natural,0.6,A2_GRASSLAND_NATURAL,rule_based_v1.0
VIIRS_NOAA20_SP,8.87088,78.16116,,336.94,0.43,0.38,2025-07-23,755,NOAA-20,VIIRS,n,2.0,,301.35,9.9,D,0,True,True,829,2025,7,southwest_monsoon,day,336.94,bright_ti4,VIIRS,9.9,0.5784011220196353,0.2179285553808133,10,forest,sampled,70,strong_cluster,natural,forest_fire,0.62,A2_FOREST_NATURAL,rule_based_v1.0
VIIRS_NOAA20_SP,8.92751,78.17239,,340.64,0.43,0.38,2025-07-23,755,NOAA-20,VIIRS,n,2.0,,297.14,3.94,D,0,True,True,830,2025,7,southwest_monsoon,day,340.64,bright_ti4,VIIRS,3.94,0.6302945301542776,0.0840260615592001,20,grassland,sampled,5,moderate_density,natural,other_natural,0.6,A2_GRASSLAND_NATURAL,rule_based_v1.0
VIIRS_SNPP_SP,8.67209,77.99181,306.23,,0.48,0.4,2025-07-27,2034,SNPP,VIIRS,n,2.0,292.8,,0.96,N,0,True,True,831,2025,7,southwest_monsoon,night,306.23,brightness,VIIRS,0.96,0.1476858345021041,0.0170748146483936,10,forest,sampled,14,strong_cluster,natural,forest_fire,0.62,A2_FOREST_NATURAL,rule_based_v1.0
VIIRS_SNPP_SP,8.70233,78.05931,320.21,,0.48,0.4,2025-07-27,2034,SNPP,VIIRS,n,2.0,292.52,,1.91,N,0,True,True,832,2025,7,southwest_monsoon,night,320.21,brightness,VIIRS,1.91,0.3437587657784009,0.0384183329588856,30,grassland,sampled,2,low_density,natural,other_natural,0.76,A2_GRASSLAND_NATURAL,rule_based_v1.0
VIIRS_NOAA20_SP,8.70425,78.05885,,309.33,0.43,0.62,2025-07-27,2056,NOAA-20,VIIRS,n,2.0,,289.01,1.02,N,0,True,True,833,2025,7,southwest_monsoon,night,309.33,bright_ti4,VIIRS,1.02,0.1911640953716689,0.0184228263311615,30,grassland,sampled,2,low_density,natural,other_natural,0.76,A2_GRASSLAND_NATURAL,rule_based_v1.0
VIIRS_SNPP_SP,8.85157,78.0039,334.77,,0.57,0.52,2025-07-28,739,SNPP,VIIRS,n,2.0,301.62,,8.23,D,0,True,True,834,2025,7,southwest_monsoon,day,334.77,brightness,VIIRS,8.23,0.5479663394109395,0.1804088968771063,30,grassland,sampled,8,moderate_density,natural,other_natural,0.6,A2_GRASSLAND_NATURAL,rule_based_v1.0
MODIS_SP,8.373,77.9347,319.3,,1.0,1.0,2025-07-29,414,Terra,MODIS,66,61.03,302.5,,6.3,D,0,True,True,835,2025,7,southwest_monsoon,day,319.3,brightness,MODIS,6.3,0.1796565389696172,0.001889168765743,30,grassland,sampled,2,low_density,natural,other_natural,0.76,A2_GRASSLAND_NATURAL,rule_based_v1.0
VIIRS_NOAA20_SP,8.37114,77.9342,,334.37,0.46,0.47,2025-07-29,743,NOAA-20,VIIRS,n,2.0,,301.54,2.83,D,0,True,True,836,2025,7,southwest_monsoon,day,334.37,bright_ti4,VIIRS,2.83,0.5423562412342218,0.0590878454279937,10,forest,sampled,2,low_density,natural,forest_fire,0.8,A2_FOREST_NATURAL,rule_based_v1.0
VIIRS_NOAA20_SP,8.67576,77.99248,,332.54,0.45,0.47,2025-07-29,743,NOAA-20,VIIRS,l,2.0,,302.64,2.14,D,0,True,True,837,2025,7,southwest_monsoon,day,332.54,bright_ti4,VIIRS,2.14,0.5166900420757367,0.0435857110761626,10,forest,sampled,14,strong_cluster,natural,forest_fire,0.62,A2_FOREST_NATURAL,rule_based_v1.0
VIIRS_NOAA20_SP,8.91803,77.88272,,341.13,0.45,0.47,2025-07-29,743,NOAA-20,VIIRS,n,2.0,,303.92,4.74,D,0,True,True,838,2025,7,southwest_monsoon,day,341.13,bright_ti4,VIIRS,4.74,0.6371669004207574,0.1019995506627724,10,forest,sampled,3,moderate_density,natural,forest_fire,0.62,A2_FOREST_NATURAL,rule_based_v1.0
MODIS_SP,8.5127,78.0552,327.6,,2.8,1.6,2025-07-29,900,Aqua,MODIS,79,61.03,298.3,,60.9,D,0,True,True,839,2025,7,southwest_monsoon,day,327.6,brightness,MODIS,60.9,0.2892998678996042,0.3457178841309823,20,grassland,sampled,3,moderate_density,natural,other_natural,0.6,A2_GRASSLAND_NATURAL,rule_based_v1.0
VIIRS_SNPP_SP,8.514,78.0621,343.1,,0.66,0.73,2025-07-29,901,SNPP,VIIRS,n,2.0,291.29,,10.88,D,0,True,True,840,2025,7,southwest_monsoon,day,343.1,brightness,VIIRS,10.88,0.6647966339410943,0.2399460795326893,40,cropland,sampled,6,moderate_density,natural,agricultural_burning,0.78,A2_CROPLAND_NATURAL,rule_based_v1.0
VIIRS_SNPP_SP,8.51477,78.0683,356.08,,0.66,0.73,2025-07-29,901,SNPP,VIIRS,n,2.0,292.11,,18.64,D,0,True,True,841,2025,7,southwest_monsoon,day,356.08,brightness,VIIRS,18.64,0.8468443197755958,0.4142889238373399,40,cropland,sampled,6,moderate_density,natural,agricultural_burning,0.78,A2_CROPLAND_NATURAL,rule_based_v1.0
VIIRS_SNPP_SP,8.89218,78.14642,333.2,,0.44,0.46,2025-08-02,745,SNPP,VIIRS,n,2.0,281.51,,4.65,D,0,True,True,842,2025,8,southwest_monsoon,day,333.2,brightness,VIIRS,4.65,0.5259467040673211,0.0999775331386205,20,grassland,sampled,7,moderate_density,natural,other_natural,0.6,A2_GRASSLAND_NATURAL,rule_based_v1.0
VIIRS_NOAA20_SP,8.89244,78.14487,,341,0.39,0.36,2025-08-02,808,NOAA-20,VIIRS,n,2.0,,292.32,3.1,D,0,True,True,843,2025,8,southwest_monsoon,day,341.0,bright_ti4,VIIRS,3.1,0.635343618513324,0.0651538980004493,40,cropland,sampled,5,moderate_density,natural,agricultural_burning,0.78,A2_CROPLAND_NATURAL,rule_based_v1.0
VIIRS_NOAA20_SP,8.66053,78.0372,,299.52,0.42,0.38,2025-08-03,2025,NOAA-20,VIIRS,n,2.0,,273.38,0.2,N,0,True,True,844,2025,8,southwest_monsoon,night,299.52,bright_ti4,VIIRS,0.2,0.0535764375876576,0.0,90,grassland,sampled,2,low_density,natural,other_natural,0.76,A2_GRASSLAND_NATURAL,rule_based_v1.0
VIIRS_NOAA20_SP,8.67194,78.01117,,338.18,0.37,0.58,2025-08-04,730,NOAA-20,VIIRS,n,2.0,,291.4,2.56,D,0,True,True,845,2025,8,southwest_monsoon,day,338.18,bright_ti4,VIIRS,2.56,0.5957924263674615,0.053021792855538,10,forest,sampled,1,low_density,natural,forest_fire,0.8,A2_FOREST_NATURAL,rule_based_v1.0
VIIRS_NOAA20_SP,8.86625,78.15781,,332.81,0.35,0.57,2025-08-04,730,NOAA-20,VIIRS,n,2.0,,293.31,2.29,D,0,True,True,846,2025,8,southwest_monsoon,day,332.81,bright_ti4,VIIRS,2.29,0.5204768583450211,0.0469557402830824,20,grassland,sampled,72,strong_cluster,natural,other_natural,0.6,A2_GRASSLAND_NATURAL,rule_based_v1.0
VIIRS_NOAA20_SP,8.88994,78.08127,,331.83,0.36,0.57,2025-08-04,730,NOAA-20,VIIRS,n,2.0,,294.32,1.44,D,0,True,True,847,2025,8,southwest_monsoon,day,331.83,bright_ti4,VIIRS,1.44,0.5067321178120615,0.0278589081105369,30,grassland,sampled,4,moderate_density,natural,other_natural,0.6,A2_GRASSLAND_NATURAL,rule_based_v1.0
VIIRS_NOAA20_SP,8.91464,77.89029,,337.17,0.37,0.58,2025-08-04,730,NOAA-20,VIIRS,n,2.0,,292.43,2.35,D,0,True,True,848,2025,8,southwest_monsoon,day,337.17,bright_ti4,VIIRS,2.35,0.5816269284712485,0.0483037519658503,40,cropland,sampled,2,low_density,natural,agricultural_burning,0.78,A2_CROPLAND_NATURAL,rule_based_v1.0
VIIRS_SNPP_SP,8.77955,77.86048,335.33,,0.57,0.43,2025-08-05,829,SNPP,VIIRS,n,2.0,299.26,,3.4,D,0,True,True,849,2025,8,southwest_monsoon,day,335.33,brightness,VIIRS,3.4,0.5558204768583449,0.0718939564142889,20,grassland,sampled,2,low_density,natural,other_natural,0.76,A2_GRASSLAND_NATURAL,rule_based_v1.0
VIIRS_SNPP_SP,8.87186,78.16111,344.63,,0.4,0.44,2025-08-05,829,SNPP,VIIRS,n,2.0,297.08,,4.34,D,0,True,True,850,2025,8,southwest_monsoon,day,344.63,brightness,VIIRS,4.34,0.6862552594670407,0.0930128061109862,20,grassland,sampled,69,strong_cluster,natural,other_natural,0.6,A2_GRASSLAND_NATURAL,rule_based_v1.0
VIIRS_NOAA20_SP,8.87967,77.97182,,333.02,0.54,0.68,2025-08-05,852,NOAA-20,VIIRS,n,2.0,,290.76,2.26,D,0,True,True,851,2025,8,southwest_monsoon,day,333.02,bright_ti4,VIIRS,2.26,0.5234221598877978,0.0462817344416984,40,cropland,sampled,2,low_density,natural,agricultural_burning,0.78,A2_CROPLAND_NATURAL,rule_based_v1.0
VIIRS_NOAA20_SP,8.67024,77.85011,,334.05,0.49,0.49,2025-08-06,833,NOAA-20,VIIRS,n,2.0,,289.98,4.61,D,0,True,True,852,2025,8,southwest_monsoon,day,334.05,bright_ti4,VIIRS,4.61,0.5378681626928473,0.0990788586834419,10,forest,sampled,4,moderate_density,natural,forest_fire,0.62,A2_FOREST_NATURAL,rule_based_v1.0
VIIRS_NOAA20_SP,8.67311,77.85133,,340.25,0.49,0.49,2025-08-06,833,NOAA-20,VIIRS,n,2.0,,289.18,4.05,D,0,True,True,853,2025,8,southwest_monsoon,day,340.25,bright_ti4,VIIRS,4.05,0.6248246844319776,0.0864974163109413,40,cropland,sampled,3,moderate_density,natural,agricultural_burning,0.78,A2_CROPLAND_NATURAL,rule_based_v1.0
VIIRS_NOAA20_SP,8.73106,78.115,,330.89,0.52,0.5,2025-08-06,833,NOAA-20,VIIRS,n,2.0,,287.23,4.46,D,0,True,True,854,2025,8,southwest_monsoon,day,330.89,bright_ti4,VIIRS,4.46,0.493548387096774,0.0957088294765221,10,forest,sampled,1,low_density,natural,forest_fire,0.8,A2_FOREST_NATURAL,rule_based_v1.0
VIIRS_NOAA20_SP,8.84375,78.0042,,341.04,0.42,0.37,2025-08-07,814,NOAA-20,VIIRS,n,2.0,,288.91,4.27,D,0,True,True,855,2025,8,southwest_monsoon,day,341.04,bright_ti4,VIIRS,4.27,0.6359046283309961,0.0914401258144237,40,cropland,sampled,6,moderate_density,natural,agricultural_burning,0.78,A2_CROPLAND_NATURAL,rule_based_v1.0
VIIRS_SNPP_SP,8.66453,77.85204,311.11,,0.41,0.37,2025-08-07,2027,SNPP,VIIRS,n,2.0,292.02,,0.87,N,0,True,True,856,2025,8,southwest_monsoon,night,311.11,brightness,VIIRS,0.87,0.2161290322580648,0.0150527971242417,40,cropland,sampled,4,moderate_density,natural,agricultural_burning,0.78,A2_CROPLAND_NATURAL,rule_based_v1.0
VIIRS_NOAA20_SP,8.72737,77.85535,,310.55,0.32,0.55,2025-08-07,2050,NOAA-20,VIIRS,n,2.0,,290.03,1.44,N,0,True,True,857,2025,8,southwest_monsoon,night,310.55,bright_ti4,VIIRS,1.44,0.2082748948106594,0.0278589081105369,40,cropland,sampled,1,low_density,natural,agricultural_burning,0.78,A2_CROPLAND_NATURAL,rule_based_v1.0
MODIS_SP,8.7392,78.0768,320.6,,1.4,1.2,2025-08-10,355,Terra,MODIS,73,61.03,288.2,,15.8,D,0,True,True,858,2025,8,southwest_monsoon,day,320.6,brightness,MODIS,15.8,0.1968295904887719,0.061712846347607,80,unknown,unmapped_code,5,moderate_density,natural,other_natural,0.35,A2_UNKNOWN_LAND_COVER_FALLBACK,rule_based_v1.0
VIIRS_NOAA20_SP,8.86759,78.15787,,332.52,0.5,0.41,2025-08-12,821,NOAA-20,VIIRS,n,2.0,,291.8,4.66,D,0,True,True,859,2025,8,southwest_monsoon,day,332.52,bright_ti4,VIIRS,4.66,0.5164095371669002,0.1002022017524151,20,grassland,sampled,73,strong_cluster,natural,other_natural,0.6,A2_GRASSLAND_NATURAL,rule_based_v1.0
VIIRS_NOAA20_SP,8.92876,78.04031,,332.34,0.44,0.46,2025-08-14,743,NOAA-20,VIIRS,n,2.0,,292.54,2.15,D,0,True,True,860,2025,8,southwest_monsoon,day,332.34,bright_ti4,VIIRS,2.15,0.513884992987377,0.0438103796899573,40,cropland,sampled,1,low_density,natural,agricultural_burning,0.78,A2_CROPLAND_NATURAL,rule_based_v1.0
VIIRS_SNPP_SP,8.89878,77.86282,339.04,,0.61,0.54,2025-08-15,842,SNPP,VIIRS,n,2.0,293.2,,4.15,D,0,True,True,861,2025,8,southwest_monsoon,day,339.04,brightness,VIIRS,4.15,0.6078541374474057,0.0887441024488879,40,cropland,sampled,3,moderate_density,natural,agricultural_burning,0.78,A2_CROPLAND_NATURAL,rule_based_v1.0
VIIRS_SNPP_SP,8.85095,78.13563,297.43,,0.38,0.36,2025-08-18,2021,SNPP,VIIRS,n,2.0,272.57,,0.74,N,0,True,True,862,2025,8,southwest_monsoon,night,297.43,brightness,VIIRS,0.74,0.024263674614306,0.0121321051449112,20,grassland,sampled,6,moderate_density,natural,other_natural,0.6,A2_GRASSLAND_NATURAL,rule_based_v1.0
VIIRS_SNPP_SP,8.57998,78.09524,335.28,,0.47,0.64,2025-08-19,726,SNPP,VIIRS,n,2.0,299.96,,2.7,D,0,True,True,863,2025,8,southwest_monsoon,day,335.28,brightness,VIIRS,2.7,0.5551192145862549,0.0561671534486632,90,grassland,sampled,5,moderate_density,natural,other_natural,0.6,A2_GRASSLAND_NATURAL,rule_based_v1.0
VIIRS_SNPP_SP,8.70886,78.11058,337.44,,0.47,0.64,2025-08-19,726,SNPP,VIIRS,n,2.0,299.31,,6.81,D,0,True,True,864,2025,8,southwest_monsoon,day,337.44,brightness,VIIRS,6.81,0.585413744740533,0.1485059537182655,60,bare,sampled,8,moderate_density,natural,other_natural,0.45,A2_AMBIGUOUS_BUILT_OR_BARE_FALLBACK,rule_based_v1.0
VIIRS_SNPP_SP,8.75855,78.18146,332.61,,0.47,0.64,2025-08-19,726,SNPP,VIIRS,n,2.0,301.56,,5.91,D,0,True,True,865,2025,8,southwest_monsoon,day,332.61,brightness,VIIRS,5.91,0.5176718092566622,0.1282857784767468,60,bare,sampled,12,strong_cluster,industrial,,0.78,A2_DENSE_BUILT_OR_BARE_INDUSTRIAL,rule_based_v1.0
VIIRS_NOAA20_SP,8.56844,78.08245,,347.82,0.53,0.42,2025-08-19,749,NOAA-20,VIIRS,n,2.0,,307.57,10.27,D,0,True,True,866,2025,8,southwest_monsoon,day,347.82,bright_ti4,VIIRS,10.27,0.7309957924263674,0.2262412940912154,10,forest,sampled,3,moderate_density,natural,forest_fire,0.62,A2_FOREST_NATURAL,rule_based_v1.0
VIIRS_NOAA20_SP,8.56956,78.08058,,341.55,0.53,0.42,2025-08-19,749,NOAA-20,VIIRS,n,2.0,,306.55,4.97,D,0,True,True,867,2025,8,southwest_monsoon,day,341.55,bright_ti4,VIIRS,4.97,0.6430575035063115,0.1071669287800494,40,cropland,sampled,2,low_density,natural,agricultural_burning,0.78,A2_CROPLAND_NATURAL,rule_based_v1.0
VIIRS_NOAA20_SP,8.74961,78.09375,,335.7,0.53,0.42,2025-08-19,749,NOAA-20,VIIRS,l,2.0,,305.97,4.15,D,0,True,True,868,2025,8,southwest_monsoon,day,335.7,bright_ti4,VIIRS,4.15,0.5610098176718091,0.0887441024488879,10,forest,sampled,8,moderate_density,natural,forest_fire,0.62,A2_FOREST_NATURAL,rule_based_v1.0
VIIRS_NOAA20_SP,8.75666,78.18491,,337.47,0.52,0.42,2025-08-19,749,NOAA-20,VIIRS,l,2.0,,310.19,7.54,D,0,True,True,869,2025,8,southwest_monsoon,day,337.47,bright_ti4,VIIRS,7.54,0.5858345021037873,0.1649067625252752,50,built_up,sampled,12,strong_cluster,industrial,,0.86,A2_DENSE_BUILT_OR_BARE_INDUSTRIAL,rule_based_v1.0
VIIRS_SNPP_SP,8.75708,78.18155,315.84,,0.54,0.42,2025-08-19,2002,SNPP,VIIRS,n,2.0,291.37,,3.12,N,0,True,True,870,2025,8,southwest_monsoon,night,315.84,brightness,VIIRS,3.12,0.2824684431977557,0.0656032352280386,60,bare,sampled,13,strong_cluster,industrial,,0.78,A2_DENSE_BUILT_OR_BARE_INDUSTRIAL,rule_based_v1.0
VIIRS_SNPP_SP,8.75819,78.17956,314.56,,0.54,0.42,2025-08-19,2002,SNPP,VIIRS,n,2.0,289.19,,1.43,N,0,True,True,871,2025,8,southwest_monsoon,night,314.56,brightness,VIIRS,1.43,0.2645161290322582,0.0276342394967423,50,built_up,sampled,13,strong_cluster,industrial,,0.86,A2_DENSE_BUILT_OR_BARE_INDUSTRIAL,rule_based_v1.0
VIIRS_NOAA20_SP,8.7567,78.18038,,306.05,0.42,0.38,2025-08-19,2025,NOAA-20,VIIRS,n,2.0,,292.23,1.69,N,0,True,True,872,2025,8,southwest_monsoon,night,306.05,bright_ti4,VIIRS,1.69,0.1451612903225809,0.0334756234554032,30,grassland,sampled,13,strong_cluster,natural,other_natural,0.6,A2_GRASSLAND_NATURAL,rule_based_v1.0
VIIRS_NOAA20_SP,8.76014,78.18094,,312.89,0.42,0.38,2025-08-19,2025,NOAA-20,VIIRS,n,2.0,,294.26,1.56,N,0,True,True,873,2025,8,southwest_monsoon,night,312.89,bright_ti4,VIIRS,1.56,0.2410939691444599,0.0305549314760727,60,bare,sampled,12,strong_cluster,industrial,,0.78,A2_DENSE_BUILT_OR_BARE_INDUSTRIAL,rule_based_v1.0
VIIRS_NOAA20_SP,8.79417,77.91589,,343.19,0.37,0.58,2025-08-20,730,NOAA-20,VIIRS,n,2.0,,301.99,1.25,D,0,True,True,874,2025,8,southwest_monsoon,day,343.19,bright_ti4,VIIRS,1.25,0.6660589060308556,0.0235902044484385,20,grassland,sampled,4,moderate_density,natural,other_natural,0.6,A2_GRASSLAND_NATURAL,rule_based_v1.0
VIIRS_NOAA20_SP,8.79519,77.91581,,341.45,0.37,0.58,2025-08-20,730,NOAA-20,VIIRS,n,2.0,,302.03,2.65,D,0,True,True,875,2025,8,southwest_monsoon,day,341.45,bright_ti4,VIIRS,2.65,0.6416549789621318,0.0550438103796899,20,grassland,sampled,4,moderate_density,natural,other_natural,0.6,A2_GRASSLAND_NATURAL,rule_based_v1.0
VIIRS_SNPP_SP,8.6646,77.99295,331.57,,0.4,0.6,2025-08-20,848,SNPP,VIIRS,n,2.0,300.52,,3.42,D,0,True,True,876,2025,8,southwest_monsoon,day,331.57,brightness,VIIRS,3.42,0.5030855539971949,0.0723432936418782,10,forest,sampled,12,strong_cluster,natural,forest_fire,0.62,A2_FOREST_NATURAL,rule_based_v1.0
VIIRS_SNPP_SP,8.84873,78.06972,335.09,,0.4,0.6,2025-08-20,848,SNPP,VIIRS,n,2.0,300.34,,2.84,D,0,True,True,877,2025,8,southwest_monsoon,day,335.09,brightness,VIIRS,2.84,0.5524544179523139,0.0593125140417883,30,grassland,sampled,2,low_density,natural,other_natural,0.76,A2_GRASSLAND_NATURAL,rule_based_v1.0
VIIRS_SNPP_SP,8.87515,77.89116,333.04,,0.39,0.59,2025-08-20,848,SNPP,VIIRS,n,2.0,301.52,,1.4,D,0,True,True,878,2025,8,southwest_monsoon,day,333.04,brightness,VIIRS,1.4,0.5237026647966343,0.0269602336553583,40,cropland,sampled,2,low_density,natural,agricultural_burning,0.78,A2_CROPLAND_NATURAL,rule_based_v1.0
VIIRS_SNPP_SP,8.91176,77.99829,347.94,,0.4,0.6,2025-08-20,848,SNPP,VIIRS,n,2.0,300.5,,4.15,D,0,True,True,879,2025,8,southwest_monsoon,day,347.94,brightness,VIIRS,4.15,0.7326788218793829,0.0887441024488879,30,grassland,sampled,2,low_density,natural,other_natural,0.76,A2_GRASSLAND_NATURAL,rule_based_v1.0
MODIS_SP,8.8894,77.8506,325.3,,3.4,1.7,2025-08-20,1007,Aqua,MODIS,67,61.03,303.7,,39.4,D,0,True,True,880,2025,8,southwest_monsoon,day,325.3,brightness,MODIS,39.4,0.2589167767503306,0.2103274559193954,20,grassland,sampled,1,low_density,natural,other_natural,0.76,A2_GRASSLAND_NATURAL,rule_based_v1.0
VIIRS_SNPP_SP,8.66367,78.06672,332.72,,0.39,0.44,2025-08-21,829,SNPP,VIIRS,l,2.0,303.98,,3.86,D,0,True,True,881,2025,8,southwest_monsoon,day,332.72,brightness,VIIRS,3.86,0.51921458625526,0.0822287126488429,20,grassland,sampled,1,low_density,natural,other_natural,0.76,A2_GRASSLAND_NATURAL,rule_based_v1.0
VIIRS_NOAA20_SP,8.91248,78.00191,,336.73,0.54,0.68,2025-08-21,852,NOAA-20,VIIRS,n,2.0,,293.18,4.6,D,0,True,True,882,2025,8,southwest_monsoon,day,336.73,bright_ti4,VIIRS,4.6,0.5754558204768586,0.0988541900696472,20,grassland,sampled,2,low_density,natural,other_natural,0.76,A2_GRASSLAND_NATURAL,rule_based_v1.0
VIIRS_SNPP_SP,8.45009,78.01909,333.35,,0.55,0.43,2025-08-23,752,SNPP,VIIRS,n,2.0,297.47,,3.02,D,0,True,True,883,2025,8,southwest_monsoon,day,333.35,brightness,VIIRS,3.02,0.5280504908835909,0.0633565490900921,10,forest,sampled,1,low_density,natural,forest_fire,0.8,A2_FOREST_NATURAL,rule_based_v1.0
VIIRS_NOAA20_SP,8.52516,78.0873,,338.45,0.42,0.37,2025-08-23,814,NOAA-20,VIIRS,n,2.0,,302.16,4.46,D,0,True,True,884,2025,8,southwest_monsoon,day,338.45,bright_ti4,VIIRS,4.46,0.599579242636746,0.0957088294765221,30,grassland,sampled,2,low_density,natural,other_natural,0.76,A2_GRASSLAND_NATURAL,rule_based_v1.0
VIIRS_SNPP_SP,8.51377,77.93323,345.94,,0.38,0.59,2025-08-24,733,SNPP,VIIRS,n,2.0,300.6,,4.88,D,0,True,True,885,2025,8,southwest_monsoon,day,345.94,brightness,VIIRS,4.88,0.7046283309957925,0.1051449112558975,30,grassland,sampled,4,moderate_density,natural,other_natural,0.6,A2_GRASSLAND_NATURAL,rule_based_v1.0
VIIRS_SNPP_SP,8.51441,77.93159,348.08,,0.38,0.59,2025-08-24,733,SNPP,VIIRS,n,2.0,302.11,,5.95,D,0,True,True,886,2025,8,southwest_monsoon,day,348.08,brightness,VIIRS,5.95,0.7346423562412341,0.1291844529319254,40,cropland,sampled,4,moderate_density,natural,agricultural_burning,0.78,A2_CROPLAND_NATURAL,rule_based_v1.0
VIIRS_SNPP_SP,8.54816,77.93279,337.79,,0.38,0.59,2025-08-24,733,SNPP,VIIRS,n,2.0,302.27,,3.98,D,0,True,True,887,2025,8,southwest_monsoon,day,337.79,brightness,VIIRS,3.98,0.5903225806451616,0.0849247360143787,30,grassland,sampled,1,low_density,natural,other_natural,0.76,A2_GRASSLAND_NATURAL,rule_based_v1.0
VIIRS_SNPP_SP,8.58278,78.09279,333.89,,0.37,0.58,2025-08-24,733,SNPP,VIIRS,n,2.0,297.69,,3.67,D,0,True,True,888,2025,8,southwest_monsoon,day,333.89,brightness,VIIRS,3.67,0.5356241234221598,0.0779600089867445,60,bare,sampled,4,moderate_density,natural,other_natural,0.45,A2_AMBIGUOUS_BUILT_OR_BARE_FALLBACK,rule_based_v1.0
VIIRS_SNPP_SP,8.58339,78.09617,350.76,,0.37,0.58,2025-08-24,733,SNPP,VIIRS,n,2.0,297.75,,3.67,D,3,True,True,889,2025,8,southwest_monsoon,day,350.76,brightness,VIIRS,3.67,0.7722300140252454,0.0779600089867445,60,bare,sampled,5,moderate_density,natural,other_natural,0.45,A2_AMBIGUOUS_BUILT_OR_BARE_FALLBACK,rule_based_v1.0
VIIRS_NOAA20_SP,8.83149,77.92702,,348.55,0.58,0.52,2025-08-25,737,NOAA-20,VIIRS,n,2.0,,315.38,19.57,D,0,True,True,890,2025,8,southwest_monsoon,day,348.55,bright_ti4,VIIRS,19.57,0.7412342215988782,0.4351831049202427,40,cropland,sampled,1,low_density,natural,agricultural_burning,0.78,A2_CROPLAND_NATURAL,rule_based_v1.0
VIIRS_NOAA20_SP,8.86635,78.15643,,333.47,0.56,0.51,2025-08-25,737,NOAA-20,VIIRS,l,2.0,,308.26,6.47,D,0,True,True,891,2025,8,southwest_monsoon,day,333.47,bright_ti4,VIIRS,6.47,0.5297335203366064,0.1408672208492473,10,forest,sampled,72,strong_cluster,natural,forest_fire,0.62,A2_FOREST_NATURAL,rule_based_v1.0
VIIRS_NOAA20_SP,8.8697,77.97861,,342.88,0.57,0.52,2025-08-25,737,NOAA-20,VIIRS,l,2.0,,314.15,11.21,D,0,True,True,892,2025,8,southwest_monsoon,day,342.88,bright_ti4,VIIRS,11.21,0.661711079943899,0.2473601437879128,30,grassland,sampled,7,moderate_density,natural,other_natural,0.6,A2_GRASSLAND_NATURAL,rule_based_v1.0
VIIRS_NOAA20_SP,8.8705,77.97672,,342.28,0.57,0.52,2025-08-25,737,NOAA-20,VIIRS,l,2.0,,314.56,10.74,D,0,True,True,893,2025,8,southwest_monsoon,day,342.28,bright_ti4,VIIRS,10.74,0.6532959326788216,0.2368007189395641,20,grassland,sampled,6,moderate_density,natural,other_natural,0.6,A2_GRASSLAND_NATURAL,rule_based_v1.0
VIIRS_NOAA20_SP,8.89438,77.94614,,340.27,0.58,0.52,2025-08-25,737,NOAA-20,VIIRS,l,2.0,,311.64,8.19,D,0,True,True,894,2025,8,southwest_monsoon,day,340.27,bright_ti4,VIIRS,8.19,0.6251051893408133,0.1795102224219276,30,grassland,sampled,1,low_density,natural,other_natural,0.76,A2_GRASSLAND_NATURAL,rule_based_v1.0
VIIRS_SNPP_SP,8.82869,77.90639,340.34,,0.5,0.66,2025-08-25,855,SNPP,VIIRS,n,2.0,306.27,,11.32,D,0,True,True,895,2025,8,southwest_monsoon,day,340.34,brightness,VIIRS,11.32,0.6260869565217388,0.249831498539654,40,cropland,sampled,4,moderate_density,natural,agricultural_burning,0.78,A2_CROPLAND_NATURAL,rule_based_v1.0
VIIRS_SNPP_SP,8.82929,77.91112,346.25,,0.5,0.66,2025-08-25,855,SNPP,VIIRS,n,2.0,305.56,,12.89,D,0,True,True,896,2025,8,southwest_monsoon,day,346.25,brightness,VIIRS,12.89,0.708976157082749,0.2851044709054146,40,cropland,sampled,6,moderate_density,natural,agricultural_burning,0.78,A2_CROPLAND_NATURAL,rule_based_v1.0
VIIRS_SNPP_SP,8.9032,77.89617,336.84,,0.48,0.48,2025-08-26,836,SNPP,VIIRS,n,2.0,299.85,,2.95,D,0,True,True,897,2025,8,southwest_monsoon,day,336.84,brightness,VIIRS,2.95,0.5769985974754556,0.0617838687935295,40,cropland,sampled,2,low_density,natural,agricultural_burning,0.78,A2_CROPLAND_NATURAL,rule_based_v1.0
VIIRS_SNPP_SP,8.90471,77.89525,335.15,,0.48,0.48,2025-08-26,836,SNPP,VIIRS,n,2.0,300.19,,2.66,D,0,True,True,898,2025,8,southwest_monsoon,day,335.15,brightness,VIIRS,2.66,0.5532959326788216,0.0552684789934846,40,cropland,sampled,2,low_density,natural,agricultural_burning,0.78,A2_CROPLAND_NATURAL,rule_based_v1.0
VIIRS_NOAA20_SP,8.75874,78.18211,,304.34,0.44,0.46,2025-08-26,1954,NOAA-20,VIIRS,n,2.0,,285.72,0.58,N,0,True,True,899,2025,8,southwest_monsoon,night,304.34,bright_ti4,VIIRS,0.58,0.1211781206171105,0.0085374073241968,60,bare,sampled,12,strong_cluster,industrial,,0.78,A2_DENSE_BUILT_OR_BARE_INDUSTRIAL,rule_based_v1.0
VIIRS_SNPP_SP,8.49105,78.08182,343.11,,0.41,0.37,2025-08-27,817,SNPP,VIIRS,n,2.0,297.54,,3.94,D,0,True,True,900,2025,8,southwest_monsoon,day,343.11,brightness,VIIRS,3.94,0.6649368863955122,0.0840260615592001,10,forest,sampled,3,moderate_density,natural,forest_fire,0.62,A2_FOREST_NATURAL,rule_based_v1.0
VIIRS_SNPP_SP,8.75975,78.18302,342.57,,0.41,0.37,2025-08-27,817,SNPP,VIIRS,n,2.0,303,,7.64,D,0,True,True,901,2025,8,southwest_monsoon,day,342.57,brightness,VIIRS,7.64,0.6573632538569425,0.1671534486632217,50,built_up,sampled,12,strong_cluster,industrial,,0.86,A2_DENSE_BUILT_OR_BARE_INDUSTRIAL,rule_based_v1.0
VIIRS_SNPP_SP,8.80949,78.06831,351.76,,0.41,0.37,2025-08-27,817,SNPP,VIIRS,n,2.0,305.4,,20.14,D,0,True,True,902,2025,8,southwest_monsoon,day,351.76,brightness,VIIRS,20.14,0.7862552594670406,0.4479892159065379,30,grassland,sampled,3,moderate_density,natural,other_natural,0.6,A2_GRASSLAND_NATURAL,rule_based_v1.0
VIIRS_SNPP_SP,8.81005,78.07204,346.78,,0.41,0.37,2025-08-27,817,SNPP,VIIRS,n,2.0,302.41,,11.03,D,0,True,True,903,2025,8,southwest_monsoon,day,346.78,brightness,VIIRS,11.03,0.7164095371669,0.2433161087396091,30,grassland,sampled,4,moderate_density,natural,other_natural,0.6,A2_GRASSLAND_NATURAL,rule_based_v1.0
VIIRS_SNPP_SP,8.84352,77.94512,347.41,,0.41,0.37,2025-08-27,817,SNPP,VIIRS,n,2.0,296.92,,6.58,D,0,True,True,904,2025,8,southwest_monsoon,day,347.41,brightness,VIIRS,6.58,0.7252454417952318,0.1433385756009885,30,grassland,sampled,10,strong_cluster,natural,other_natural,0.6,A2_GRASSLAND_NATURAL,rule_based_v1.0
VIIRS_NOAA20_SP,8.80816,78.07064,,336.31,0.33,0.55,2025-08-27,839,NOAA-20,VIIRS,n,2.0,,291.48,3.46,D,0,True,True,905,2025,8,southwest_monsoon,day,336.31,bright_ti4,VIIRS,3.46,0.5695652173913045,0.0732419680970568,30,grassland,sampled,4,moderate_density,natural,other_natural,0.6,A2_GRASSLAND_NATURAL,rule_based_v1.0
VIIRS_NOAA20_SP,8.84215,77.94439,,341.15,0.32,0.55,2025-08-27,839,NOAA-20,VIIRS,n,2.0,,295.55,2.19,D,0,True,True,906,2025,8,southwest_monsoon,day,341.15,bright_ti4,VIIRS,2.19,0.637447405329593,0.0447090541451359,20,grassland,sampled,10,strong_cluster,natural,other_natural,0.6,A2_GRASSLAND_NATURAL,rule_based_v1.0
MODIS_SP,8.516,78.0812,333.9,,1.2,1.1,2025-08-27,944,Aqua,MODIS,84,61.03,303.1,,24.3,D,0,True,True,907,2025,8,southwest_monsoon,day,333.9,brightness,MODIS,24.3,0.3725231175693526,0.1152392947103274,10,forest,sampled,2,low_density,natural,forest_fire,0.8,A2_FOREST_NATURAL,rule_based_v1.0
VIIRS_SNPP_SP,8.41414,78.06489,337.92,,0.45,0.39,2025-08-28,758,SNPP,VIIRS,n,2.0,296.18,,13.21,D,3,True,True,908,2025,8,southwest_monsoon,day,337.92,brightness,VIIRS,13.21,0.5921458625525949,0.2922938665468435,80,unknown,unmapped_code,3,moderate_density,natural,other_natural,0.35,A2_UNKNOWN_LAND_COVER_FALLBACK,rule_based_v1.0
VIIRS_SNPP_SP,8.59104,77.97832,347.64,,0.45,0.39,2025-08-28,758,SNPP,VIIRS,n,2.0,298.37,,7.93,D,0,True,True,909,2025,8,southwest_monsoon,day,347.64,brightness,VIIRS,7.93,0.7284712482468442,0.1736688384632666,10,forest,sampled,2,low_density,natural,forest_fire,0.8,A2_FOREST_NATURAL,rule_based_v1.0
VIIRS_NOAA20_SP,8.41308,78.06178,,336.8,0.48,0.4,2025-08-28,820,NOAA-20,VIIRS,n,2.0,,301.09,5.91,D,0,True,True,910,2025,8,southwest_monsoon,day,336.8,bright_ti4,VIIRS,5.91,0.5764375876577842,0.1282857784767468,10,forest,sampled,3,moderate_density,natural,forest_fire,0.62,A2_FOREST_NATURAL,rule_based_v1.0
VIIRS_NOAA20_SP,8.4137,78.06616,,330.29,0.48,0.4,2025-08-28,820,NOAA-20,VIIRS,n,2.0,,294.2,5.97,D,3,True,True,911,2025,8,southwest_monsoon,day,330.29,bright_ti4,VIIRS,5.97,0.4851332398316974,0.1296337901595147,80,unknown,unmapped_code,3,moderate_density,natural,other_natural,0.35,A2_UNKNOWN_LAND_COVER_FALLBACK,rule_based_v1.0
VIIRS_SNPP_SP,8.89406,78.14343,337.19,,0.59,0.7,2025-08-30,721,SNPP,VIIRS,n,2.0,290.07,,3.44,D,0,True,True,912,2025,8,southwest_monsoon,day,337.19,brightness,VIIRS,3.44,0.5819074333800842,0.0727926308694675,10,forest,sampled,5,moderate_density,natural,forest_fire,0.62,A2_FOREST_NATURAL,rule_based_v1.0
VIIRS_NOAA20_SP,8.63428,77.93042,,331.27,0.46,0.47,2025-08-30,743,NOAA-20,VIIRS,n,2.0,,296.41,2.95,D,0,True,True,913,2025,8,southwest_monsoon,day,331.27,bright_ti4,VIIRS,2.95,0.4988779803646562,0.0617838687935295,40,cropland,sampled,1,low_density,natural,agricultural_burning,0.78,A2_CROPLAND_NATURAL,rule_based_v1.0
VIIRS_NOAA20_SP,8.69252,77.85701,,343.46,0.46,0.47,2025-08-30,743,NOAA-20,VIIRS,n,2.0,,298.04,21.89,D,0,True,True,914,2025,8,southwest_monsoon,day,343.46,bright_ti4,VIIRS,21.89,0.6698457223001401,0.4873062233206021,40,cropland,sampled,1,low_density,natural,agricultural_burning,0.78,A2_CROPLAND_NATURAL,rule_based_v1.0
VIIRS_NOAA20_SP,8.88817,78.14357,,336.29,0.44,0.46,2025-08-30,743,NOAA-20,VIIRS,n,2.0,,299.32,4.2,D,0,True,True,915,2025,8,southwest_monsoon,day,336.29,bright_ti4,VIIRS,4.2,0.5692847124824688,0.0898674455178611,20,grassland,sampled,7,moderate_density,natural,other_natural,0.6,A2_GRASSLAND_NATURAL,rule_based_v1.0
VIIRS_NOAA20_SP,8.89237,78.14287,,343.53,0.44,0.46,2025-08-30,743,NOAA-20,VIIRS,n,2.0,,299.24,9.93,D,0,True,True,916,2025,8,southwest_monsoon,day,343.53,bright_ti4,VIIRS,9.93,0.6708274894810656,0.2186025612221973,10,forest,sampled,5,moderate_density,natural,forest_fire,0.62,A2_FOREST_NATURAL,rule_based_v1.0
VIIRS_SNPP_SP,8.71128,78.11185,367,,0.32,0.54,2025-08-31,842,SNPP,VIIRS,h,2.0,295.21,,7.43,D,0,True,True,917,2025,8,southwest_monsoon,day,367.0,brightness,VIIRS,7.43,1.0,0.162435407773534,20,grassland,sampled,8,moderate_density,natural,other_natural,0.6,A2_GRASSLAND_NATURAL,rule_based_v1.0
VIIRS_SNPP_SP,8.71633,78.11119,340.05,,0.32,0.54,2025-08-31,842,SNPP,VIIRS,n,2.0,293.89,,5.88,D,0,True,True,918,2025,8,southwest_monsoon,day,340.05,brightness,VIIRS,5.88,0.6220196353436187,0.1276117726353628,40,cropland,sampled,8,moderate_density,natural,agricultural_burning,0.78,A2_CROPLAND_NATURAL,rule_based_v1.0
VIIRS_NOAA20_SP,8.78693,77.85704,,333.29,0.39,0.44,2025-09-02,827,NOAA-20,VIIRS,n,2.0,,298.6,2.0,D,0,True,True,919,2025,9,southwest_monsoon,day,333.29,bright_ti4,VIIRS,2.0,0.5272089761570831,0.0404403504830375,20,grassland,sampled,2,low_density,natural,other_natural,0.76,A2_GRASSLAND_NATURAL,rule_based_v1.0
VIIRS_SNPP_SP,8.70744,78.10974,332.66,,0.45,0.47,2025-09-03,746,SNPP,VIIRS,n,2.0,298.3,,2.5,D,0,True,True,920,2025,9,southwest_monsoon,day,332.66,brightness,VIIRS,2.5,0.5183730715287522,0.0516737811727701,10,forest,sampled,7,moderate_density,natural,forest_fire,0.62,A2_FOREST_NATURAL,rule_based_v1.0
VIIRS_SNPP_SP,8.84603,77.95149,334.81,,0.46,0.47,2025-09-03,746,SNPP,VIIRS,n,2.0,299.81,,2.34,D,0,True,True,921,2025,9,southwest_monsoon,day,334.81,brightness,VIIRS,2.34,0.5485273492286116,0.0480790833520557,20,grassland,sampled,7,moderate_density,natural,other_natural,0.6,A2_GRASSLAND_NATURAL,rule_based_v1.0
MODIS_SP,8.8371,77.9986,308.6,,1.4,1.2,2025-09-03,1543,Terra,MODIS,75,61.03,291.7,,9.4,N,0,True,True,922,2025,9,southwest_monsoon,night,308.6,brightness,MODIS,9.4,0.0383091149273452,0.0214105793450881,20,grassland,sampled,13,strong_cluster,natural,other_natural,0.6,A2_GRASSLAND_NATURAL,rule_based_v1.0
MODIS_SP,8.839,77.9914,309.7,,1.4,1.2,2025-09-03,1543,Terra,MODIS,78,61.03,292.2,,10.4,N,0,True,True,923,2025,9,southwest_monsoon,night,309.7,brightness,MODIS,10.4,0.0528401585204755,0.0277078085642317,40,cropland,sampled,13,strong_cluster,natural,agricultural_burning,0.82,A2_CROPLAND_NATURAL,rule_based_v1.0
VIIRS_NOAA20_SP,8.8373,77.98634,,341.68,0.37,0.58,2025-09-05,730,NOAA-20,VIIRS,n,2.0,,296.4,3.67,D,0,True,True,924,2025,9,southwest_monsoon,day,341.68,bright_ti4,VIIRS,3.67,0.6448807854137449,0.0779600089867445,30,grassland,sampled,11,strong_cluster,natural,other_natural,0.6,A2_GRASSLAND_NATURAL,rule_based_v1.0
VIIRS_NOAA20_SP,8.8379,77.98965,,334.54,0.37,0.58,2025-09-05,730,NOAA-20,VIIRS,n,2.0,,295.14,3.67,D,0,True,True,925,2025,9,southwest_monsoon,day,334.54,bright_ti4,VIIRS,3.67,0.5447405329593271,0.0779600089867445,40,cropland,sampled,11,strong_cluster,natural,agricultural_burning,0.82,A2_CROPLAND_NATURAL,rule_based_v1.0
VIIRS_SNPP_SP,8.6206,77.91813,305.62,,0.37,0.58,2025-09-05,1944,SNPP,VIIRS,n,2.0,289.3,,1.59,N,0,True,True,926,2025,9,southwest_monsoon,night,305.62,brightness,VIIRS,1.59,0.1391304347826089,0.0312289373174567,10,forest,sampled,9,moderate_density,natural,forest_fire,0.62,A2_FOREST_NATURAL,rule_based_v1.0
VIIRS_NOAA20_SP,8.62148,77.91706,,307.11,0.45,0.39,2025-09-05,2006,NOAA-20,VIIRS,n,2.0,,292.72,2.02,N,0,True,True,927,2025,9,southwest_monsoon,night,307.11,bright_ti4,VIIRS,2.02,0.1600280504908839,0.0408896877106268,10,forest,sampled,9,moderate_density,natural,forest_fire,0.62,A2_FOREST_NATURAL,rule_based_v1.0
VIIRS_SNPP_SP,8.58768,78.07157,343.22,,0.39,0.44,2025-09-06,830,SNPP,VIIRS,n,2.0,299.25,,6.06,D,0,True,True,928,2025,9,southwest_monsoon,day,343.22,brightness,VIIRS,6.06,0.6664796633941098,0.1316558076836665,40,cropland,sampled,1,low_density,natural,agricultural_burning,0.78,A2_CROPLAND_NATURAL,rule_based_v1.0
VIIRS_SNPP_SP,8.75375,78.10688,330.67,,0.4,0.44,2025-09-06,830,SNPP,VIIRS,n,2.0,297.07,,2.26,D,0,True,True,929,2025,9,southwest_monsoon,day,330.67,brightness,VIIRS,2.26,0.4904628330995795,0.0462817344416984,10,forest,sampled,4,moderate_density,natural,forest_fire,0.62,A2_FOREST_NATURAL,rule_based_v1.0
VIIRS_SNPP_SP,8.78353,77.99183,348.17,,0.38,0.36,2025-09-07,811,SNPP,VIIRS,n,2.0,301.1,,11.55,D,0,True,True,930,2025,9,southwest_monsoon,day,348.17,brightness,VIIRS,11.55,0.735904628330996,0.254998876656931,20,grassland,sampled,10,strong_cluster,natural,other_natural,0.6,A2_GRASSLAND_NATURAL,rule_based_v1.0
VIIRS_SNPP_SP,8.78685,77.99132,336.7,,0.38,0.36,2025-09-07,811,SNPP,VIIRS,n,2.0,301.23,,5.93,D,0,True,True,931,2025,9,southwest_monsoon,day,336.7,brightness,VIIRS,5.93,0.5750350631136044,0.1287351157043361,40,cropland,sampled,9,moderate_density,natural,agricultural_burning,0.78,A2_CROPLAND_NATURAL,rule_based_v1.0
VIIRS_SNPP_SP,8.69409,77.90971,337.97,,0.55,0.43,2025-09-08,752,SNPP,VIIRS,n,2.0,286.61,,7.73,D,0,True,True,932,2025,9,southwest_monsoon,day,337.97,brightness,VIIRS,7.73,0.5928471248246849,0.1691754661873736,20,grassland,sampled,5,moderate_density,natural,other_natural,0.6,A2_GRASSLAND_NATURAL,rule_based_v1.0
VIIRS_NOAA20_SP,8.6938,77.91202,,340.9,0.41,0.37,2025-09-08,814,NOAA-20,VIIRS,n,2.0,,288.84,3.4,D,0,True,True,933,2025,9,southwest_monsoon,day,340.9,bright_ti4,VIIRS,3.4,0.6339410939691442,0.0718939564142889,30,grassland,sampled,5,moderate_density,natural,other_natural,0.6,A2_GRASSLAND_NATURAL,rule_based_v1.0
VIIRS_NOAA20_SP,8.94987,77.88895,,348.42,0.41,0.37,2025-09-08,814,NOAA-20,VIIRS,n,2.0,,301.65,15.2,D,0,True,True,934,2025,9,southwest_monsoon,day,348.42,bright_ti4,VIIRS,15.2,0.7394109396914449,0.3370029206919793,20,grassland,sampled,1,low_density,natural,other_natural,0.76,A2_GRASSLAND_NATURAL,rule_based_v1.0
VIIRS_SNPP_SP,8.61419,77.9221,351.32,,0.38,0.58,2025-09-09,733,SNPP,VIIRS,n,2.0,291.74,,5.47,D,0,True,True,935,2025,9,southwest_monsoon,day,351.32,brightness,VIIRS,5.47,0.7800841514726508,0.118400359469782,10,forest,sampled,8,moderate_density,natural,forest_fire,0.62,A2_FOREST_NATURAL,rule_based_v1.0
VIIRS_SNPP_SP,8.89559,77.93534,348.72,,0.37,0.58,2025-09-09,733,SNPP,VIIRS,n,2.0,287.92,,6.84,D,0,True,True,936,2025,9,southwest_monsoon,day,348.72,brightness,VIIRS,6.84,0.7436185133239835,0.1491799595596495,40,cropland,sampled,1,low_density,natural,agricultural_burning,0.78,A2_CROPLAND_NATURAL,rule_based_v1.0
VIIRS_NOAA20_SP,8.7104,77.99666,,332.18,0.62,0.71,2025-09-11,718,NOAA-20,VIIRS,n,2.0,,290.18,4.71,D,0,True,True,937,2025,9,southwest_monsoon,day,332.18,bright_ti4,VIIRS,4.71,0.5116409537166902,0.1013255448213884,90,grassland,sampled,2,low_density,natural,other_natural,0.76,A2_GRASSLAND_NATURAL,rule_based_v1.0
VIIRS_SNPP_SP,8.6406,77.88569,346.03,,0.48,0.48,2025-09-11,836,SNPP,VIIRS,n,2.0,300.01,,8.12,D,0,True,True,938,2025,9,southwest_monsoon,day,346.03,brightness,VIIRS,8.12,0.7058906030855536,0.177937542125365,40,cropland,sampled,6,moderate_density,natural,agricultural_burning,0.78,A2_CROPLAND_NATURAL,rule_based_v1.0
VIIRS_SNPP_SP,8.64122,77.89012,336.27,,0.48,0.48,2025-09-11,836,SNPP,VIIRS,n,2.0,298.4,,8.12,D,0,True,True,939,2025,9,southwest_monsoon,day,336.27,brightness,VIIRS,8.12,0.5690042075736323,0.177937542125365,50,built_up,sampled,5,moderate_density,natural,other_natural,0.45,A2_AMBIGUOUS_BUILT_OR_BARE_FALLBACK,rule_based_v1.0
VIIRS_SNPP_SP,8.89576,78.04343,336.46,,0.44,0.39,2025-09-13,759,SNPP,VIIRS,l,2.0,307.86,,6.87,D,0,True,True,940,2025,9,southwest_monsoon,day,336.46,brightness,VIIRS,6.87,0.5716690042075734,0.1498539654010335,40,cropland,sampled,19,strong_cluster,natural,agricultural_burning,0.82,A2_CROPLAND_NATURAL,rule_based_v1.0
VIIRS_NOAA20_SP,8.6783,78.0872,,333.01,0.48,0.4,2025-09-13,820,NOAA-20,VIIRS,l,2.0,,303.22,4.2,D,0,True,True,941,2025,9,southwest_monsoon,day,333.01,bright_ti4,VIIRS,4.2,0.52328190743338,0.0898674455178611,10,forest,sampled,6,moderate_density,natural,forest_fire,0.62,A2_FOREST_NATURAL,rule_based_v1.0
VIIRS_NOAA20_SP,8.9112,77.96626,,341.24,0.48,0.4,2025-09-13,820,NOAA-20,VIIRS,n,2.0,,309.8,11.98,D,0,True,True,942,2025,9,southwest_monsoon,day,341.24,bright_ti4,VIIRS,11.98,0.638709677419355,0.2646596270501011,20,grassland,sampled,1,low_density,natural,other_natural,0.76,A2_GRASSLAND_NATURAL,rule_based_v1.0
VIIRS_SNPP_SP,8.62777,78.01012,309.45,,0.4,0.37,2025-09-14,2016,SNPP,VIIRS,n,2.0,285.16,,1.46,N,0,True,True,943,2025,9,southwest_monsoon,night,309.45,brightness,VIIRS,1.46,0.1928471248246844,0.0283082453381262,10,forest,sampled,1,low_density,natural,forest_fire,0.8,A2_FOREST_NATURAL,rule_based_v1.0
VIIRS_NOAA20_SP,8.69471,77.90783,,333.78,0.46,0.47,2025-09-15,743,NOAA-20,VIIRS,n,2.0,,297.92,2.72,D,0,True,True,944,2025,9,southwest_monsoon,day,333.78,bright_ti4,VIIRS,2.72,0.5340813464235621,0.0566164906762525,30,grassland,sampled,5,moderate_density,natural,other_natural,0.6,A2_GRASSLAND_NATURAL,rule_based_v1.0
VIIRS_NOAA20_SP,8.69542,77.91196,,332.54,0.46,0.47,2025-09-15,743,NOAA-20,VIIRS,n,2.0,,297.33,2.72,D,0,True,True,945,2025,9,southwest_monsoon,day,332.54,bright_ti4,VIIRS,2.72,0.5166900420757367,0.0566164906762525,20,grassland,sampled,5,moderate_density,natural,other_natural,0.6,A2_GRASSLAND_NATURAL,rule_based_v1.0
VIIRS_NOAA20_SP,8.9123,77.85889,,343.28,0.46,0.47,2025-09-15,743,NOAA-20,VIIRS,n,2.0,,299.51,4.32,D,0,True,True,946,2025,9,southwest_monsoon,day,343.28,bright_ti4,VIIRS,4.32,0.6673211781206168,0.0925634688833969,20,grassland,sampled,2,low_density,natural,other_natural,0.76,A2_GRASSLAND_NATURAL,rule_based_v1.0
VIIRS_SNPP_SP,8.51174,78.06288,310.26,,0.44,0.46,2025-09-15,1957,SNPP,VIIRS,n,2.0,290.13,,1.36,N,0,True,True,947,2025,9,southwest_monsoon,night,310.26,brightness,VIIRS,1.36,0.2042075736325385,0.0260615592001797,10,forest,sampled,7,moderate_density,natural,forest_fire,0.62,A2_FOREST_NATURAL,rule_based_v1.0
VIIRS_SNPP_SP,8.51381,78.06604,309.56,,0.44,0.46,2025-09-15,1957,SNPP,VIIRS,n,2.0,290.2,,1.23,N,0,True,True,948,2025,9,southwest_monsoon,night,309.56,brightness,VIIRS,1.23,0.194389901823282,0.0231408672208492,10,forest,sampled,6,moderate_density,natural,forest_fire,0.62,A2_FOREST_NATURAL,rule_based_v1.0
VIIRS_NOAA20_SP,8.51297,78.06478,,318.75,0.39,0.36,2025-09-15,2019,NOAA-20,VIIRS,n,2.0,,292.28,1.9,N,0,True,True,949,2025,9,southwest_monsoon,night,318.75,bright_ti4,VIIRS,1.9,0.3232819074333802,0.0381936643450909,40,cropland,sampled,6,moderate_density,natural,agricultural_burning,0.78,A2_CROPLAND_NATURAL,rule_based_v1.0
VIIRS_NOAA20_SP,8.8521,78.13401,,311.47,0.39,0.36,2025-09-15,2019,NOAA-20,VIIRS,n,2.0,,293,1.45,N,0,True,True,950,2025,9,southwest_monsoon,night,311.47,bright_ti4,VIIRS,1.45,0.2211781206171113,0.0280835767243316,20,grassland,sampled,7,moderate_density,natural,other_natural,0.6,A2_GRASSLAND_NATURAL,rule_based_v1.0
VIIRS_NOAA20_SP,8.69232,77.90778,,331.76,0.49,0.65,2025-09-16,724,NOAA-20,VIIRS,n,2.0,,288.98,5.83,D,0,True,True,951,2025,9,southwest_monsoon,day,331.76,bright_ti4,VIIRS,5.83,0.505750350631136,0.1264884295663896,30,grassland,sampled,5,moderate_density,natural,other_natural,0.6,A2_GRASSLAND_NATURAL,rule_based_v1.0
VIIRS_SNPP_SP,8.68397,77.95634,343.04,,0.48,0.4,2025-09-17,824,SNPP,VIIRS,n,2.0,282.73,,3.26,D,0,True,True,952,2025,9,southwest_monsoon,day,343.04,brightness,VIIRS,3.26,0.6639551192145866,0.0687485958211637,20,grassland,sampled,7,moderate_density,natural,other_natural,0.6,A2_GRASSLAND_NATURAL,rule_based_v1.0
VIIRS_NOAA20_SP,8.53794,78.11282,,339.74,0.54,0.42,2025-09-20,749,NOAA-20,VIIRS,n,2.0,,301.54,5.73,D,0,True,True,953,2025,9,southwest_monsoon,day,339.74,bright_ti4,VIIRS,5.73,0.6176718092566622,0.124241743428443,10,forest,sampled,2,low_density,natural,forest_fire,0.8,A2_FOREST_NATURAL,rule_based_v1.0
VIIRS_NOAA20_SP,8.86721,78.15814,,332.79,0.53,0.42,2025-09-20,749,NOAA-20,VIIRS,n,2.0,,302.2,4.57,D,0,True,True,954,2025,9,southwest_monsoon,day,332.79,bright_ti4,VIIRS,4.57,0.5201963534361855,0.0981801842282633,20,grassland,sampled,73,strong_cluster,natural,other_natural,0.6,A2_GRASSLAND_NATURAL,rule_based_v1.0
VIIRS_NOAA20_SP,8.92619,78.1655,,331.7,0.53,0.42,2025-09-20,749,NOAA-20,VIIRS,l,2.0,,300.85,3.49,D,0,True,True,955,2025,9,southwest_monsoon,day,331.7,bright_ti4,VIIRS,3.49,0.5049088359046282,0.0739159739384408,10,forest,sampled,3,moderate_density,natural,forest_fire,0.62,A2_FOREST_NATURAL,rule_based_v1.0
VIIRS_NOAA20_SP,8.672,77.99272,,301.56,0.41,0.37,2025-09-20,2025,NOAA-20,VIIRS,n,2.0,,276.21,0.51,N,0,True,True,956,2025,9,southwest_monsoon,night,301.56,bright_ti4,VIIRS,0.51,0.0821879382889202,0.0069647270276342,10,forest,sampled,14,strong_cluster,natural,forest_fire,0.62,A2_FOREST_NATURAL,rule_based_v1.0
VIIRS_NOAA20_SP,8.40956,77.93125,,335.71,0.39,0.59,2025-09-21,730,NOAA-20,VIIRS,n,2.0,,291.57,5.91,D,0,True,True,957,2025,9,southwest_monsoon,day,335.71,bright_ti4,VIIRS,5.91,0.561150070126227,0.1282857784767468,20,grassland,sampled,1,low_density,natural,other_natural,0.76,A2_GRASSLAND_NATURAL,rule_based_v1.0
VIIRS_NOAA20_SP,8.54232,78.08131,,329.44,0.37,0.58,2025-09-21,730,NOAA-20,VIIRS,n,2.0,,290.57,5.69,D,0,True,True,958,2025,9,southwest_monsoon,day,329.44,bright_ti4,VIIRS,5.69,0.4732117812061711,0.1233430689732644,30,grassland,sampled,8,moderate_density,natural,other_natural,0.6,A2_GRASSLAND_NATURAL,rule_based_v1.0
VIIRS_SNPP_SP,8.65752,77.92377,337.85,,0.39,0.44,2025-09-22,830,SNPP,VIIRS,n,2.0,295.4,,3.91,D,0,True,True,959,2025,9,southwest_monsoon,day,337.85,brightness,VIIRS,3.91,0.5911640953716694,0.0833520557178162,10,forest,sampled,1,low_density,natural,forest_fire,0.8,A2_FOREST_NATURAL,rule_based_v1.0
VIIRS_NOAA20_SP,8.73273,78.10112,,326.43,0.57,0.52,2025-09-22,1947,NOAA-20,VIIRS,n,2.0,,287.76,3.01,N,0,True,True,960,2025,9,southwest_monsoon,night,326.43,bright_ti4,VIIRS,3.01,0.4309957924263676,0.0631318804762974,10,forest,sampled,7,moderate_density,natural,forest_fire,0.62,A2_FOREST_NATURAL,rule_based_v1.0
VIIRS_NOAA20_SP,8.73274,78.10334,,320.9,0.57,0.52,2025-09-22,1947,NOAA-20,VIIRS,n,2.0,,287.08,2.13,N,0,True,True,961,2025,9,southwest_monsoon,night,320.9,bright_ti4,VIIRS,2.13,0.3534361851332396,0.043361042462368,30,grassland,sampled,7,moderate_density,natural,other_natural,0.6,A2_GRASSLAND_NATURAL,rule_based_v1.0
VIIRS_NOAA20_SP,8.73344,78.09812,,306.16,0.57,0.52,2025-09-22,1947,NOAA-20,VIIRS,n,2.0,,288.18,2.13,N,0,True,True,962,2025,9,southwest_monsoon,night,306.16,bright_ti4,VIIRS,2.13,0.1467040673211786,0.043361042462368,40,cropland,sampled,7,moderate_density,natural,agricultural_burning,0.78,A2_CROPLAND_NATURAL,rule_based_v1.0
VIIRS_SNPP_SP,8.66992,77.99158,300.09,,0.41,0.37,2025-09-24,2029,SNPP,VIIRS,n,2.0,279.84,,0.58,N,0,True,True,963,2025,9,southwest_monsoon,night,300.09,brightness,VIIRS,0.58,0.0615708274894808,0.0085374073241968,20,grassland,sampled,14,strong_cluster,natural,other_natural,0.6,A2_GRASSLAND_NATURAL,rule_based_v1.0
VIIRS_SNPP_SP,8.62041,77.92212,333.95,,0.77,0.77,2025-09-26,715,SNPP,VIIRS,n,2.0,282.41,,6.28,D,0,True,True,964,2025,9,southwest_monsoon,day,333.95,brightness,VIIRS,6.28,0.5364656381486675,0.1365985171871489,10,forest,sampled,9,moderate_density,natural,forest_fire,0.62,A2_FOREST_NATURAL,rule_based_v1.0
VIIRS_NOAA20_SP,8.6167,77.92105,,345.59,0.6,0.53,2025-09-26,736,NOAA-20,VIIRS,n,2.0,,292.83,9.4,D,0,True,True,965,2025,9,southwest_monsoon,day,345.59,bright_ti4,VIIRS,9.4,0.6997194950911638,0.2066951246910807,40,cropland,sampled,9,moderate_density,natural,agricultural_burning,0.78,A2_CROPLAND_NATURAL,rule_based_v1.0
VIIRS_NOAA20_SP,8.77291,77.97191,,333.66,0.59,0.53,2025-09-26,736,NOAA-20,VIIRS,n,2.0,,285.09,6.63,D,0,True,True,966,2025,9,southwest_monsoon,day,333.66,bright_ti4,VIIRS,6.63,0.5323983169705474,0.1444619186699618,30,grassland,sampled,2,low_density,natural,other_natural,0.76,A2_GRASSLAND_NATURAL,rule_based_v1.0
VIIRS_SNPP_SP,8.85493,78.10178,333.89,,0.51,0.49,2025-09-27,837,SNPP,VIIRS,n,2.0,296.65,,1.44,D,0,True,True,967,2025,9,southwest_monsoon,day,333.89,brightness,VIIRS,1.44,0.5356241234221598,0.0278589081105369,20,grassland,sampled,2,low_density,natural,other_natural,0.76,A2_GRASSLAND_NATURAL,rule_based_v1.0
VIIRS_NOAA20_SP,8.90349,78.14454,,308.86,0.45,0.47,2025-09-27,1953,NOAA-20,VIIRS,n,2.0,,291.74,2.35,N,0,True,True,968,2025,9,southwest_monsoon,night,308.86,bright_ti4,VIIRS,2.35,0.1845722300140255,0.0483037519658503,10,forest,sampled,2,low_density,natural,forest_fire,0.8,A2_FOREST_NATURAL,rule_based_v1.0
VIIRS_SNPP_SP,8.73878,78.08302,337.79,,0.42,0.37,2025-09-28,818,SNPP,VIIRS,n,2.0,304.42,,5.74,D,0,True,True,969,2025,9,southwest_monsoon,day,337.79,brightness,VIIRS,5.74,0.5903225806451616,0.1244664120422377,10,forest,sampled,6,moderate_density,natural,forest_fire,0.62,A2_FOREST_NATURAL,rule_based_v1.0
VIIRS_NOAA20_SP,8.7392,78.0827,,331.09,0.32,0.55,2025-09-28,839,NOAA-20,VIIRS,n,2.0,,298.44,2.56,D,0,True,True,970,2025,9,southwest_monsoon,day,331.09,bright_ti4,VIIRS,2.56,0.4963534361851329,0.053021792855538,10,forest,sampled,6,moderate_density,natural,forest_fire,0.62,A2_FOREST_NATURAL,rule_based_v1.0
VIIRS_NOAA20_SP,8.6172,77.92018,,334.53,0.47,0.4,2025-09-29,820,NOAA-20,VIIRS,n,2.0,,300.91,4.67,D,0,True,True,971,2025,9,southwest_monsoon,day,334.53,bright_ti4,VIIRS,4.67,0.5446002805049085,0.1004268703662098,10,forest,sampled,9,moderate_density,natural,forest_fire,0.62,A2_FOREST_NATURAL,rule_based_v1.0
VIIRS_NOAA20_SP,8.86771,78.1596,,335.39,0.49,0.4,2025-09-29,820,NOAA-20,VIIRS,n,2.0,,302.7,6.52,D,0,True,True,972,2025,9,southwest_monsoon,day,335.39,bright_ti4,VIIRS,6.52,0.5566619915848526,0.1419905639182206,20,grassland,sampled,74,strong_cluster,natural,other_natural,0.6,A2_GRASSLAND_NATURAL,rule_based_v1.0
VIIRS_NOAA20_SP,8.91425,78.1171,,336.4,0.48,0.4,2025-09-29,820,NOAA-20,VIIRS,n,2.0,,302.77,3.32,D,0,True,True,973,2025,9,southwest_monsoon,day,336.4,bright_ti4,VIIRS,3.32,0.5708274894810657,0.0700966075039317,40,cropland,sampled,1,low_density,natural,agricultural_burning,0.78,A2_CROPLAND_NATURAL,rule_based_v1.0
VIIRS_NOAA20_SP,8.51358,78.11068,,335.96,0.46,0.47,2025-10-01,742,NOAA-20,VIIRS,n,2.0,,305.09,5.18,D,0,True,True,974,2025,10,northeast_monsoon,day,335.96,bright_ti4,VIIRS,5.18,0.5646563814866759,0.1118849696697371,30,grassland,sampled,2,low_density,natural,other_natural,0.76,A2_GRASSLAND_NATURAL,rule_based_v1.0
VIIRS_NOAA20_SP,8.51642,78.11137,,341.54,0.46,0.47,2025-10-01,742,NOAA-20,VIIRS,n,2.0,,303.87,4.46,D,0,True,True,975,2025,10,northeast_monsoon,day,341.54,bright_ti4,VIIRS,4.46,0.6429172510518938,0.0957088294765221,20,grassland,sampled,2,low_density,natural,other_natural,0.76,A2_GRASSLAND_NATURAL,rule_based_v1.0
VIIRS_NOAA20_SP,8.75168,78.11388,,341.47,0.45,0.47,2025-10-01,742,NOAA-20,VIIRS,n,2.0,,302.57,4.84,D,0,True,True,976,2025,10,northeast_monsoon,day,341.47,bright_ti4,VIIRS,4.84,0.6419354838709682,0.1042462368007189,40,cropland,sampled,4,moderate_density,natural,agricultural_burning,0.78,A2_CROPLAND_NATURAL,rule_based_v1.0
VIIRS_NOAA20_SP,8.75238,78.11793,,330.95,0.45,0.47,2025-10-01,742,NOAA-20,VIIRS,l,2.0,,301.84,5.07,D,0,True,True,977,2025,10,northeast_monsoon,day,330.95,bright_ti4,VIIRS,5.07,0.4943899018232818,0.1094136149179959,10,forest,sampled,5,moderate_density,natural,forest_fire,0.62,A2_FOREST_NATURAL,rule_based_v1.0
VIIRS_NOAA20_SP,8.84436,78.09872,,344.61,0.45,0.47,2025-10-01,742,NOAA-20,VIIRS,n,2.0,,307.07,6.51,D,0,True,True,978,2025,10,northeast_monsoon,day,344.61,bright_ti4,VIIRS,6.51,0.685974754558205,0.1417658953044259,40,cropland,sampled,3,moderate_density,natural,agricultural_burning,0.78,A2_CROPLAND_NATURAL,rule_based_v1.0
VIIRS_NOAA20_SP,8.84564,78.09785,,346.79,0.45,0.47,2025-10-01,742,NOAA-20,VIIRS,n,2.0,,307.12,6.5,D,0,True,True,979,2025,10,northeast_monsoon,day,346.79,bright_ti4,VIIRS,6.5,0.7165497896213187,0.1415412266906313,40,cropland,sampled,3,moderate_density,natural,agricultural_burning,0.78,A2_CROPLAND_NATURAL,rule_based_v1.0
VIIRS_NOAA20_SP,8.93851,78.13672,,334.9,0.45,0.47,2025-10-01,742,NOAA-20,VIIRS,n,2.0,,304.8,3.17,D,0,True,True,980,2025,10,northeast_monsoon,day,334.9,bright_ti4,VIIRS,3.17,0.5497896213183728,0.0667265782970119,30,grassland,sampled,5,moderate_density,natural,other_natural,0.6,A2_GRASSLAND_NATURAL,rule_based_v1.0
VIIRS_SNPP_SP,8.39936,78.04765,335.99,,0.48,0.4,2025-10-03,824,SNPP,VIIRS,n,2.0,303.38,,2.64,D,0,True,True,981,2025,10,northeast_monsoon,day,335.99,brightness,VIIRS,2.64,0.56507713884993,0.0548191417658953,30,grassland,sampled,3,moderate_density,natural,other_natural,0.6,A2_GRASSLAND_NATURAL,rule_based_v1.0
VIIRS_SNPP_SP,8.64974,78.10064,338.17,,0.44,0.46,2025-10-05,747,SNPP,VIIRS,n,2.0,296.86,,5.4,D,0,True,True,982,2025,10,northeast_monsoon,day,338.17,brightness,VIIRS,5.4,0.5956521739130438,0.1168276791732195,20,grassland,sampled,7,moderate_density,natural,other_natural,0.6,A2_GRASSLAND_NATURAL,rule_based_v1.0
VIIRS_SNPP_SP,8.65075,78.10001,340.08,,0.44,0.46,2025-10-05,747,SNPP,VIIRS,n,2.0,296.65,,6.21,D,0,True,True,983,2025,10,northeast_monsoon,day,340.08,brightness,VIIRS,6.21,0.6224403927068722,0.1350258368905864,30,grassland,sampled,7,moderate_density,natural,other_natural,0.6,A2_GRASSLAND_NATURAL,rule_based_v1.0
VIIRS_NOAA20_SP,8.64941,78.09708,,333.6,0.38,0.36,2025-10-05,807,NOAA-20,VIIRS,n,2.0,,301.23,4.63,D,0,True,True,984,2025,10,northeast_monsoon,day,333.6,bright_ti4,VIIRS,4.63,0.5315568022440397,0.0995281959110312,20,grassland,sampled,6,moderate_density,natural,other_natural,0.6,A2_GRASSLAND_NATURAL,rule_based_v1.0
VIIRS_NOAA20_SP,8.6575,78.1038,,330.16,0.55,0.42,2025-10-06,749,NOAA-20,VIIRS,n,2.0,,298.47,3.92,D,0,True,True,985,2025,10,northeast_monsoon,day,330.16,bright_ti4,VIIRS,3.92,0.4833099579242641,0.0835767243316108,20,grassland,sampled,3,moderate_density,natural,other_natural,0.6,A2_GRASSLAND_NATURAL,rule_based_v1.0
VIIRS_SNPP_SP,8.67859,78.07047,346.51,,0.39,0.36,2025-10-09,812,SNPP,VIIRS,n,2.0,282.85,,5.35,D,0,True,True,986,2025,10,northeast_monsoon,day,346.51,brightness,VIIRS,5.35,0.7126227208976156,0.1157043361042462,10,forest,sampled,3,moderate_density,natural,forest_fire,0.62,A2_FOREST_NATURAL,rule_based_v1.0
VIIRS_SNPP_SP,8.86694,78.15536,333.93,,0.39,0.36,2025-10-09,812,SNPP,VIIRS,n,2.0,300.34,,1.46,D,0,True,True,987,2025,10,northeast_monsoon,day,333.93,brightness,VIIRS,1.46,0.5361851332398319,0.0283082453381262,10,forest,sampled,72,strong_cluster,natural,forest_fire,0.62,A2_FOREST_NATURAL,rule_based_v1.0
VIIRS_NOAA20_SP,8.67559,78.06981,,330.58,0.49,0.49,2025-10-09,832,NOAA-20,VIIRS,n,2.0,,280.67,6.21,D,0,True,True,988,2025,10,northeast_monsoon,day,330.58,bright_ti4,VIIRS,6.21,0.4892005610098175,0.1350258368905864,10,forest,sampled,3,moderate_density,natural,forest_fire,0.62,A2_FOREST_NATURAL,rule_based_v1.0
VIIRS_NOAA20_SP,8.7546,78.08192,,331.29,0.49,0.49,2025-10-09,832,NOAA-20,VIIRS,n,2.0,,291.55,2.23,D,0,True,True,989,2025,10,northeast_monsoon,day,331.29,bright_ti4,VIIRS,2.23,0.4991584852734926,0.0456077286003145,10,forest,sampled,15,strong_cluster,natural,forest_fire,0.62,A2_FOREST_NATURAL,rule_based_v1.0
VIIRS_NOAA20_SP,8.75405,78.04865,,332.61,0.45,0.39,2025-10-11,755,NOAA-20,VIIRS,l,2.0,,303.17,2.67,D,0,True,True,990,2025,10,northeast_monsoon,day,332.61,bright_ti4,VIIRS,2.67,0.5176718092566622,0.0554931476072792,40,cropland,sampled,1,low_density,natural,agricultural_burning,0.78,A2_CROPLAND_NATURAL,rule_based_v1.0
MODIS_SP,8.7679,77.9388,344.2,,1.4,1.2,2025-10-12,420,Terra,MODIS,92,61.03,300.3,,58.9,D,0,True,True,991,2025,10,northeast_monsoon,day,344.2,brightness,MODIS,58.9,0.5085865257595773,0.3331234256926952,40,cropland,sampled,1,low_density,natural,agricultural_burning,0.78,A2_CROPLAND_NATURAL,rule_based_v1.0
MODIS_SP,8.7782,77.9404,327.4,,1.4,1.2,2025-10-12,420,Terra,MODIS,80,61.03,299.6,,17.7,D,0,True,True,992,2025,10,northeast_monsoon,day,327.4,brightness,MODIS,17.7,0.2866578599735798,0.0736775818639798,20,grassland,sampled,3,moderate_density,natural,other_natural,0.6,A2_GRASSLAND_NATURAL,rule_based_v1.0
MODIS_SP,8.7801,77.9281,326.2,,1.4,1.2,2025-10-12,420,Terra,MODIS,79,61.03,300.7,,16.6,D,0,True,True,993,2025,10,northeast_monsoon,day,326.2,brightness,MODIS,16.6,0.2708058124174373,0.0667506297229219,40,cropland,sampled,2,low_density,natural,agricultural_burning,0.78,A2_CROPLAND_NATURAL,rule_based_v1.0
MODIS_SP,8.8459,78.0323,324,,1.4,1.2,2025-10-12,420,Terra,MODIS,70,61.03,298.1,,15.2,D,0,True,True,994,2025,10,northeast_monsoon,day,324.0,brightness,MODIS,15.2,0.2417437252311758,0.0579345088161208,20,grassland,sampled,5,moderate_density,natural,other_natural,0.6,A2_GRASSLAND_NATURAL,rule_based_v1.0
VIIRS_NOAA20_SP,8.80119,78.09372,,336.28,0.59,0.53,2025-10-12,736,NOAA-20,VIIRS,n,2.0,,294.61,4.09,D,0,True,True,995,2025,10,northeast_monsoon,day,336.28,bright_ti4,VIIRS,4.09,0.5691444600280502,0.0873960907661199,50,built_up,sampled,3,moderate_density,natural,other_natural,0.45,A2_AMBIGUOUS_BUILT_OR_BARE_FALLBACK,rule_based_v1.0
MODIS_SP,8.4757,77.8845,310.5,,1.5,1.2,2025-10-22,420,Terra,MODIS,64,61.03,287.6,,7.1,D,0,True,True,996,2025,10,northeast_monsoon,day,310.5,brightness,MODIS,7.1,0.0634081902245708,0.0069269521410579,30,grassland,sampled,2,low_density,natural,other_natural,0.76,A2_GRASSLAND_NATURAL,rule_based_v1.0
MODIS_SP,8.5422,77.8685,311.1,,1.4,1.2,2025-10-22,420,Terra,MODIS,65,61.03,287.1,,7.3,D,0,True,True,997,2025,10,northeast_monsoon,day,311.1,brightness,MODIS,7.3,0.0713342140026424,0.0081863979848866,30,grassland,sampled,2,low_density,natural,other_natural,0.76,A2_GRASSLAND_NATURAL,rule_based_v1.0
MODIS_SP,8.7101,77.9523,320.4,,1.5,1.2,2025-10-22,420,Terra,MODIS,23,61.03,284.6,,19.9,D,0,True,True,998,2025,10,northeast_monsoon,day,320.4,brightness,MODIS,19.9,0.1941875825627475,0.0875314861460957,30,grassland,sampled,1,low_density,natural,other_natural,0.76,A2_GRASSLAND_NATURAL,rule_based_v1.0
MODIS_SP,8.8711,77.853,322.1,,1.4,1.2,2025-10-22,420,Terra,MODIS,74,61.03,286.8,,23.2,D,0,True,True,999,2025,10,northeast_monsoon,day,322.1,brightness,MODIS,23.2,0.2166446499339502,0.1083123425692695,20,grassland,sampled,3,moderate_density,natural,other_natural,0.6,A2_GRASSLAND_NATURAL,rule_based_v1.0
MODIS_SP,8.9312,77.8557,317.2,,1.4,1.2,2025-10-22,420,Terra,MODIS,59,61.03,286.7,,15.5,D,0,True,True,1000,2025,10,northeast_monsoon,day,317.2,brightness,MODIS,15.5,0.1519154557463672,0.0598236775818639,40,cropland,sampled,2,low_density,natural,agricultural_burning,0.78,A2_CROPLAND_NATURAL,rule_based_v1.0
MODIS_SP,8.7555,77.9749,328.1,,1.6,1.3,2025-10-29,922,Aqua,MODIS,80,61.03,299.5,,29.5,D,0,True,True,1001,2025,10,northeast_monsoon,day,328.1,brightness,MODIS,29.5,0.2959048877146636,0.147984886649874,40,cropland,sampled,3,moderate_density,natural,agricultural_burning,0.78,A2_CROPLAND_NATURAL,rule_based_v1.0
MODIS_SP,8.8126,78.0322,317.7,,1.6,1.3,2025-10-29,922,Aqua,MODIS,57,61.03,298.5,,12.8,D,0,True,True,1002,2025,10,northeast_monsoon,day,317.7,brightness,MODIS,12.8,0.1585204755614267,0.0428211586901763,60,bare,sampled,8,moderate_density,natural,other_natural,0.45,A2_AMBIGUOUS_BUILT_OR_BARE_FALLBACK,rule_based_v1.0
VIIRS_SNPP_SP,8.7266,77.97061,339.9,,0.41,0.37,2025-10-30,819,SNPP,VIIRS,n,2.0,306.96,,2.31,D,0,True,True,1003,2025,10,northeast_monsoon,day,339.9,brightness,VIIRS,2.31,0.6199158485273489,0.0474050775106717,30,grassland,sampled,3,moderate_density,natural,other_natural,0.6,A2_GRASSLAND_NATURAL,rule_based_v1.0
VIIRS_SNPP_SP,8.8687,78.15914,333.81,,0.44,0.38,2025-10-31,800,SNPP,VIIRS,l,2.0,308.05,,3.18,D,0,True,True,1004,2025,10,northeast_monsoon,day,333.81,brightness,VIIRS,3.18,0.5345021037868164,0.0669512469108065,10,forest,sampled,75,strong_cluster,natural,forest_fire,0.62,A2_FOREST_NATURAL,rule_based_v1.0
VIIRS_NOAA20_SP,8.86989,78.1544,,333.12,0.48,0.4,2025-10-31,820,NOAA-20,VIIRS,l,2.0,,303.47,4.9,D,0,True,True,1005,2025,10,northeast_monsoon,day,333.12,bright_ti4,VIIRS,4.9,0.5248246844319777,0.1055942484834868,30,grassland,sampled,74,strong_cluster,natural,other_natural,0.6,A2_GRASSLAND_NATURAL,rule_based_v1.0
MODIS_SP,8.5341,77.8724,320.1,,1.5,1.2,2025-11-01,420,Terra,MODIS,73,61.03,305.4,,13.2,D,0,True,True,1006,2025,11,northeast_monsoon,day,320.1,brightness,MODIS,13.2,0.1902245706737125,0.0453400503778337,30,grassland,sampled,2,low_density,natural,other_natural,0.76,A2_GRASSLAND_NATURAL,rule_based_v1.0
VIIRS_SNPP_SP,8.66928,77.99203,304.98,,0.4,0.37,2025-11-01,2017,SNPP,VIIRS,n,2.0,292.95,,0.58,N,0,True,True,1007,2025,11,northeast_monsoon,night,304.98,brightness,VIIRS,0.58,0.1301542776998601,0.0085374073241968,20,grassland,sampled,14,strong_cluster,natural,other_natural,0.6,A2_GRASSLAND_NATURAL,rule_based_v1.0
VIIRS_SNPP_SP,8.94237,78.08803,303.59,,0.41,0.61,2025-11-04,2101,SNPP,VIIRS,n,2.0,285.41,,0.61,N,0,True,True,1008,2025,11,northeast_monsoon,night,303.59,brightness,VIIRS,0.61,0.1106591865357641,0.0092114131655807,20,grassland,sampled,4,moderate_density,natural,other_natural,0.6,A2_GRASSLAND_NATURAL,rule_based_v1.0
VIIRS_SNPP_SP,8.45415,78.08576,333.43,,0.41,0.37,2025-11-15,819,SNPP,VIIRS,n,2.0,291.95,,3.2,D,0,True,True,1009,2025,11,northeast_monsoon,day,333.43,brightness,VIIRS,3.2,0.5291725105189342,0.0674005841383958,20,grassland,sampled,3,moderate_density,natural,other_natural,0.6,A2_GRASSLAND_NATURAL,rule_based_v1.0
VIIRS_SNPP_SP,8.65643,78.11404,332.68,,0.44,0.39,2025-11-16,800,SNPP,VIIRS,n,2.0,294.81,,3.49,D,3,True,True,1010,2025,11,northeast_monsoon,day,332.68,brightness,VIIRS,3.49,0.5186535764375878,0.0739159739384408,60,bare,sampled,4,moderate_density,natural,other_natural,0.45,A2_AMBIGUOUS_BUILT_OR_BARE_FALLBACK,rule_based_v1.0
VIIRS_SNPP_SP,8.55469,78.09315,333.96,,0.39,0.36,2025-12-07,807,SNPP,VIIRS,n,2.0,298.83,,2.74,D,0,True,True,1011,2025,12,northeast_monsoon,day,333.96,brightness,VIIRS,2.74,0.5366058906030854,0.0570658279038418,10,forest,sampled,2,low_density,natural,forest_fire,0.8,A2_FOREST_NATURAL,rule_based_v1.0
VIIRS_SNPP_SP,8.79375,78.09942,305.45,,0.39,0.36,2025-12-08,2024,SNPP,VIIRS,n,2.0,292.93,,0.26,N,0,True,True,1012,2025,12,northeast_monsoon,night,305.45,brightness,VIIRS,0.26,0.1367461430575035,0.0013480116827679,10,forest,sampled,5,moderate_density,natural,forest_fire,0.62,A2_FOREST_NATURAL,rule_based_v1.0
VIIRS_SNPP_SP,8.84835,78.13666,305.82,,0.39,0.36,2025-12-08,2024,SNPP,VIIRS,n,2.0,292.72,,0.51,N,0,True,True,1013,2025,12,northeast_monsoon,night,305.82,brightness,VIIRS,0.51,0.1419354838709677,0.0069647270276342,30,grassland,sampled,4,moderate_density,natural,other_natural,0.6,A2_GRASSLAND_NATURAL,rule_based_v1.0
VIIRS_SNPP_SP,8.66875,77.99349,305.65,,0.44,0.39,2025-12-14,2012,SNPP,VIIRS,n,2.0,292.27,,0.42,N,0,True,True,1014,2025,12,northeast_monsoon,night,305.65,brightness,VIIRS,0.42,0.1395511921458623,0.0049427095034823,30,grassland,sampled,14,strong_cluster,natural,other_natural,0.6,A2_GRASSLAND_NATURAL,rule_based_v1.0
VIIRS_NOAA20_SP,8.55723,78.12611,,332.7,0.56,0.52,2025-12-15,738,NOAA-20,VIIRS,n,2.0,,300.97,4.0,D,0,True,True,1015,2025,12,northeast_monsoon,day,332.7,bright_ti4,VIIRS,4.0,0.5189340813464235,0.0853740732419681,20,grassland,sampled,3,moderate_density,natural,other_natural,0.6,A2_GRASSLAND_NATURAL,rule_based_v1.0
VIIRS_SNPP_SP,8.65525,78.03093,330.37,,0.39,0.36,2025-12-23,807,SNPP,VIIRS,n,2.0,300.63,,1.04,D,0,True,True,1016,2025,12,northeast_monsoon,day,330.37,brightness,VIIRS,1.04,0.4862552594670408,0.0188721635587508,10,forest,sampled,2,low_density,natural,forest_fire,0.8,A2_FOREST_NATURAL,rule_based_v1.0
VIIRS_NOAA20_SP,8.87768,78.13206,,331.65,0.41,0.45,2025-12-23,828,NOAA-20,VIIRS,n,2.0,,300.04,1.88,D,0,True,True,1017,2025,12,northeast_monsoon,day,331.65,bright_ti4,VIIRS,1.88,0.5042075736325383,0.0377443271175016,20,grassland,sampled,5,moderate_density,natural,other_natural,0.6,A2_GRASSLAND_NATURAL,rule_based_v1.0
VIIRS_SNPP_SP,8.86733,78.15561,332.69,,0.39,0.36,2025-12-28,814,SNPP,VIIRS,n,2.0,299.97,,2.42,D,2,True,True,1018,2025,12,northeast_monsoon,day,332.69,brightness,VIIRS,2.42,0.5187938288920056,0.0498764322624129,20,grassland,sampled,73,strong_cluster,natural,other_natural,0.6,A2_GRASSLAND_NATURAL,rule_based_v1.0
VIIRS_NOAA20_SP,8.75104,78.12513,,335.34,0.42,0.38,2025-12-29,816,NOAA-20,VIIRS,n,2.0,,301.82,3.73,D,0,True,True,1019,2025,12,northeast_monsoon,day,335.34,bright_ti4,VIIRS,3.73,0.5559607293127627,0.0793080206695124,30,grassland,sampled,3,moderate_density,natural,other_natural,0.6,A2_GRASSLAND_NATURAL,rule_based_v1.0
