hotspot_id,source_dataset,latitude,longitude,brightness,bright_ti4,scan,track,acq_date,acq_time,satellite,instrument,confidence,version,bright_t31,bright_ti5,frp,daynight,type,facility_id,facility_type,name,osm_element_type,osm_element_id,facility_match_radius_m,is_facility_matched,distance_to_facility_m
firms_0043e8fbff25c73f,VIIRS_NOAA20_SP,8.60388,77.97204,,333.7,0.47,0.4,2024-03-14,821,NOAA-20,VIIRS,l,2,,304.72,2.83,D,0,,,,,,5000.0,False,
firms_00563644a150ae38,VIIRS_NOAA20_SP,8.86576,78.15621,,336.37,0.4,0.44,2024-09-15,826,NOAA-20,VIIRS,n,2,,304.26,5.16,D,0,osm_way_906827217,generic_industrial,,way,906827217,5000.0,True,2213.943
firms_008bed4caed32b9b,VIIRS_NOAA20_SP,8.84468,78.09325,,335.99,0.53,0.42,2024-07-31,749,NOAA-20,VIIRS,n,2,,301.09,4.81,D,0,osm_way_1003158311,power_plant,,way,1003158311,5000.0,True,1060.105
firms_008e6f72a8404343,VIIRS_NOAA20_SP,8.82224,78.00745,,348.17,0.33,0.55,2025-07-10,839,NOAA-20,VIIRS,n,2,,300.69,4.5,D,0,osm_way_1432129272,power_plant,,way,1432129272,5000.0,True,3282.789
firms_00b7068944065b1a,VIIRS_SNPP_SP,8.51377,77.93323,345.94,,0.38,0.59,2025-08-24,0733,SNPP,VIIRS,n,2,300.6,,4.88,D,0,osm_way_1468877017,power_plant,,way,1468877017,5000.0,True,4640.957
firms_00ca02926545e07c,VIIRS_SNPP_SP,8.66529,78.076,,332.33,0.5,0.49,2023-10-08,834,SNPP,VIIRS,n,2,,297.32,2.16,D,0,osm_way_906831349,generic_industrial,,way,906831349,5000.0,True,1706.05
firms_00efd8bc64636aa6,VIIRS_NOAA20_SP,8.60947,77.96156,,333.57,0.48,0.4,2025-06-25,820,NOAA-20,VIIRS,n,2,,292.87,4.89,D,0,,,,,,5000.0,False,
firms_012ed4b64848dbf4,VIIRS_SNPP_SP,8.45415,78.08576,333.43,,0.41,0.37,2025-11-15,0819,SNPP,VIIRS,n,2,291.95,,3.2,D,0,osm_relation_15986380,thermal_power_plant,,relation,15986380,5000.0,True,3188.713
firms_01418bc03241b256,VIIRS_SNPP_SP,8.84741,78.12166,320.97,,0.39,0.36,2024-09-16,2019,SNPP,VIIRS,n,2,295.67,,1.58,N,0,osm_way_906827219,generic_industrial,,way,906827219,5000.0,True,467.177
firms_018685ac1e2b8454,VIIRS_SNPP_SP,8.7531,78.07939,344.72,,0.52,0.42,2024-08-04,0750,SNPP,VIIRS,n,2,298.43,,3.8,D,0,osm_way_906831352,generic_industrial,,way,906831352,5000.0,True,3649.231
firms_01ccf5348f02f463,VIIRS_NOAA20_SP,8.88138,78.14725,,335.54,0.4,0.44,2023-10-27,827,NOAA-20,VIIRS,n,2,,293.47,3.48,D,0,osm_way_906827217,generic_industrial,,way,906827217,5000.0,True,1291.068
firms_027a73626abc955d,MODIS_SP,8.373,77.9347,319.3,,1,1,2025-07-29,414,Terra,MODIS,66,61.03,302.5,,6.3,D,0,,,,,,5000.0,False,
firms_0292a2b2933e3ffb,VIIRS_SNPP_SP,8.85642,78.11545,332.88,,0.41,0.61,2024-06-14,0846,SNPP,VIIRS,n,2,295.51,,1.9,D,0,osm_way_906827219,generic_industrial,,way,906827219,5000.0,True,869.955
firms_02a709f17dde44c4,VIIRS_NOAA20_SP,8.87768,78.13206,,331.65,0.41,0.45,2025-12-23,828,NOAA-20,VIIRS,n,2,,300.04,1.88,D,0,osm_way_906827217,generic_industrial,,way,906827217,5000.0,True,754.113
firms_02b3a718a6a56001,VIIRS_NOAA20_SP,8.89019,77.96516,,347.5,0.4,0.44,2025-06-30,827,NOAA-20,VIIRS,n,2,,307.28,7.91,D,0,,,,,,5000.0,False,
firms_03e042e0f05685bd,VIIRS_SNPP_SP,8.8673,78.15552,318.28,,0.44,0.46,2024-01-16,1955,SNPP,VIIRS,n,2,294.14,,2.13,N,0,osm_way_906827217,generic_industrial,,way,906827217,5000.0,True,2076.708
firms_041e559fb73f2ebd,VIIRS_NOAA20_SP,8.93094,78.00483,,339.63,0.39,0.36,2024-04-25,810,NOAA-20,VIIRS,n,2,,308.12,8.57,D,0,osm_way_1516453091,mining,,way,1516453091,5000.0,True,2371.971
firms_044e75e33a414e47,VIIRS_SNPP_SP,8.51381,78.06604,309.56,,0.44,0.46,2025-09-15,1957,SNPP,VIIRS,n,2,290.2,,1.23,N,0,,,,,,5000.0,False,
firms_045188d1a36a3a31,VIIRS_NOAA20_SP,8.93114,78.06089,,331.76,0.33,0.55,2025-07-10,839,NOAA-20,VIIRS,n,2,,297.15,3.12,D,0,osm_way_1432135179,power_plant,,way,1432135179,5000.0,True,2090.699
firms_04989def89d87f49,VIIRS_SNPP_SP,8.76019,78.18509,331.25,,0.33,0.55,2025-07-14,0842,SNPP,VIIRS,n,2,295.31,,2.49,D,0,osm_relation_9212425,generic_industrial,,relation,9212425,5000.0,True,261.594
firms_04e75a10eacd330f,VIIRS_NOAA20_SP,8.67311,77.85133,,340.25,0.49,0.49,2025-08-06,833,NOAA-20,VIIRS,n,2,,289.18,4.05,D,0,,,,,,5000.0,False,
firms_04fe93720e086e89,MODIS_SP,8.712,78.0187,334,,1.1,1,2024-06-15,900,Aqua,MODIS,55,61.03,311.7,,14.3,D,0,osm_way_1442917861,power_plant,,way,1442917861,5000.0,True,1993.034
firms_04ff7edd681e83ed,VIIRS_SNPP_SP,8.9289,78.00391,343.39,,0.44,0.46,2024-04-25,0744,SNPP,VIIRS,n,2,304.11,,4.57,D,0,osm_way_1516453091,mining,,way,1516453091,5000.0,True,2409.143
firms_05011a836a6a8e49,VIIRS_SNPP_SP,8.50582,78.02836,336.64,,0.4,0.37,2025-06-30,0804,SNPP,VIIRS,n,2,305.26,,3.63,D,0,,,,,,5000.0,False,
firms_052c3318861f7448,VIIRS_NOAA20_SP,8.82352,78.04247,,344.32,0.39,0.37,2024-08-10,802,NOAA-20,VIIRS,l,2,,299.41,17.45,D,0,osm_way_1432129272,power_plant,,way,1432129272,5000.0,True,1836.183
firms_052dcd97fe50b5e6,VIIRS_NOAA20_SP,8.85876,77.94887,,343.17,0.38,0.36,2024-04-09,809,NOAA-20,VIIRS,n,2,,311.79,4.4,D,0,,,,,,5000.0,False,
firms_0542f29e07658e92,VIIRS_SNPP_SP,8.75375,78.10688,330.67,,0.4,0.44,2025-09-06,0830,SNPP,VIIRS,n,2,297.07,,2.26,D,0,osm_way_1235088522,generic_industrial,,way,1235088522,5000.0,True,2076.595
firms_05b6b0fa95c59b70,VIIRS_NOAA20_SP,8.82552,77.91838,,336.17,0.55,0.43,2024-06-29,749,NOAA-20,VIIRS,n,2,,301.77,3.15,D,0,,,,,,5000.0,False,
firms_05c3493910df6088,VIIRS_NOAA20_SP,8.88078,78.04982,,339.98,0.39,0.36,2024-05-06,803,NOAA-20,VIIRS,l,2,,308.82,9.15,D,0,osm_way_385432388,thermal_power_plant,Thoothukudi IBTPL power station,way,385432388,5000.0,True,701.314
firms_0620f41746995313,VIIRS_NOAA20_SP,8.57392,77.97491,,344.31,0.46,0.47,2024-07-10,743,NOAA-20,VIIRS,n,2,,297.91,4.82,D,0,osm_way_1468877017,power_plant,,way,1468877017,5000.0,True,3542.899
firms_062991acbdfafa9e,VIIRS_SNPP_SP,8.93036,78.17683,333.1,,0.44,0.46,2024-03-08,0744,SNPP,VIIRS,n,2,303.58,,3.53,D,0,osm_way_733764035,thermal_power_plant,Mutiara Thermal Power Plant,way,733764035,5000.0,True,3986.03
firms_067d16487c4d9812,VIIRS_SNPP_SP,8.7317,77.95847,354.77,,0.5,0.49,2025-06-07,0835,SNPP,VIIRS,n,2,308.73,,6.25,D,0,osm_way_986423924,power_plant,,way,986423924,5000.0,True,3954.538
firms_06b768b15a4484e2,VIIRS_SNPP_SP,8.88384,78.04681,367,,0.4,0.44,2025-06-02,0829,SNPP,VIIRS,h,2,304.09,,9.33,D,0,osm_way_385432388,thermal_power_plant,Thoothukudi IBTPL power station,way,385432388,5000.0,True,852.771
firms_06d11dace235a02e,VIIRS_SNPP_SP,8.41974,78.04519,340.61,,0.5,0.49,2024-09-08,0834,SNPP,VIIRS,n,2,272.23,,6.45,D,0,osm_relation_15986380,thermal_power_plant,,relation,15986380,5000.0,True,2685.818
firms_06dbeae3c6f0e273,VIIRS_SNPP_SP,8.87046,78.16236,348.61,,0.36,0.57,2025-07-23,0733,SNPP,VIIRS,n,2,292.08,,5.36,D,0,osm_way_906827217,generic_industrial,,way,906827217,5000.0,True,2714.701
firms_07577bdbeda16c82,VIIRS_NOAA20_SP,8.50197,78.05086,,332.08,0.63,0.54,2024-07-07,839,NOAA-20,VIIRS,n,2,,291.99,6.02,D,0,,,,,,5000.0,False,
firms_07cb077b21350e1c,VIIRS_NOAA20_SP,8.86699,78.15597,,333.22,0.39,0.36,2025-06-10,801,NOAA-20,VIIRS,n,2,,288.46,1.9,D,0,osm_way_906827217,generic_industrial,,way,906827217,5000.0,True,2135.409
firms_081e3f0445c54d90,VIIRS_NOAA20_SP,8.94439,78.03265,,346.49,0.44,0.38,2025-07-07,755,NOAA-20,VIIRS,n,2,,305.38,6.77,D,0,osm_way_1516453091,mining,,way,1516453091,5000.0,True,2380.255
firms_08ca6fe90ea2bfb9,VIIRS_NOAA20_SP,8.88633,77.91144,,336.7,0.48,0.65,2024-07-11,724,NOAA-20,VIIRS,n,2,,292.89,8.32,D,0,,,,,,5000.0,False,
firms_08ce072d44836b13,VIIRS_NOAA20_SP,8.8697,77.97861,,342.88,0.57,0.52,2025-08-25,737,NOAA-20,VIIRS,l,2,,314.15,11.21,D,0,osm_way_1516453096,mining,,way,1516453096,5000.0,True,4929.47
firms_094033496247a1a8,VIIRS_SNPP_SP,8.67072,78.02068,349.63,,0.41,0.37,2024-10-11,0814,SNPP,VIIRS,n,2,292.55,,6.58,D,0,,,,,,5000.0,False,
firms_094ebb632c2f6412,VIIRS_NOAA20_SP,8.89719,78.10738,,332.19,0.4,0.45,2025-02-06,826,NOAA-20,VIIRS,n,2,,303.28,1.15,D,0,osm_way_906837208,generic_industrial,,way,906837208,5000.0,True,375.676
firms_098da3610ad04f56,VIIRS_NOAA20_SP,8.60564,77.96456,,335.23,0.55,0.43,2025-06-16,748,NOAA-20,VIIRS,n,2,,286.89,5.17,D,0,,,,,,5000.0,False,
firms_0998c86390c3bdf5,VIIRS_SNPP_SP,8.47566,77.87656,335.21,,0.41,0.37,2025-05-23,0816,SNPP,VIIRS,n,2,300.46,,2.13,D,0,,,,,,5000.0,False,
firms_0a007abe17bc12b5,VIIRS_SNPP_SP,8.66992,77.99158,300.09,,0.41,0.37,2025-09-24,2029,SNPP,VIIRS,n,2,279.84,,0.58,N,0,,,,,,5000.0,False,
firms_0afb8887aeb4d22f,VIIRS_SNPP_SP,8.88223,78.10809,337.16,,0.39,0.36,2024-04-29,0809,SNPP,VIIRS,n,2,302.64,,1.64,D,0,osm_way_906837209,generic_industrial,,way,906837209,5000.0,True,81.507
firms_0b30424594c461f8,VIIRS_SNPP_SP,8.89559,77.93534,348.72,,0.37,0.58,2025-09-09,0733,SNPP,VIIRS,n,2,287.92,,6.84,D,0,,,,,,5000.0,False,
firms_0b62f7b09d77fc53,VIIRS_SNPP_SP,8.46956,77.98241,345.76,,0.54,0.42,2025-07-06,0751,SNPP,VIIRS,n,2,303.53,,6.18,D,0,,,,,,5000.0,False,
firms_0ba49310762c7545,VIIRS_SNPP_SP,8.76008,77.91443,333.94,,0.4,0.6,2024-06-30,0846,SNPP,VIIRS,n,2,293.15,,24.47,D,0,osm_way_986423924,power_plant,,way,986423924,5000.0,True,4698.384
firms_0bd7ff1adb12262d,VIIRS_NOAA20_SP,8.75075,78.08539,,346.54,0.42,0.37,2024-08-04,814,NOAA-20,VIIRS,n,2,,302.76,3.43,D,0,osm_way_906831352,generic_industrial,,way,906831352,5000.0,True,3020.425
firms_0bee5f00a34d0339,VIIRS_SNPP_SP,8.87723,78.16125,331.72,,0.5,0.49,2025-03-19,0834,SNPP,VIIRS,n,2,299.17,,3.43,D,0,osm_way_906827217,generic_industrial,,way,906827217,5000.0,True,2581.813
firms_0c77b4cbe8f5671c,VIIRS_NOAA20_SP,8.52023,77.92903,,338.75,0.41,0.37,2024-09-05,814,NOAA-20,VIIRS,n,2,,308.04,4.85,D,0,osm_way_1468877017,power_plant,,way,1468877017,5000.0,True,4273.682
firms_0ca52c3fd659a6f2,VIIRS_NOAA20_SP,8.9123,77.85889,,343.28,0.46,0.47,2025-09-15,743,NOAA-20,VIIRS,n,2,,299.51,4.32,D,0,osm_way_986279192,power_plant,,way,986279192,5000.0,True,3592.324
firms_0ccdb70dbd8f5605,VIIRS_NOAA20_SP,8.62195,77.88024,,352.94,0.49,0.49,2024-08-03,833,NOAA-20,VIIRS,n,2,,300.62,8,D,0,,,,,,5000.0,False,
firms_0cf6b4a974bd4398,MODIS_SP,8.8835,77.9798,324.3,,1,1,2024-07-07,436,Terra,MODIS,72,61.03,303,,6.8,D,0,osm_way_1516453096,mining,,way,1516453096,5000.0,True,4197.985
firms_0d0ca5326e3e63bd,VIIRS_NOAA20_SP,8.55768,78.08833,,330.18,0.38,0.36,2024-10-18,807,NOAA-20,VIIRS,l,2,,300.88,1.39,D,0,osm_way_548907979,chemical_industry,DCW,way,548907979,5000.0,True,3976.171
firms_0d2bd3e9b1234148,VIIRS_NOAA20_SP,8.73992,77.96764,,341.94,0.52,0.67,2025-06-02,851,NOAA-20,VIIRS,n,2,,293.94,2.71,D,0,osm_relation_16765870,power_plant,,relation,16765870,5000.0,True,3187.786
firms_0d40294102f2d4a2,VIIRS_SNPP_SP,8.73519,77.96193,367,,0.32,0.55,2024-09-13,0840,SNPP,VIIRS,h,2,299.76,,5.47,D,0,osm_way_986423924,power_plant,,way,986423924,5000.0,True,3612.441
firms_0e0026ebfce7aef4,VIIRS_SNPP_SP,8.59736,77.88235,347.67,,0.54,0.42,2024-07-19,0750,SNPP,VIIRS,n,2,295.09,,10.75,D,0,osm_way_1453652971,power_plant,,way,1453652971,5000.0,True,3237.506
firms_0e40e52263902cc8,MODIS_SP,8.9395,78.13,326.2,,1.2,1.1,2024-06-30,448,Terra,MODIS,50,61.03,295,,11.7,D,0,osm_way_733764035,thermal_power_plant,Mutiara Thermal Power Plant,way,733764035,5000.0,True,3369.849
firms_0e6436af37ffcf9a,VIIRS_SNPP_SP,8.82616,77.91669,334.72,,0.46,0.47,2024-06-28,0743,SNPP,VIIRS,n,2,302.72,,4.29,D,0,,,,,,5000.0,False,
firms_0ef9d663343b7edb,VIIRS_NOAA20_SP,8.84436,78.09872,,344.61,0.45,0.47,2025-10-01,742,NOAA-20,VIIRS,n,2,,307.07,6.51,D,0,osm_way_906827218,generic_industrial,,way,906827218,5000.0,True,799.716
firms_0f3e5deb8f17bf64,VIIRS_SNPP_SP,8.70233,78.05931,320.21,,0.48,0.4,2025-07-27,2034,SNPP,VIIRS,n,2,292.52,,1.91,N,0,osm_way_906831350,generic_industrial,,way,906831350,5000.0,True,3771.249
firms_0f51e7a116122b36,VIIRS_NOAA20_SP,8.86836,78.11993,,304.02,0.32,0.55,2024-03-09,2051,NOAA-20,VIIRS,n,2,,293.17,0.9,N,0,osm_way_385432381,thermal_power_plant,Thoothukudi IBPGL,way,385432381,5000.0,True,1266.394
firms_0fcb099cdbdf800e,VIIRS_NOAA20_SP,8.8379,77.98965,,334.54,0.37,0.58,2025-09-05,730,NOAA-20,VIIRS,n,2,,295.14,3.67,D,0,osm_way_1432129272,power_plant,,way,1432129272,5000.0,True,4787.236
firms_0ff75214a2c6c473,VIIRS_SNPP_SP,8.64122,77.89012,336.27,,0.48,0.48,2025-09-11,0836,SNPP,VIIRS,n,2,298.4,,8.12,D,0,osm_way_1032774973,mining,,way,1032774973,5000.0,True,4396.02
firms_102c941dba4e23ae,VIIRS_SNPP_SP,8.66401,77.87348,335.21,,0.4,0.37,2024-06-21,0814,SNPP,VIIRS,n,2,298.01,,3.99,D,0,,,,,,5000.0,False,
firms_103308816a9c5724,VIIRS_NOAA20_SP,8.74308,78.14178,,346.15,0.4,0.44,2024-09-15,826,NOAA-20,VIIRS,n,2,,302.54,6.57,D,3,osm_way_906831356,industrial_works,,way,906831356,5000.0,True,608.009
firms_1099bf9028cb1c41,VIIRS_SNPP_SP,8.84151,77.90701,354.36,,0.45,0.39,2025-02-17,0757,SNPP,VIIRS,n,2,316.77,,16.47,D,0,,,,,,5000.0,False,
firms_109a4cba01bd252e,VIIRS_NOAA20_SP,8.79944,78.01231,,334.24,0.45,0.39,2025-06-21,755,NOAA-20,VIIRS,l,2,,304.32,3.54,D,0,osm_way_1432129272,power_plant,,way,1432129272,5000.0,True,4774.785
firms_109fa5d0edf6c5ea,VIIRS_NOAA20_SP,8.6938,77.91202,,340.9,0.41,0.37,2025-09-08,814,NOAA-20,VIIRS,n,2,,288.84,3.4,D,0,osm_way_1032774973,mining,,way,1032774973,5000.0,True,3096.086
firms_10c91d5112a7e78a,VIIRS_NOAA20_SP,8.43564,77.97,,337.77,0.41,0.37,2025-07-06,814,NOAA-20,VIIRS,n,2,,305.86,4.56,D,0,,,,,,5000.0,False,
firms_10f40d0509752f20,VIIRS_NOAA20_SP,8.78166,78.01612,,348.5,0.48,0.65,2024-07-11,724,NOAA-20,VIIRS,n,2,,291.21,9.72,D,0,osm_relation_16765870,power_plant,,relation,16765870,5000.0,True,4312.469
firms_10f57d0a302117ce,VIIRS_NOAA20_SP,8.86841,78.15614,,333.98,0.33,0.55,2024-07-07,839,NOAA-20,VIIRS,n,2,,291.94,2.23,D,0,osm_way_906827217,generic_industrial,,way,906827217,5000.0,True,2099.411
firms_11338d9292d9ae8c,VIIRS_SNPP_SP,8.86999,78.13338,338.82,,0.53,0.42,2025-06-20,0751,SNPP,VIIRS,n,2,300.93,,8.23,D,0,osm_way_906827217,generic_industrial,,way,906827217,5000.0,True,689.214
firms_11845cc8d9b8172b,VIIRS_SNPP_SP,8.82475,77.95589,339.38,,0.41,0.37,2024-07-23,0815,SNPP,VIIRS,n,2,307.51,,3.5,D,0,,,,,,5000.0,False,
firms_118aa4a05b524558,VIIRS_SNPP_SP,8.66453,77.85204,311.11,,0.41,0.37,2025-08-07,2027,SNPP,VIIRS,n,2,292.02,,0.87,N,0,,,,,,5000.0,False,
firms_12397ec9bb2e1eef,VIIRS_NOAA20_SP,8.82905,78.06046,,334.18,0.32,0.55,2024-07-23,839,NOAA-20,VIIRS,n,2,,299.2,0.93,D,0,osm_way_661590303,generic_industrial,,way,661590303,5000.0,True,1944.976
firms_1293e8d63c8beb30,VIIRS_NOAA20_SP,8.73225,77.95142,,336.15,0.48,0.4,2025-07-11,821,NOAA-20,VIIRS,n,2,,304.48,2.79,D,0,osm_way_986423924,power_plant,,way,986423924,5000.0,True,3927.581
firms_136e25d9c0502e36,VIIRS_NOAA20_SP,8.68458,78.08833,,333.86,0.39,0.44,2024-10-01,826,NOAA-20,VIIRS,n,2,,297.14,3.53,D,0,osm_way_906831350,generic_industrial,,way,906831350,5000.0,True,2179.958
firms_137ac006a0e286df,VIIRS_NOAA20_SP,8.88986,77.88443,,338.21,0.4,0.37,2025-02-18,801,NOAA-20,VIIRS,l,2,,311.99,1.8,D,0,osm_way_986279192,power_plant,,way,986279192,5000.0,True,3670.756
firms_13fc1989394d8f15,VIIRS_NOAA20_SP,8.78427,77.98965,,349.45,0.38,0.36,2024-06-28,808,NOAA-20,VIIRS,n,2,,310.82,8.07,D,0,osm_relation_16765870,power_plant,,relation,16765870,5000.0,True,2282.763
firms_1503865b8de4b56d,VIIRS_NOAA20_SP,8.87088,78.16116,,336.94,0.43,0.38,2025-07-23,755,NOAA-20,VIIRS,n,2,,301.35,9.9,D,0,osm_way_906827217,generic_industrial,,way,906827217,5000.0,True,2577.264
firms_15103fd0b43fd056,VIIRS_NOAA20_SP,8.94553,78.0668,,332.49,0.61,0.71,2025-04-20,716,NOAA-20,VIIRS,n,2,,294.92,7.47,D,0,osm_way_1432135179,power_plant,,way,1432135179,5000.0,True,3809.852
firms_15a079651f3b6763,VIIRS_SNPP_SP,8.85194,77.97781,337.66,,0.47,0.64,2024-06-29,0724,SNPP,VIIRS,n,2,291.47,,4.75,D,0,,,,,,5000.0,False,
firms_15f326419020fb49,VIIRS_SNPP_SP,8.86853,78.15145,318.05,,0.49,0.4,2024-01-30,2032,SNPP,VIIRS,n,2,292.52,,1.71,N,0,osm_way_906827217,generic_industrial,,way,906827217,5000.0,True,1610.88
firms_1609e80a6080e1cd,MODIS_SP,8.8626,78.1572,321.2,,1,1,2024-08-20,439,Terra,MODIS,43,61.03,298.1,,7.1,D,0,osm_way_906827217,generic_industrial,,way,906827217,5000.0,True,2475.322
firms_1610fecb3e71dc99,VIIRS_NOAA20_SP,8.86221,78.13613,,310.64,0.39,0.36,2024-05-07,2020,NOAA-20,VIIRS,n,2,,296,0.74,N,0,osm_way_906827217,generic_industrial,,way,906827217,5000.0,True,1344.665
firms_16492fa621dfb3d4,VIIRS_NOAA20_SP,8.45536,78.08234,,331.78,0.57,0.52,2025-07-08,736,NOAA-20,VIIRS,n,2,,298.18,5.43,D,0,osm_relation_15986380,thermal_power_plant,,relation,15986380,5000.0,True,3023.688
firms_16566c93fa9d0623,VIIRS_SNPP_SP,8.93375,77.95573,337.36,,0.41,0.37,2024-07-07,0815,SNPP,VIIRS,n,2,302.7,,1.88,D,0,,,,,,5000.0,False,
firms_1688b89fe6feca68,VIIRS_SNPP_SP,8.65878,78.1129,335.17,,0.49,0.4,2024-12-19,0821,SNPP,VIIRS,n,2,295.75,,5.52,D,0,osm_way_906831349,generic_industrial,,way,906831349,5000.0,True,2418.615
firms_169ae2f36ae9694e,VIIRS_SNPP_SP,8.93419,77.88697,335.07,,0.45,0.47,2024-09-16,0743,SNPP,VIIRS,n,2,304.02,,2.6,D,0,,,,,,5000.0,False,
firms_16c10ba4960f8156,VIIRS_SNPP_SP,8.67209,77.99181,306.23,,0.48,0.4,2025-07-27,2034,SNPP,VIIRS,n,2,292.8,,0.96,N,0,,,,,,5000.0,False,
firms_1740d52e504d61d7,VIIRS_NOAA20_SP,8.44568,78.07614,,330.93,0.5,0.49,2025-02-11,832,NOAA-20,VIIRS,l,2,,305.66,4,D,0,osm_relation_15986380,thermal_power_plant,,relation,15986380,5000.0,True,1775.193
firms_1775d78c4450879a,VIIRS_NOAA20_SP,8.44363,77.97039,,334.34,0.41,0.37,2024-08-04,814,NOAA-20,VIIRS,n,2,,302.54,1.77,D,0,,,,,,5000.0,False,
firms_178b7c78a23ca6b5,VIIRS_SNPP_SP,8.82967,78.03415,348.34,,0.55,0.51,2024-08-10,0737,SNPP,VIIRS,n,2,289.27,,8.86,D,0,osm_way_1432129272,power_plant,,way,1432129272,5000.0,True,851.029
firms_17deb444b2104351,VIIRS_NOAA20_SP,8.40499,78.04606,,317.15,0.41,0.37,2024-06-29,2025,NOAA-20,VIIRS,n,2,,294.26,2.6,N,0,osm_relation_15986380,thermal_power_plant,,relation,15986380,5000.0,True,3851.402
firms_185815ff7dd01579,VIIRS_NOAA20_SP,8.83664,78.04342,,348.35,0.58,0.52,2024-07-05,736,NOAA-20,VIIRS,n,2,,297.37,13.9,D,0,osm_way_1432129272,power_plant,,way,1432129272,5000.0,True,1130.658
firms_18dfed103c9c6f74,VIIRS_NOAA20_SP,8.69542,77.91196,,332.54,0.46,0.47,2025-09-15,743,NOAA-20,VIIRS,n,2,,297.33,2.72,D,0,osm_way_1032774973,mining,,way,1032774973,5000.0,True,3269.358
firms_19f9ab8369f98875,VIIRS_NOAA20_SP,8.54187,78.09836,,337.62,0.45,0.47,2024-07-10,743,NOAA-20,VIIRS,n,2,,298.75,4.68,D,0,osm_way_1504375937,generic_industrial,,way,1504375937,5000.0,True,3818.752
firms_1a4e7802bef96ef2,VIIRS_NOAA20_SP,8.87982,78.04338,,346.83,0.41,0.37,2024-07-19,814,NOAA-20,VIIRS,n,2,,306.99,8.92,D,0,osm_way_385432388,thermal_power_plant,Thoothukudi IBTPL power station,way,385432388,5000.0,True,1352.442
firms_1acbfa42ff3f7a1d,VIIRS_SNPP_SP,8.87399,77.98606,330.55,,0.32,0.55,2025-05-11,0841,SNPP,VIIRS,n,2,299.43,,1.76,D,0,osm_way_1516453096,mining,,way,1516453096,5000.0,True,3983.068
firms_1adcb57ad0e1ba43,VIIRS_SNPP_SP,8.84626,77.95654,333.12,,0.39,0.44,2024-07-01,0827,SNPP,VIIRS,n,2,279.23,,3.48,D,0,,,,,,5000.0,False,
firms_1b3e8a75cd8068aa,VIIRS_SNPP_SP,8.87854,78.13952,330.26,,0.39,0.36,2025-01-26,0809,SNPP,VIIRS,n,2,290.58,,2.34,D,0,osm_way_906827217,generic_industrial,,way,906827217,5000.0,True,506.272
firms_1b612678fcee8013,VIIRS_NOAA20_SP,8.8664,78.15733,,338.38,0.42,0.38,2024-08-04,814,NOAA-20,VIIRS,n,2,,302.1,3.86,D,0,osm_way_906827217,generic_industrial,,way,906827217,5000.0,True,2298.564
firms_1b8e5c513bc963c5,VIIRS_NOAA20_SP,8.87933,77.89047,,339.98,0.41,0.37,2024-09-21,813,NOAA-20,VIIRS,l,2,,312.74,6.03,D,0,osm_way_986279192,power_plant,,way,986279192,5000.0,True,4186.839
firms_1b8f28c6e549cc25,VIIRS_NOAA20_SP,8.55964,78.11308,,332.55,0.32,0.55,2024-06-21,839,NOAA-20,VIIRS,n,2,,289.91,3.5,D,0,osm_way_548907979,chemical_industry,DCW,way,548907979,5000.0,True,4160.973
firms_1c296adc12e26cb4,VIIRS_SNPP_SP,8.58826,78.13019,342.45,,0.56,0.52,2024-03-19,0737,SNPP,VIIRS,n,2,305.07,,4.52,D,0,osm_way_548907979,chemical_industry,DCW,way,548907979,5000.0,True,3857.768
firms_1c9d73233f1be6b9,VIIRS_SNPP_SP,8.49105,78.08182,343.11,,0.41,0.37,2025-08-27,0817,SNPP,VIIRS,n,2,297.54,,3.94,D,0,osm_way_1504375937,generic_industrial,,way,1504375937,5000.0,True,4748.75
firms_1ce4dbf8d86098b7,VIIRS_SNPP_SP,8.6954,78.02489,339.01,,0.5,0.49,2025-07-09,0836,SNPP,VIIRS,n,2,301.56,,6.23,D,0,osm_way_1442917861,power_plant,,way,1442917861,5000.0,True,3599.879
firms_1d038c799d5e8ad6,VIIRS_NOAA20_SP,8.74266,78.15093,,331.72,0.32,0.55,2023-11-06,840,NOAA-20,VIIRS,n,2,,292.12,1.85,D,0,osm_way_906831358,industrial_works,,way,906831358,5000.0,True,438.178
firms_1d6f208decdb60d2,VIIRS_SNPP_SP,8.53703,78.08012,348.7,,0.4,0.44,2024-09-19,0827,SNPP,VIIRS,n,2,304.27,,6.13,D,0,osm_way_1504375937,generic_industrial,,way,1504375937,5000.0,True,4944.861
firms_1d786607d06433fb,VIIRS_SNPP_SP,8.82371,78.05551,345.95,,0.44,0.38,2024-05-05,0756,SNPP,VIIRS,l,2,306.83,,7.55,D,0,osm_way_661590303,generic_industrial,,way,661590303,5000.0,True,2154.531
firms_1e16d62998c01a57,VIIRS_NOAA20_SP,8.89945,77.96387,,345.78,0.38,0.36,2024-06-28,808,NOAA-20,VIIRS,n,2,,308.97,4.69,D,0,,,,,,5000.0,False,
firms_1e374a2a412ca606,VIIRS_NOAA20_SP,8.75354,77.96097,,336.75,0.59,0.53,2024-07-05,736,NOAA-20,VIIRS,n,2,,297.95,9.53,D,0,osm_way_986423924,power_plant,,way,986423924,5000.0,True,1610.252
firms_1e456b184ed0b902,VIIRS_SNPP_SP,8.80104,78.05886,343.29,,0.4,0.45,2024-08-02,0828,SNPP,VIIRS,n,2,292.14,,5.87,D,0,osm_way_661590305,generic_industrial,,way,661590305,5000.0,True,2438.123
firms_1e6d7c9e70b0df93,VIIRS_SNPP_SP,8.83937,77.96922,338.86,,0.53,0.42,2024-09-05,0750,SNPP,VIIRS,n,2,304.81,,4.39,D,0,,,,,,5000.0,False,
firms_1ee21bdcb4cf7f2f,VIIRS_SNPP_SP,8.80301,77.99798,341.61,,0.5,0.49,2025-06-07,0835,SNPP,VIIRS,n,2,306.1,,6.9,D,0,osm_relation_16765870,power_plant,,relation,16765870,5000.0,True,4547.476
firms_1ef88a6b12af562e,VIIRS_NOAA20_SP,8.87524,78.14776,,342.73,0.44,0.38,2025-06-21,755,NOAA-20,VIIRS,n,2,,301.69,3.56,D,0,osm_way_906827217,generic_industrial,,way,906827217,5000.0,True,1082.344
firms_1efbb221bac1b285,VIIRS_SNPP_SP,8.55412,78.06657,,331.41,0.41,0.37,2023-10-09,815,SNPP,VIIRS,n,2,,297.8,2.4,D,0,,,,,,5000.0,False,
firms_1f0b26b62397a9cb,VIIRS_NOAA20_SP,8.85203,77.92131,,335.56,0.39,0.44,2025-05-13,826,NOAA-20,VIIRS,n,2,,303.22,2.11,D,0,,,,,,5000.0,False,
firms_1f9f682ded64fdc2,VIIRS_NOAA20_SP,8.81002,78.03291,,334.57,0.32,0.55,2024-07-23,839,NOAA-20,VIIRS,n,2,,298.46,1.72,D,0,osm_way_1432129272,power_plant,,way,1432129272,5000.0,True,3017.509
firms_1ffb6dea218011fd,VIIRS_SNPP_SP,8.85192,78.11147,335.16,,0.41,0.37,2024-06-21,0814,SNPP,VIIRS,n,2,294.98,,2.73,D,0,osm_way_906827219,generic_industrial,,way,906827219,5000.0,True,1128.598
firms_201da7c55f13fd1e,VIIRS_NOAA20_SP,8.94987,77.88895,,348.42,0.41,0.37,2025-09-08,814,NOAA-20,VIIRS,n,2,,301.65,15.2,D,0,,,,,,5000.0,False,
firms_20248a2ee7824abb,VIIRS_SNPP_SP,8.7758,78.04828,333.91,,0.45,0.47,2024-03-08,0744,SNPP,VIIRS,n,2,303.56,,3.7,D,0,osm_way_823674462,generic_industrial,,way,823674462,5000.0,True,4450.481
firms_20262cf0f753ea25,VIIRS_NOAA20_SP,8.82627,78.00675,,346.29,0.58,0.52,2025-06-22,736,NOAA-20,VIIRS,n,2,,298.47,4.86,D,0,osm_way_1432129272,power_plant,,way,1432129272,5000.0,True,3151.486
firms_202cac6a2671f83f,VIIRS_NOAA20_SP,8.87104,78.0662,,333.55,0.32,0.55,2024-07-07,839,NOAA-20,VIIRS,n,2,,292.94,2.04,D,0,osm_way_986411990,power_plant,Arasadi,way,986411990,5000.0,True,1885.624
firms_204d9fdaeace9f4c,VIIRS_NOAA20_SP,8.86851,78.12029,,308.54,0.45,0.39,2024-09-18,2005,NOAA-20,VIIRS,n,2,,295.5,0.51,N,0,osm_way_385432381,thermal_power_plant,Thoothukudi IBPGL,way,385432381,5000.0,True,1308.544
firms_20582a84b00c534c,VIIRS_SNPP_SP,8.79375,78.09942,305.45,,0.39,0.36,2025-12-08,2024,SNPP,VIIRS,n,2,292.93,,0.26,N,0,osm_way_1073989739,generic_industrial,,way,1073989739,5000.0,True,696.586
firms_20644b3d6a8fd714,VIIRS_NOAA20_SP,8.87049,78.02563,,332.51,0.45,0.39,2025-06-21,755,NOAA-20,VIIRS,n,2,,301.47,1.22,D,0,osm_way_1011035031,generic_industrial,Orange Sironj,way,1011035031,5000.0,True,1737.566
firms_207e667cf3c363a1,VIIRS_SNPP_SP,8.83318,78.05424,313.55,,0.32,0.55,2024-07-23,2051,SNPP,VIIRS,n,2,291.93,,1.8,N,0,osm_way_906827221,generic_industrial,,way,906827221,5000.0,True,2267.037
firms_20a08c900a931908,VIIRS_NOAA20_SP,8.82582,78.05426,,339.51,0.42,0.38,2025-07-06,814,NOAA-20,VIIRS,n,2,,301.57,2.49,D,0,osm_way_661590303,generic_industrial,,way,661590303,5000.0,True,2361.12
firms_20b44bb8635a119f,VIIRS_NOAA20_SP,8.7816,78.07198,,343.39,0.45,0.47,2024-03-16,743,NOAA-20,VIIRS,n,2,,309.06,7.89,D,0,osm_way_1073989741,generic_industrial,,way,1073989741,5000.0,True,2647.203
firms_21625064b268c58c,VIIRS_NOAA20_SP,8.66968,77.99356,,309.41,0.44,0.46,2025-07-09,1954,NOAA-20,VIIRS,n,2,,293.11,0.73,N,0,,,,,,5000.0,False,
firms_21b6111c2c40b7cf,VIIRS_SNPP_SP,8.83554,77.99451,352.84,,0.54,0.42,2025-07-06,0752,SNPP,VIIRS,n,2,303.68,,10.25,D,0,osm_way_1432129272,power_plant,,way,1432129272,5000.0,True,4256.623
firms_21f75e581e4f5496,VIIRS_SNPP_SP,8.65643,78.11404,332.68,,0.44,0.39,2025-11-16,0800,SNPP,VIIRS,n,2,294.81,,3.49,D,3,osm_way_906831349,generic_industrial,,way,906831349,5000.0,True,2599.849
firms_21fa29a200598fe6,VIIRS_NOAA20_SP,8.40956,77.93125,,335.71,0.39,0.59,2025-09-21,730,NOAA-20,VIIRS,n,2,,291.57,5.91,D,0,,,,,,5000.0,False,
firms_227e03a2cfb20d03,VIIRS_NOAA20_SP,8.69252,77.85701,,343.46,0.46,0.47,2025-08-30,743,NOAA-20,VIIRS,n,2,,298.04,21.89,D,0,,,,,,5000.0,False,
firms_2343133a683cd8d2,VIIRS_SNPP_SP,8.71708,78.04807,333.11,,0.52,0.42,2024-08-20,0750,SNPP,VIIRS,n,2,295.41,,3.77,D,0,osm_way_1442917861,power_plant,,way,1442917861,5000.0,True,2578.073
firms_23779382fcb0456f,VIIRS_NOAA20_SP,8.84168,78.03017,,344.01,0.54,0.42,2025-06-16,748,NOAA-20,VIIRS,n,2,,296.73,20.63,D,0,osm_way_1432129272,power_plant,,way,1432129272,5000.0,True,585.594
firms_23eaaee2c137e835,VIIRS_SNPP_SP,8.7466,77.97872,340.6,,0.39,0.44,2025-06-02,0829,SNPP,VIIRS,n,2,304.98,,4.07,D,0,osm_relation_16765870,power_plant,,relation,16765870,5000.0,True,2135.957
firms_23ebe9d9296ea24f,VIIRS_NOAA20_SP,8.87967,77.97182,,333.02,0.54,0.68,2025-08-05,852,NOAA-20,VIIRS,n,2,,290.76,2.26,D,0,,,,,,5000.0,False,
firms_24ac508595c51ee0,VIIRS_SNPP_SP,8.84289,77.99831,342.84,,0.39,0.36,2025-06-03,0810,SNPP,VIIRS,n,2,306.59,,4,D,0,osm_way_1011035031,generic_industrial,Orange Sironj,way,1011035031,5000.0,True,3854.185
firms_24c7c9d2874210fe,VIIRS_SNPP_SP,8.82906,77.9978,332.36,,0.54,0.42,2025-07-06,0752,SNPP,VIIRS,n,2,302.09,,3.45,D,0,osm_way_1432129272,power_plant,,way,1432129272,5000.0,True,3995.64
firms_24dbb95409d0c17a,MODIS_SP,8.7852,78.1912,310.8,,1.1,1.1,2025-06-27,935,Aqua,MODIS,43,61.03,299.4,,7.4,D,3,osm_way_906827207,industrial_works,,way,906827207,5000.0,True,2072.833
firms_2519eb282e2de37a,VIIRS_NOAA20_SP,8.64133,77.9213,,334.85,0.56,0.43,2024-09-17,748,NOAA-20,VIIRS,l,2,,305.43,4.04,D,0,osm_way_1032774973,mining,,way,1032774973,5000.0,True,2850.675
firms_2555708e77189467,MODIS_SP,8.5422,77.8685,311.1,,1.4,1.2,2025-10-22,420,Terra,MODIS,65,61.03,287.1,,7.3,D,0,,,,,,5000.0,False,
firms_25714dd996583bd5,VIIRS_SNPP_SP,8.64974,78.10064,338.17,,0.44,0.46,2025-10-05,0747,SNPP,VIIRS,n,2,296.86,,5.4,D,0,osm_way_906831348,generic_industrial,,way,906831348,5000.0,True,1556.329
firms_257fb42e0f42be5e,VIIRS_SNPP_SP,8.87195,78.15919,337.51,,0.49,0.4,2025-03-09,0821,SNPP,VIIRS,l,2,308.1,,3.94,D,0,osm_way_906827217,generic_industrial,,way,906827217,5000.0,True,2347.384
firms_25b7de35675bf444,VIIRS_NOAA20_SP,8.86954,78.15426,,307.5,0.32,0.55,2025-03-16,2049,NOAA-20,VIIRS,n,2,,288.25,1.22,N,0,osm_way_906827217,generic_industrial,,way,906827217,5000.0,True,1865.087
firms_260b6d7a9c056d5f,VIIRS_NOAA20_SP,8.58511,78.04212,,331.78,0.41,0.6,2024-09-14,845,NOAA-20,VIIRS,n,2,,292.74,1.63,D,0,,,,,,5000.0,False,
firms_262f49f93bbaa26e,VIIRS_SNPP_SP,8.70886,78.11058,337.44,,0.47,0.64,2025-08-19,0726,SNPP,VIIRS,n,2,299.31,,6.81,D,0,osm_way_906831351,generic_industrial,,way,906831351,5000.0,True,1640.441
firms_26795529990e487f,VIIRS_SNPP_SP,8.85157,78.0039,334.77,,0.57,0.52,2025-07-28,0739,SNPP,VIIRS,n,2,301.62,,8.23,D,0,osm_way_1011035031,generic_industrial,Orange Sironj,way,1011035031,5000.0,True,3004.822
firms_26cef8446ab16aa6,VIIRS_SNPP_SP,8.86855,78.15498,335.19,,0.39,0.36,2025-02-06,0803,SNPP,VIIRS,l,2,308.55,,3.14,D,0,osm_way_906827217,generic_industrial,,way,906827217,5000.0,True,1973.362
firms_26fe9f1d6f59349e,VIIRS_SNPP_SP,8.72074,78.12665,331.44,,0.63,0.54,2025-03-24,0840,SNPP,VIIRS,n,2,299.43,,5.39,D,0,osm_relation_17348197,power_plant,SPIC Thoothukudi Floating Solar PV Park,relation,17348197,5000.0,True,1591.261
firms_271a6b2ae4394625,VIIRS_NOAA20_SP,8.73596,78.03421,,332.53,0.32,0.54,2024-03-13,840,NOAA-20,VIIRS,l,2,,307.06,1.38,D,0,osm_way_823674462,generic_industrial,,way,823674462,5000.0,True,590.532
firms_27d96b389d1d3754,VIIRS_SNPP_SP,8.82882,78.03709,345.08,,0.55,0.51,2024-08-10,0737,SNPP,VIIRS,n,2,290.62,,9.56,D,0,osm_way_1432129272,power_plant,,way,1432129272,5000.0,True,1032.76
firms_286af4804aa945f8,VIIRS_NOAA20_SP,8.55458,78.10947,,340.68,0.54,0.68,2024-08-18,852,NOAA-20,VIIRS,n,2,,287.83,6.58,D,0,osm_way_548907979,chemical_industry,DCW,way,548907979,5000.0,True,4512.574
firms_289a8b064cfa0fe3,MODIS_SP,8.516,78.0812,333.9,,1.2,1.1,2025-08-27,944,Aqua,MODIS,84,61.03,303.1,,24.3,D,0,osm_way_1504375937,generic_industrial,,way,1504375937,5000.0,True,4108.666
firms_28d5f3f077f99d8b,VIIRS_SNPP_SP,8.74821,77.94865,330.65,,0.54,0.42,2025-07-06,0752,SNPP,VIIRS,l,2,302.09,,1.23,D,0,osm_way_986423924,power_plant,,way,986423924,5000.0,True,2291.249
firms_28de2314b2a42933,VIIRS_SNPP_SP,8.36064,77.87352,335.92,,0.57,0.43,2025-07-04,0829,SNPP,VIIRS,n,2,302.59,,6.19,D,0,,,,,,5000.0,False,
firms_2924763c0855509e,VIIRS_NOAA20_SP,8.74964,78.07785,,339.51,0.42,0.37,2024-08-04,814,NOAA-20,VIIRS,n,2,,302.68,3.24,D,0,osm_way_906831352,generic_industrial,,way,906831352,5000.0,True,3510.463
firms_29aba79e17c0a3b6,MODIS_SP,8.7392,78.0768,320.6,,1.4,1.2,2025-08-10,355,Terra,MODIS,73,61.03,288.2,,15.8,D,0,osm_way_906831352,generic_industrial,,way,906831352,5000.0,True,3012.289
firms_29bd2a6e92959205,VIIRS_SNPP_SP,8.86871,78.15816,347.04,,0.43,0.46,2024-05-27,0744,SNPP,VIIRS,n,2,282.15,,5.8,D,0,osm_way_906827217,generic_industrial,,way,906827217,5000.0,True,2302.894
firms_2a683d4bd83a3b05,VIIRS_SNPP_SP,8.8932,78.04128,342,,0.55,0.51,2024-05-06,0738,SNPP,VIIRS,n,2,303.45,,6.62,D,0,osm_way_1432135180,power_plant,,way,1432135180,5000.0,True,1559.794
firms_2b028d67318d8ad6,VIIRS_SNPP_SP,8.59378,78.1168,332.3,,0.46,0.63,2025-02-24,0725,SNPP,VIIRS,n,2,297.89,,2.65,D,0,osm_way_548907979,chemical_industry,DCW,way,548907979,5000.0,True,2351.06
firms_2b9b0752434328b9,VIIRS_SNPP_SP,8.46378,77.9847,333.81,,0.41,0.37,2025-05-23,0816,SNPP,VIIRS,n,2,301.14,,2.97,D,0,,,,,,5000.0,False,
firms_2c512365d042e01f,VIIRS_NOAA20_SP,8.9112,77.96626,,341.24,0.48,0.4,2025-09-13,820,NOAA-20,VIIRS,n,2,,309.8,11.98,D,0,,,,,,5000.0,False,
firms_2c64037d2e0e1fdc,VIIRS_NOAA20_SP,8.72628,78.09032,,344.76,0.38,0.36,2024-09-16,807,NOAA-20,VIIRS,n,2,,306.77,6.85,D,0,osm_way_906831352,generic_industrial,,way,906831352,5000.0,True,1354.251
firms_2c7066245d372a14,VIIRS_NOAA20_SP,8.73995,78.00416,,342.73,0.44,0.46,2025-07-13,743,NOAA-20,VIIRS,n,2,,274.41,5.02,D,0,osm_way_1442917861,power_plant,,way,1442917861,5000.0,True,2875.762
firms_2cc1c32842a0c968,VIIRS_SNPP_SP,8.68632,77.9596,336.02,,0.45,0.39,2025-06-09,0758,SNPP,VIIRS,n,2,298.17,,2.45,D,0,osm_relation_17415628,power_plant,,relation,17415628,5000.0,True,3266.886
firms_2d19834b202e4fa6,VIIRS_SNPP_SP,8.82236,78.00694,356.14,,0.41,0.37,2025-07-10,0817,SNPP,VIIRS,n,2,310.5,,9.41,D,0,osm_way_1432129272,power_plant,,way,1432129272,5000.0,True,3324.637
firms_2d4181d8bb3c6df5,VIIRS_SNPP_SP,8.86575,78.03585,,333.29,0.37,0.58,2023-10-06,731,SNPP,VIIRS,n,2,,295.66,5.42,D,0,osm_way_1011035031,generic_industrial,Orange Sironj,way,1011035031,5000.0,True,1239.609
firms_2d89a7321c4b94c7,VIIRS_SNPP_SP,8.80363,78.00259,350.47,,0.5,0.49,2025-06-07,0835,SNPP,VIIRS,n,2,306.86,,6.9,D,0,osm_relation_16765870,power_plant,,relation,16765870,5000.0,True,4845.543
firms_2e48d9c3108c14c3,VIIRS_NOAA20_SP,8.8364,78.04107,,351.55,0.58,0.52,2024-07-05,736,NOAA-20,VIIRS,n,2,,297.36,37.67,D,0,osm_way_1432129272,power_plant,,way,1432129272,5000.0,True,875.47
firms_2e4ad2bb1b952d82,VIIRS_NOAA20_SP,8.59758,77.88464,,338.83,0.41,0.37,2024-07-19,814,NOAA-20,VIIRS,n,2,,299.49,4.08,D,0,osm_way_1453652971,power_plant,,way,1453652971,5000.0,True,3043.89
firms_2e69971bffe59c24,VIIRS_NOAA20_SP,8.76855,78.04728,,336.18,0.42,0.37,2025-07-06,814,NOAA-20,VIIRS,n,2,,301.43,1.71,D,0,osm_way_823674462,generic_industrial,,way,823674462,5000.0,True,3691.552
firms_2ec9b580f02cdf71,VIIRS_SNPP_SP,8.8553,78.12244,331.7,,0.49,0.4,2025-05-28,0823,SNPP,VIIRS,n,2,301.01,,2.92,D,0,osm_way_906827219,generic_industrial,,way,906827219,5000.0,True,413.059
firms_2f0910833dbfc042,VIIRS_NOAA20_SP,8.72352,78.12739,,336.46,0.45,0.47,2025-03-23,741,NOAA-20,VIIRS,n,2,,297.93,3.85,D,0,osm_relation_17348197,power_plant,SPIC Thoothukudi Floating Solar PV Park,relation,17348197,5000.0,True,1274.276
firms_2f407d68867dcbd5,VIIRS_SNPP_SP,8.89516,78.05701,333.45,,0.39,0.36,2025-06-19,0810,SNPP,VIIRS,n,2,292.39,,2.72,D,0,osm_way_385432388,thermal_power_plant,Thoothukudi IBTPL power station,way,385432388,5000.0,True,1143.698
firms_2fc30036dc86fa09,VIIRS_SNPP_SP,8.85443,78.12583,340.28,,0.42,0.37,2024-07-07,0815,SNPP,VIIRS,n,2,301.87,,5.96,D,0,osm_way_906827219,generic_industrial,,way,906827219,5000.0,True,547.265
firms_30020647267783d7,VIIRS_NOAA20_SP,8.6783,78.0872,,333.01,0.48,0.4,2025-09-13,820,NOAA-20,VIIRS,l,2,,303.22,4.2,D,0,osm_way_906831349,generic_industrial,,way,906831349,5000.0,True,1775.569
firms_30650db82f2989b8,VIIRS_SNPP_SP,8.82585,78.03999,332.86,,0.55,0.51,2024-08-10,0737,SNPP,VIIRS,n,2,290.01,,6.96,D,0,osm_way_1432129272,power_plant,,way,1432129272,5000.0,True,1472.471
firms_30663f1b94272baf,VIIRS_SNPP_SP,8.87395,77.97946,339.58,,0.42,0.37,2024-07-23,0815,SNPP,VIIRS,n,2,306.86,,5.61,D,0,osm_way_1516453096,mining,,way,1516453096,5000.0,True,4615.706
firms_30bf02fd124775a3,VIIRS_SNPP_SP,8.71633,78.11119,340.05,,0.32,0.54,2025-08-31,0842,SNPP,VIIRS,n,2,293.89,,5.88,D,0,osm_way_906831351,generic_industrial,,way,906831351,5000.0,True,969.164
firms_31248b2278c57d2c,VIIRS_SNPP_SP,8.47441,77.9473,336.53,,0.39,0.44,2025-07-04,0829,SNPP,VIIRS,n,2,304.16,,3.26,D,0,,,,,,5000.0,False,
firms_312a721eece8c604,VIIRS_NOAA20_SP,8.8148,77.98041,,345.06,0.43,0.46,2024-05-07,745,NOAA-20,VIIRS,n,2,,305.89,5.08,D,0,,,,,,5000.0,False,
firms_313c73723a11e54d,VIIRS_NOAA20_SP,8.78244,78.02039,,344.52,0.48,0.65,2024-07-11,724,NOAA-20,VIIRS,n,2,,290.91,9.72,D,0,osm_relation_16765870,power_plant,,relation,16765870,5000.0,True,4778.201
firms_31e1b17ea1f62196,VIIRS_SNPP_SP,8.86662,78.15272,333.35,,0.39,0.36,2024-06-28,2019,SNPP,VIIRS,n,2,294.46,,5.42,N,0,osm_way_906827217,generic_industrial,,way,906827217,5000.0,True,1827.45
firms_320fcdb905249deb,VIIRS_SNPP_SP,8.85499,78.12962,335.5,,0.42,0.37,2024-07-07,0815,SNPP,VIIRS,n,2,300.11,,2.8,D,0,osm_way_906827219,generic_industrial,,way,906827219,5000.0,True,944.412
firms_323980e6c0162287,VIIRS_SNPP_SP,8.86248,77.94221,335.91,,0.39,0.44,2024-06-15,0827,SNPP,VIIRS,n,2,304.89,,2.07,D,0,,,,,,5000.0,False,
firms_323d7af6f9e46fd4,VIIRS_SNPP_SP,8.89582,78.04858,343.55,,0.51,0.5,2024-05-03,0834,SNPP,VIIRS,n,2,289.81,,9.13,D,0,osm_way_1432135180,power_plant,,way,1432135180,5000.0,True,1077.993
firms_32b217a4d9c0e26a,VIIRS_NOAA20_SP,8.69798,78.02782,,330.49,0.6,0.7,2025-07-09,718,NOAA-20,VIIRS,n,2,,294.42,3.12,D,0,osm_way_1442917861,power_plant,,way,1442917861,5000.0,True,3305.267
firms_32b704944f52d376,VIIRS_NOAA20_SP,8.93895,77.94827,,334.08,0.55,0.43,2024-06-29,749,NOAA-20,VIIRS,n,2,,298.98,3.96,D,0,,,,,,5000.0,False,
firms_32cfb1ccad05a8f7,VIIRS_SNPP_SP,8.71397,78.10798,347.31,,0.53,0.42,2025-06-20,0751,SNPP,VIIRS,n,2,300.92,,14.36,D,0,osm_way_906831351,generic_industrial,,way,906831351,5000.0,True,1011.275
firms_32e99929962c04f4,VIIRS_SNPP_SP,8.83707,78.03359,347.02,,0.45,0.47,2024-06-28,0743,SNPP,VIIRS,n,2,301.3,,7.41,D,0,osm_way_1432129272,power_plant,,way,1432129272,5000.0,True,53.465
firms_32f435d6559efd71,VIIRS_NOAA20_SP,8.74359,78.14539,,334.29,0.4,0.44,2024-09-15,826,NOAA-20,VIIRS,n,2,,301.55,5.2,D,3,osm_way_906831356,industrial_works,,way,906831356,5000.0,True,633.549
firms_32fe050e8362b51f,VIIRS_NOAA20_SP,8.78024,78.07276,,349.46,0.45,0.47,2024-03-16,743,NOAA-20,VIIRS,n,2,,309.22,6.77,D,0,osm_way_1073989741,generic_industrial,,way,1073989741,5000.0,True,2748.373
firms_3355027e8e901e34,VIIRS_NOAA20_SP,8.51642,78.11137,,341.54,0.46,0.47,2025-10-01,742,NOAA-20,VIIRS,n,2,,303.87,4.46,D,0,osm_way_1504375937,generic_industrial,,way,1504375937,5000.0,True,834.399
firms_33722021d13696be,VIIRS_SNPP_SP,8.76302,78.01299,331.67,,0.44,0.46,2024-03-24,0744,SNPP,VIIRS,l,2,305.57,,2.87,D,0,osm_way_823674462,generic_industrial,,way,823674462,5000.0,True,3211.208
firms_3405e6bbf05105dd,VIIRS_SNPP_SP,8.75469,78.08886,339.46,,0.52,0.42,2024-08-04,0750,SNPP,VIIRS,n,2,299.15,,4.95,D,0,osm_way_1235088522,generic_industrial,,way,1235088522,5000.0,True,3097.666
firms_3415d4ada8870424,VIIRS_SNPP_SP,8.85058,78.04687,331.31,,0.51,0.5,2024-04-17,0834,SNPP,VIIRS,n,2,280.57,,2.86,D,0,osm_way_906827221,generic_industrial,,way,906827221,5000.0,True,1181.383
firms_341e0a6cca93a6d4,VIIRS_NOAA20_SP,8.8291,77.98732,,336.29,0.38,0.58,2024-06-30,730,NOAA-20,VIIRS,n,2,,292.51,2.5,D,0,,,,,,5000.0,False,
firms_34508f069b82f8f2,VIIRS_NOAA20_SP,8.73345,78.10287,,333.67,0.32,0.55,2024-07-07,839,NOAA-20,VIIRS,n,2,,294.12,1.19,D,0,osm_way_906831352,generic_industrial,,way,906831352,5000.0,True,473.207
firms_34afd21f3004fde3,VIIRS_NOAA20_SP,8.87184,78.12942,,332.34,0.42,0.37,2024-02-22,815,NOAA-20,VIIRS,l,2,,303.24,1.86,D,0,osm_way_906827217,generic_industrial,,way,906827217,5000.0,True,977.174
firms_34c316b004453a08,VIIRS_SNPP_SP,8.60126,77.8817,337.51,,0.54,0.42,2024-07-19,0750,SNPP,VIIRS,n,2,293.61,,5.08,D,0,osm_way_1453652971,power_plant,,way,1453652971,5000.0,True,3547.944
firms_35031150ff5603e8,VIIRS_NOAA20_SP,8.85664,77.93288,,334.72,0.48,0.65,2025-02-20,723,NOAA-20,VIIRS,n,2,,301.15,1.8,D,0,,,,,,5000.0,False,
firms_351b6d358dd15d03,VIIRS_SNPP_SP,8.84835,78.13666,305.82,,0.39,0.36,2025-12-08,2024,SNPP,VIIRS,n,2,292.72,,0.51,N,0,osm_way_906827219,generic_industrial,,way,906827219,5000.0,True,1682.48
firms_357cee09f8e013c8,VIIRS_NOAA20_SP,8.82761,77.99272,,339.37,0.41,0.37,2024-09-21,813,NOAA-20,VIIRS,l,2,,310.86,3.95,D,0,osm_way_1432129272,power_plant,,way,1432129272,5000.0,True,4576.429
firms_359a02ad7c83afef,VIIRS_SNPP_SP,8.79815,78.08293,331.19,,0.49,0.41,2025-02-05,0822,SNPP,VIIRS,l,2,304.66,,1.46,D,0,osm_way_1073989741,generic_industrial,,way,1073989741,5000.0,True,549.355
firms_35d33dcaed2d823d,MODIS_SP,8.8861,78.0531,328.8,,1,1,2024-07-26,858,Aqua,MODIS,76,61.03,300.7,,8.5,D,0,osm_way_385432388,thermal_power_plant,Thoothukudi IBTPL power station,way,385432388,5000.0,True,182.968
firms_3687f38542271e0f,VIIRS_SNPP_SP,8.41414,78.06489,337.92,,0.45,0.39,2025-08-28,0758,SNPP,VIIRS,n,2,296.18,,13.21,D,3,osm_relation_15986380,thermal_power_plant,,relation,15986380,5000.0,True,2261.527
firms_3695625518fc33d8,MODIS_SP,8.9312,77.8557,317.2,,1.4,1.2,2025-10-22,420,Terra,MODIS,59,61.03,286.7,,15.5,D,0,,,,,,5000.0,False,
firms_36a3221e1f0b0f31,VIIRS_SNPP_SP,8.85255,77.96815,344.41,,0.47,0.64,2024-06-29,0724,SNPP,VIIRS,n,2,291.93,,6.25,D,0,,,,,,5000.0,False,
firms_375de3f6c4adfb7d,VIIRS_SNPP_SP,8.65752,77.92377,337.85,,0.39,0.44,2025-09-22,0830,SNPP,VIIRS,n,2,295.4,,3.91,D,0,osm_way_1032774973,mining,,way,1032774973,5000.0,True,1120.046
firms_3795095faee272b4,VIIRS_SNPP_SP,8.67968,78.08089,346.43,,0.42,0.38,2024-09-09,0815,SNPP,VIIRS,n,2,297.81,,11.35,D,0,osm_way_906831349,generic_industrial,,way,906831349,5000.0,True,2192.753
firms_38817ee6d1f58c11,VIIRS_NOAA20_SP,8.68572,78.08792,,334.26,0.39,0.44,2024-10-01,826,NOAA-20,VIIRS,n,2,,297.09,3.46,D,0,osm_way_906831350,generic_industrial,,way,906831350,5000.0,True,2071.669
firms_3883315213deb044,VIIRS_SNPP_SP,8.8541,78.05667,351.71,,0.49,0.4,2024-04-07,0822,SNPP,VIIRS,n,2,308.04,,5.77,D,0,osm_way_906827221,generic_industrial,,way,906827221,5000.0,True,92.182
firms_395e86ed8d902e58,VIIRS_SNPP_SP,8.58339,78.09617,350.76,,0.37,0.58,2025-08-24,0733,SNPP,VIIRS,n,2,297.75,,3.67,D,3,osm_way_548907979,chemical_industry,DCW,way,548907979,5000.0,True,1057.35
firms_396ea1fee29b67cb,VIIRS_NOAA20_SP,8.75372,78.1125,,331.65,0.41,0.37,2024-07-03,814,NOAA-20,VIIRS,n,2,,299.74,1.85,D,0,osm_way_1235088522,generic_industrial,,way,1235088522,5000.0,True,2039.172
firms_397916104166a1e7,VIIRS_SNPP_SP,8.87195,78.16222,347.26,,0.36,0.57,2025-07-23,0733,SNPP,VIIRS,n,2,292.29,,5.68,D,0,osm_way_906827217,generic_industrial,,way,906827217,5000.0,True,2678.985
firms_39795681df8950e1,VIIRS_SNPP_SP,8.90615,77.91679,335.99,,0.41,0.37,2024-07-23,0815,SNPP,VIIRS,l,2,306.07,,2.2,D,0,,,,,,5000.0,False,
firms_39bdf5cd02519953,VIIRS_SNPP_SP,8.86843,78.15908,335.51,,0.42,0.38,2024-07-23,0815,SNPP,VIIRS,n,2,301.88,,3.37,D,0,osm_way_906827217,generic_industrial,,way,906827217,5000.0,True,2408.683
firms_3a44d00003c91d6b,VIIRS_SNPP_SP,8.76373,77.9268,332.66,,0.37,0.58,2025-06-05,0732,SNPP,VIIRS,n,2,296.57,,4.84,D,0,osm_way_986423924,power_plant,,way,986423924,5000.0,True,3292.15
firms_3a4b15d52d2102d7,VIIRS_SNPP_SP,8.85536,78.15738,330.23,,0.4,0.45,2024-02-08,0828,SNPP,VIIRS,l,2,302.38,,3.81,D,0,osm_way_906827217,generic_industrial,,way,906827217,5000.0,True,2985.371
firms_3ac759b690f0c168,VIIRS_NOAA20_SP,8.87156,78.06556,,331.23,0.32,0.55,2024-07-07,839,NOAA-20,VIIRS,n,2,,292.71,1.76,D,0,osm_way_986411990,power_plant,Arasadi,way,986411990,5000.0,True,1824.189
firms_3ac9c5025110fa55,VIIRS_NOAA20_SP,8.86989,78.1544,,333.12,0.48,0.4,2025-10-31,820,NOAA-20,VIIRS,l,2,,303.47,4.9,D,0,osm_way_906827217,generic_industrial,,way,906827217,5000.0,True,1869.574
firms_3b15f97290e0bd42,VIIRS_NOAA20_SP,8.91425,78.1171,,336.4,0.48,0.4,2025-09-29,820,NOAA-20,VIIRS,n,2,,302.77,3.32,D,0,osm_way_906837208,generic_industrial,,way,906837208,5000.0,True,2360.747
firms_3baa2e3708ff106f,VIIRS_SNPP_SP,8.86977,78.15801,331.32,,0.39,0.36,2024-07-18,0809,SNPP,VIIRS,n,2,268.73,,3.42,D,0,osm_way_906827217,generic_industrial,,way,906827217,5000.0,True,2258.523
firms_3bafc36d1da221cb,VIIRS_NOAA20_SP,8.8526,78.11508,,331.02,0.41,0.45,2024-03-26,746,NOAA-20,VIIRS,l,2,,303.86,1.78,D,0,osm_way_906827219,generic_industrial,,way,906827219,5000.0,True,738.817
firms_3bbcd0f85b7831f3,VIIRS_SNPP_SP,8.8708,78.03234,331.26,,0.56,0.51,2024-05-06,0738,SNPP,VIIRS,n,2,300.28,,1.48,D,0,osm_way_1011035031,generic_industrial,Orange Sironj,way,1011035031,5000.0,True,1679.708
firms_3bbf4f32a7a2056f,VIIRS_NOAA20_SP,8.74426,78.07944,,338.33,0.49,0.4,2025-07-11,820,NOAA-20,VIIRS,n,2,,302.17,3.76,D,0,osm_way_906831352,generic_industrial,,way,906831352,5000.0,True,3013.202
firms_3c6f8a5be0e15320,VIIRS_NOAA20_SP,8.64094,77.88385,,336.27,0.45,0.39,2025-06-21,755,NOAA-20,VIIRS,n,2,,303.37,3.58,D,0,osm_way_1032774973,mining,,way,1032774973,5000.0,True,4958.376
firms_3c72c33f49170e77,VIIRS_SNPP_SP,8.87515,77.89116,333.04,,0.39,0.59,2025-08-20,0848,SNPP,VIIRS,n,2,301.52,,1.4,D,0,osm_way_986279192,power_plant,,way,986279192,5000.0,True,4301.212
firms_3caa2fd37c1e694e,VIIRS_SNPP_SP,8.67859,78.07047,346.51,,0.39,0.36,2025-10-09,0812,SNPP,VIIRS,n,2,282.85,,5.35,D,0,osm_way_906831349,generic_industrial,,way,906831349,5000.0,True,2883.215
firms_3cc662a5bfb4e75d,VIIRS_SNPP_SP,8.75231,78.07465,334.1,,0.52,0.42,2024-08-04,0750,SNPP,VIIRS,n,2,296.51,,3.8,D,0,osm_way_906831352,generic_industrial,,way,906831352,5000.0,True,3970.006
firms_3cdb4a053a605dcc,VIIRS_SNPP_SP,8.60453,78.0929,332.83,,0.45,0.47,2024-06-28,0743,SNPP,VIIRS,n,2,299.29,,3.63,D,0,osm_way_548907979,chemical_industry,DCW,way,548907979,5000.0,True,1314.162
firms_3d0f725760ae112e,VIIRS_NOAA20_SP,8.88994,78.08127,,331.83,0.36,0.57,2025-08-04,730,NOAA-20,VIIRS,n,2,,294.32,1.44,D,0,osm_way_657801517,mining,,way,657801517,5000.0,True,1041.443
firms_3d343b53792e2383,MODIS_SP,8.5522,77.9234,326.8,,1.4,1.2,2024-10-19,848,Aqua,MODIS,80,61.03,295.3,,18.5,D,0,osm_way_1468877017,power_plant,,way,1468877017,5000.0,True,3167.684
firms_3d69803d70b20ae3,VIIRS_SNPP_SP,8.74916,78.09986,339.43,,0.42,0.38,2024-08-24,0815,SNPP,VIIRS,n,2,293.67,,5.24,D,0,osm_way_906831352,generic_industrial,,way,906831352,5000.0,True,2221.944
firms_3d6a323fd08ac44c,VIIRS_SNPP_SP,8.6206,77.91813,305.62,,0.37,0.58,2025-09-05,1944,SNPP,VIIRS,n,2,289.3,,1.59,N,0,osm_way_1453652971,power_plant,,way,1453652971,5000.0,True,4511.386
firms_3d9def12c8314dac,VIIRS_SNPP_SP,8.82858,78.00068,346.31,,0.54,0.42,2025-07-06,0752,SNPP,VIIRS,n,2,304.63,,19.23,D,0,osm_way_1432129272,power_plant,,way,1432129272,5000.0,True,3701.362
firms_3db1d59f2d28c453,VIIRS_SNPP_SP,8.88433,78.05045,348.98,,0.4,0.44,2025-06-02,0829,SNPP,VIIRS,n,2,302.11,,9.33,D,0,osm_way_385432388,thermal_power_plant,Thoothukudi IBTPL power station,way,385432388,5000.0,True,449.201
firms_3dbccd02b20ef2f2,VIIRS_NOAA20_SP,8.8694,78.11955,,303.46,0.39,0.37,2024-01-23,2013,NOAA-20,VIIRS,n,2,,293.31,0.4,N,0,osm_way_385432381,thermal_power_plant,Thoothukudi IBPGL,way,385432381,5000.0,True,1254.397
firms_3dd3a8d1416b5d8d,VIIRS_SNPP_SP,8.85623,77.96816,343.24,,0.47,0.64,2024-06-29,0724,SNPP,VIIRS,n,2,291.15,,8.13,D,0,,,,,,5000.0,False,
firms_3dd595d33a575b2e,VIIRS_SNPP_SP,8.83792,78.12521,,332.15,0.42,0.37,2023-11-26,815,SNPP,VIIRS,n,2,,296.15,2.02,D,0,osm_way_906827219,generic_industrial,,way,906827219,5000.0,True,1564.401
firms_3de79e5988112cc4,VIIRS_SNPP_SP,8.82591,77.98145,332.84,,0.45,0.39,2025-06-25,0758,SNPP,VIIRS,n,2,295.36,,4.62,D,0,,,,,,5000.0,False,
firms_3decf40eac1fcbca,VIIRS_NOAA20_SP,8.41308,78.06178,,336.8,0.48,0.4,2025-08-28,820,NOAA-20,VIIRS,n,2,,301.09,5.91,D,0,osm_relation_15986380,thermal_power_plant,,relation,15986380,5000.0,True,2397.012
firms_3e43f3fc329d2772,VIIRS_NOAA20_SP,8.44309,77.96668,,336.68,0.41,0.37,2024-08-04,814,NOAA-20,VIIRS,n,2,,302.77,3.35,D,0,,,,,,5000.0,False,
firms_3ed79175002eb6f3,VIIRS_SNPP_SP,8.73359,78.15987,333.17,,0.42,0.61,2024-12-07,0846,SNPP,VIIRS,n,2,292.74,,0.91,D,0,osm_way_906831358,industrial_works,,way,906831358,5000.0,True,1270.13
firms_3f576c670be16a98,VIIRS_SNPP_SP,8.43506,77.96777,332.92,,0.55,0.42,2025-07-06,0751,SNPP,VIIRS,l,2,303.09,,3.71,D,0,,,,,,5000.0,False,
firms_3fad13d13cb66708,VIIRS_SNPP_SP,8.81282,78.03939,333.31,,0.45,0.47,2024-02-21,0744,SNPP,VIIRS,n,2,302.03,,3.52,D,0,osm_way_1432129272,power_plant,,way,1432129272,5000.0,True,2792.996
firms_3fcff077b004cb5c,VIIRS_NOAA20_SP,8.91448,77.93872,,337.32,0.44,0.39,2025-07-07,755,NOAA-20,VIIRS,l,2,,308.12,4.32,D,0,,,,,,5000.0,False,
firms_403d85cf6ebdf6fe,VIIRS_NOAA20_SP,8.67576,77.99248,,332.54,0.45,0.47,2025-07-29,743,NOAA-20,VIIRS,l,2,,302.64,2.14,D,0,,,,,,5000.0,False,
firms_4042ffd8158013da,VIIRS_SNPP_SP,8.59543,78.11591,334.45,,0.47,0.64,2025-04-13,0725,SNPP,VIIRS,n,2,294.19,,3.56,D,0,osm_way_548907979,chemical_industry,DCW,way,548907979,5000.0,True,2268.177
firms_4099f2f57dfbff94,VIIRS_NOAA20_SP,8.94422,78.03602,,337.31,0.44,0.38,2025-07-07,755,NOAA-20,VIIRS,n,2,,305.93,4.55,D,0,osm_way_1516453091,mining,,way,1516453091,5000.0,True,2513.82
firms_40a054379a33c6cc,VIIRS_NOAA20_SP,8.8452,78.12122,,306.29,0.5,0.49,2024-09-16,2043,NOAA-20,VIIRS,n,2,,293.51,0.53,N,0,osm_way_906827219,generic_industrial,,way,906827219,5000.0,True,713.72
firms_40b07735794756cd,VIIRS_SNPP_SP,8.84603,77.95149,334.81,,0.46,0.47,2025-09-03,0746,SNPP,VIIRS,n,2,299.81,,2.34,D,0,,,,,,5000.0,False,
firms_40f64e9368b1a8f3,VIIRS_SNPP_SP,8.62145,77.88059,353.09,,0.38,0.36,2024-08-03,0809,SNPP,VIIRS,n,2,305.87,,5.88,D,0,,,,,,5000.0,False,
firms_412469836bd53ea2,VIIRS_SNPP_SP,8.58768,78.07157,343.22,,0.39,0.44,2025-09-06,0830,SNPP,VIIRS,n,2,299.25,,6.06,D,0,osm_way_548907979,chemical_industry,DCW,way,548907979,5000.0,True,2692.895
firms_4129cc7386569a20,VIIRS_SNPP_SP,8.68924,78.09833,,341.58,0.45,0.39,2023-10-26,756,SNPP,VIIRS,n,2,,297.53,8.04,D,0,osm_way_906831350,generic_industrial,,way,906831350,5000.0,True,1672.003
firms_4130c7a065d77540,MODIS_SP,8.7903,77.9926,331.2,,1.2,1.1,2024-05-07,430,Terra,MODIS,79,61.03,307.2,,17.2,D,0,osm_relation_16765870,power_plant,,relation,16765870,5000.0,True,3024.403
firms_41452f84c5210bf5,VIIRS_NOAA20_SP,8.85385,77.91656,,333.89,0.46,0.47,2024-07-10,743,NOAA-20,VIIRS,n,2,,299.58,1.56,D,0,,,,,,5000.0,False,
firms_425a2c93e538166e,VIIRS_NOAA20_SP,8.78374,77.98617,,350.62,0.38,0.36,2024-06-28,808,NOAA-20,VIIRS,n,2,,311.65,8.07,D,0,osm_relation_16765870,power_plant,,relation,16765870,5000.0,True,2081.76
firms_432fbfbabe4127bf,VIIRS_SNPP_SP,8.86715,78.15303,332.94,,0.52,0.41,2024-09-05,0750,SNPP,VIIRS,n,2,297.71,,4.62,D,0,osm_way_906827217,generic_industrial,,way,906827217,5000.0,True,1831.976
firms_4370fef827ab4a6a,VIIRS_NOAA20_SP,8.76014,78.18094,,312.89,0.42,0.38,2025-08-19,2025,NOAA-20,VIIRS,n,2,,294.26,1.56,N,0,osm_relation_9212425,generic_industrial,,relation,9212425,5000.0,True,483.021
firms_437e8a6e6b2abdd8,VIIRS_SNPP_SP,8.67996,78.08682,367,,0.5,0.49,2025-07-09,0835,SNPP,VIIRS,h,2,299.93,,12.23,D,0,osm_way_906831349,generic_industrial,,way,906831349,5000.0,True,1963.777
firms_43869f1783458c96,VIIRS_NOAA20_SP,8.89298,78.04057,,331.76,0.46,0.47,2024-04-05,743,NOAA-20,VIIRS,l,2,,302.57,2.27,D,0,osm_way_1432135180,power_plant,,way,1432135180,5000.0,True,1619.752
firms_43acd1109d7be281,VIIRS_SNPP_SP,8.82181,78.00318,341.52,,0.41,0.37,2025-07-10,0817,SNPP,VIIRS,n,2,309.85,,9.41,D,0,osm_way_1432129272,power_plant,,way,1432129272,5000.0,True,3716.935
firms_44310f3ce494fc2e,VIIRS_NOAA20_SP,8.58754,78.12855,,344.3,0.39,0.44,2024-03-19,827,NOAA-20,VIIRS,n,2,,309.41,7.05,D,0,osm_way_548907979,chemical_industry,DCW,way,548907979,5000.0,True,3690.95
firms_44b66dba246d6db2,VIIRS_SNPP_SP,8.6448,77.88808,338.86,,0.39,0.44,2024-08-02,0828,SNPP,VIIRS,n,2,292.03,,3.17,D,0,osm_way_1032774973,mining,,way,1032774973,5000.0,True,4331.843
firms_44fe2536260b14fa,VIIRS_SNPP_SP,8.58278,78.09279,333.89,,0.37,0.58,2025-08-24,0733,SNPP,VIIRS,n,2,297.69,,3.67,D,0,osm_way_548907979,chemical_industry,DCW,way,548907979,5000.0,True,1159.754
firms_4514a6364da60585,VIIRS_SNPP_SP,8.76622,77.96078,337.36,,0.54,0.42,2025-07-06,0752,SNPP,VIIRS,n,2,303.2,,3.6,D,0,osm_way_986423924,power_plant,,way,986423924,5000.0,True,489.485
firms_457873adc92eb122,VIIRS_NOAA20_SP,8.66053,78.0372,,299.52,0.42,0.38,2025-08-03,2025,NOAA-20,VIIRS,n,2,,273.38,0.2,N,0,,,,,,5000.0,False,
firms_45b3d07ee19fbe4f,VIIRS_SNPP_SP,8.66399,77.85104,332.54,,0.41,0.37,2024-07-07,0815,SNPP,VIIRS,n,2,301,,2.59,D,0,,,,,,5000.0,False,
firms_45ba0ce74d8e9d2a,VIIRS_SNPP_SP,8.45226,78.05925,,335.5,0.41,0.37,2023-10-09,815,SNPP,VIIRS,n,2,,298.15,1.39,D,0,osm_relation_15986380,thermal_power_plant,,relation,15986380,5000.0,True,2038.343
firms_460fc2d051862b86,VIIRS_NOAA20_SP,8.65828,78.11434,,333.53,0.58,0.52,2024-12-28,735,NOAA-20,VIIRS,n,2,,293.5,6.71,D,3,osm_way_906831349,generic_industrial,,way,906831349,5000.0,True,2584.658
firms_4622dee673f80ce5,VIIRS_SNPP_SP,8.87033,78.15429,340.99,,0.52,0.41,2024-09-05,0750,SNPP,VIIRS,n,2,296.49,,6.04,D,0,osm_way_906827217,generic_industrial,,way,906827217,5000.0,True,1845.911
firms_4643bd5cc0bf6142,VIIRS_NOAA20_SP,8.86921,77.97758,,334.96,0.32,0.55,2024-07-23,839,NOAA-20,VIIRS,n,2,,299.68,1.88,D,0,,,,,,5000.0,False,
firms_4671e28fd627124a,VIIRS_NOAA20_SP,8.48139,77.94589,,335.2,0.46,0.47,2025-06-27,742,NOAA-20,VIIRS,n,2,,299.44,2.22,D,0,,,,,,5000.0,False,
firms_46b0b501e99ce843,VIIRS_SNPP_SP,8.76565,77.91374,367,,0.4,0.6,2024-06-30,0846,SNPP,VIIRS,h,2,293.4,,24.47,D,0,osm_way_986423924,power_plant,,way,986423924,5000.0,True,4707.953
firms_46e09eb5c8a3316a,VIIRS_SNPP_SP,8.8241,78.0379,334.31,,0.55,0.51,2024-08-10,0737,SNPP,VIIRS,n,2,290.96,,8.02,D,0,osm_way_1432129272,power_plant,,way,1432129272,5000.0,True,1550.311
firms_46ee991c3075baa8,VIIRS_NOAA20_SP,8.7538,77.96093,,330.77,0.48,0.4,2025-06-09,820,NOAA-20,VIIRS,n,2,,295.36,3.54,D,0,osm_way_986423924,power_plant,,way,986423924,5000.0,True,1581.535
firms_479f07ee0097b179,VIIRS_SNPP_SP,8.7598,78.18208,332.41,,0.33,0.55,2025-07-14,0842,SNPP,VIIRS,n,2,295.94,,2.49,D,0,osm_relation_9212425,generic_industrial,,relation,9212425,5000.0,True,410.355
firms_47b7240b99ee7b99,VIIRS_SNPP_SP,8.74451,77.89847,330.73,,0.41,0.61,2024-04-27,0847,SNPP,VIIRS,n,2,286.92,,3.9,D,0,,,,,,5000.0,False,
firms_47de798c40c4eff5,VIIRS_SNPP_SP,8.51441,77.93159,348.08,,0.38,0.59,2025-08-24,0733,SNPP,VIIRS,n,2,302.11,,5.95,D,0,osm_way_1468877017,power_plant,,way,1468877017,5000.0,True,4662.785
firms_47f99586d0ce3c57,VIIRS_SNPP_SP,8.88998,78.07737,338.53,,0.39,0.36,2024-09-04,0809,SNPP,VIIRS,n,2,299.02,,5.04,D,0,osm_way_657801517,mining,,way,657801517,5000.0,True,625.836
firms_486beec03e0ac8ea,VIIRS_NOAA20_SP,8.78947,78.01805,,348.52,0.45,0.39,2025-06-21,755,NOAA-20,VIIRS,n,2,,304.34,6.47,D,0,osm_relation_16765870,power_plant,,relation,16765870,5000.0,True,4907.489
firms_4891101f38e983c9,VIIRS_SNPP_SP,8.94114,77.94877,336.71,,0.47,0.64,2024-06-29,0724,SNPP,VIIRS,n,2,291.66,,6.83,D,0,,,,,,5000.0,False,
firms_48cdccf9a467660d,VIIRS_NOAA20_SP,8.90349,78.14454,,308.86,0.45,0.47,2025-09-27,1953,NOAA-20,VIIRS,n,2,,291.74,2.35,N,0,osm_way_733764035,thermal_power_plant,Mutiara Thermal Power Plant,way,733764035,5000.0,True,1051.047
firms_4905e51a7d35eb30,VIIRS_SNPP_SP,8.5996,78.09351,333.22,,0.53,0.42,2025-07-06,0751,SNPP,VIIRS,n,2,297.46,,5.03,D,0,osm_way_548907979,chemical_industry,DCW,way,548907979,5000.0,True,768.903
firms_49bc19a04b143071,VIIRS_SNPP_SP,8.84506,77.90644,340.84,,0.45,0.39,2025-02-17,0757,SNPP,VIIRS,l,2,314.88,,16.47,D,0,,,,,,5000.0,False,
firms_4a0c1ccf0cf55f20,VIIRS_SNPP_SP,8.78485,77.98743,349.71,,0.45,0.47,2024-06-28,0743,SNPP,VIIRS,n,2,304.4,,14.33,D,0,osm_relation_16765870,power_plant,,relation,16765870,5000.0,True,2243.475
firms_4a3a88224205896d,VIIRS_SNPP_SP,8.45009,78.01909,333.35,,0.55,0.43,2025-08-23,0752,SNPP,VIIRS,n,2,297.47,,3.02,D,0,,,,,,5000.0,False,
firms_4abcf4295cc59f67,VIIRS_SNPP_SP,8.82099,77.97897,333.43,,0.38,0.36,2024-07-02,0808,SNPP,VIIRS,n,2,293.21,,2.9,D,0,,,,,,5000.0,False,
firms_4ae2a3caf8f2ca69,VIIRS_NOAA20_SP,8.57985,78.02356,,344.14,0.48,0.4,2025-06-09,820,NOAA-20,VIIRS,n,2,,299.03,5,D,0,,,,,,5000.0,False,
firms_4af537e2f92f7a3b,VIIRS_SNPP_SP,8.7951,78.01656,340.37,,0.36,0.58,2025-06-21,0733,SNPP,VIIRS,n,2,299.3,,2.54,D,0,,,,,,5000.0,False,
firms_4b31f707b6a49f6b,VIIRS_SNPP_SP,8.8949,77.88992,347.83,,0.41,0.37,2025-06-24,0817,SNPP,VIIRS,n,2,306.74,,4.15,D,0,osm_way_986279192,power_plant,,way,986279192,5000.0,True,4422.685
firms_4b8303f86ea81ba6,VIIRS_NOAA20_SP,8.61954,78.00305,,305.02,0.33,0.55,2025-07-06,2050,NOAA-20,VIIRS,n,2,,288.09,1.04,N,0,,,,,,5000.0,False,
firms_4ba916e62cd6f0b7,VIIRS_NOAA20_SP,8.82926,78.05376,,348.4,0.42,0.38,2025-07-06,814,NOAA-20,VIIRS,n,2,,302.95,4.8,D,0,osm_way_1432129272,power_plant,,way,1432129272,5000.0,True,2434.098
firms_4ba985466fb310ab,VIIRS_SNPP_SP,8.86909,78.15705,333.93,,0.39,0.36,2024-06-11,0802,SNPP,VIIRS,l,2,305.32,,3.19,D,0,osm_way_906827217,generic_industrial,,way,906827217,5000.0,True,2174.039
firms_4bdcb1a9982891fb,MODIS_SP,8.4757,77.8845,310.5,,1.5,1.2,2025-10-22,420,Terra,MODIS,64,61.03,287.6,,7.1,D,0,,,,,,5000.0,False,
firms_4c1636d3a4ab3545,MODIS_SP,8.8654,78.1536,321.5,,1,1,2024-01-16,847,Aqua,MODIS,55,61.03,304.2,,10.6,D,0,osm_way_906827217,generic_industrial,,way,906827217,5000.0,True,1976.943
firms_4c2312af64af9eef,VIIRS_NOAA20_SP,8.72503,77.96919,,332.61,0.38,0.58,2024-09-02,730,NOAA-20,VIIRS,n,2,,294.94,2.82,D,0,osm_relation_16765870,power_plant,,relation,16765870,5000.0,True,4676.941
firms_4c2b727b6f0805a8,VIIRS_NOAA20_SP,8.85472,78.09538,,333.92,0.53,0.42,2024-04-10,750,NOAA-20,VIIRS,n,2,,302.29,3.97,D,0,osm_way_1431653737,generic_industrial,Vinfast Auto,way,1431653737,5000.0,True,1620.277
firms_4cba4fa69ee25204,VIIRS_SNPP_SP,8.75745,78.06219,333.24,,0.36,0.58,2025-04-18,0732,SNPP,VIIRS,n,2,295.43,,2.68,D,0,osm_way_823674462,generic_industrial,,way,823674462,5000.0,True,4011.556
firms_4cd40462b17a261e,VIIRS_NOAA20_SP,8.46173,77.98435,,343.62,0.63,0.54,2025-05-23,838,NOAA-20,VIIRS,n,2,,295.16,7.93,D,0,,,,,,5000.0,False,
firms_4da5ee85fe643ea8,VIIRS_SNPP_SP,8.63263,78.02426,,340.47,0.54,0.42,2023-10-05,750,SNPP,VIIRS,n,2,,295.97,7.28,D,0,,,,,,5000.0,False,
firms_4deca5d2f6eba799,VIIRS_NOAA20_SP,8.85596,77.95853,,338.2,0.45,0.39,2025-06-21,755,NOAA-20,VIIRS,n,2,,303.35,3.03,D,0,,,,,,5000.0,False,
firms_4e5aa461fd241bc0,VIIRS_SNPP_SP,8.42725,77.89819,335.28,,0.4,0.37,2024-06-21,0814,SNPP,VIIRS,n,2,299.06,,2.74,D,0,,,,,,5000.0,False,
firms_4ee644ea41e73665,VIIRS_NOAA20_SP,8.79862,78.00446,,351.97,0.61,0.71,2025-06-07,717,NOAA-20,VIIRS,n,2,,297.52,6.98,D,0,osm_relation_16765870,power_plant,,relation,16765870,5000.0,True,4495.27
firms_4f091ae90c870fda,MODIS_SP,8.69,77.9934,321.7,,1.3,1.1,2025-06-12,426,Terra,MODIS,73,61.03,299.6,,9.2,D,0,,,,,,5000.0,False,
firms_4f0a1d7d913cbc10,VIIRS_NOAA20_SP,8.86798,78.15832,,342.32,0.42,0.61,2025-03-09,844,NOAA-20,VIIRS,n,2,,304.29,6.28,D,0,osm_way_906827217,generic_industrial,,way,906827217,5000.0,True,2342.41
firms_4f4b17e8d6fdbeb0,VIIRS_SNPP_SP,8.83747,78.04829,332.88,,0.52,0.67,2024-07-05,0852,SNPP,VIIRS,n,2,292.86,,3.21,D,0,osm_way_1432129272,power_plant,,way,1432129272,5000.0,True,1664.122
firms_4f53df30adcfc322,VIIRS_SNPP_SP,8.68914,77.92932,331,,0.45,0.47,2025-02-07,0744,SNPP,VIIRS,l,2,302.88,,3.21,D,0,osm_way_1032774973,mining,,way,1032774973,5000.0,True,2627.064
firms_4f82eb5dc59f01a0,VIIRS_SNPP_SP,8.86704,78.15621,350.49,,0.4,0.45,2025-05-01,0828,SNPP,VIIRS,n,2,302.53,,8.33,D,0,osm_way_906827217,generic_industrial,,way,906827217,5000.0,True,2157.862
firms_4f8af872a5718d9d,VIIRS_NOAA20_SP,8.77415,77.95968,,332.39,0.37,0.58,2025-07-03,730,NOAA-20,VIIRS,n,2,,296.42,1.35,D,0,osm_way_986423924,power_plant,,way,986423924,5000.0,True,824.711
firms_4ffec27ec0fbda12,VIIRS_SNPP_SP,8.78323,77.9415,339.95,,0.54,0.42,2024-07-03,0749,SNPP,VIIRS,n,2,302.45,,9.85,D,0,osm_way_986423924,power_plant,,way,986423924,5000.0,True,2405.395
firms_5086865125d84fc7,VIIRS_NOAA20_SP,8.86849,78.16216,,340.91,0.42,0.61,2025-03-09,844,NOAA-20,VIIRS,n,2,,301.88,5.93,D,0,osm_way_906827217,generic_industrial,,way,906827217,5000.0,True,2735.181
firms_509459702bb1999d,VIIRS_SNPP_SP,8.53323,78.12489,335.11,,0.4,0.37,2024-03-07,0802,SNPP,VIIRS,l,2,302.51,,3.85,D,3,osm_way_1504375937,generic_industrial,,way,1504375937,5000.0,True,2271.239
firms_50c66ac05c9a158c,VIIRS_SNPP_SP,8.75362,77.96954,330.49,,0.52,0.67,2024-07-05,0852,SNPP,VIIRS,n,2,292.18,,3.99,D,0,osm_relation_16765870,power_plant,,relation,16765870,5000.0,True,1796.913
firms_50d4a8695168352c,VIIRS_NOAA20_SP,8.65339,77.96686,,334.67,0.38,0.36,2023-10-12,809,NOAA-20,VIIRS,n,2,,295.38,2.08,D,0,osm_way_1268305324,power_plant,,way,1268305324,5000.0,True,2658.456
firms_5121ce948fd7c23a,VIIRS_SNPP_SP,8.90226,77.86365,332.77,,0.47,0.4,2024-11-01,0820,SNPP,VIIRS,n,2,297.62,,4.54,D,0,osm_way_986279192,power_plant,,way,986279192,5000.0,True,2708.635
firms_512f7080f6e885c3,VIIRS_NOAA20_SP,8.77899,78.02258,,339.4,0.42,0.37,2025-07-06,814,NOAA-20,VIIRS,n,2,,304.55,2.45,D,0,osm_way_823674462,generic_industrial,,way,823674462,5000.0,True,4428.495
firms_516c47e03122d78a,VIIRS_NOAA20_SP,8.73001,77.96002,,367,0.62,0.71,2025-06-07,717,NOAA-20,VIIRS,h,2,,297.32,13.94,D,0,osm_way_986423924,power_plant,,way,986423924,5000.0,True,4153.635
firms_51874df3cf77d487,VIIRS_SNPP_SP,8.65525,78.03093,330.37,,0.39,0.36,2025-12-23,0807,SNPP,VIIRS,n,2,300.63,,1.04,D,0,,,,,,5000.0,False,
firms_5260c4c30cee492b,VIIRS_NOAA20_SP,8.73273,78.10112,,326.43,0.57,0.52,2025-09-22,1947,NOAA-20,VIIRS,n,2,,287.76,3.01,N,0,osm_way_906831352,generic_industrial,,way,906831352,5000.0,True,408.946
firms_5275a3f68d60b812,VIIRS_NOAA20_SP,8.83755,78.13942,,336.69,0.42,0.61,2024-03-18,846,NOAA-20,VIIRS,n,2,,301.48,2.13,D,0,osm_way_906827219,generic_industrial,,way,906827219,5000.0,True,2492.978
firms_5297ddab993cc6d5,VIIRS_SNPP_SP,8.61419,77.9221,351.32,,0.38,0.58,2025-09-09,0733,SNPP,VIIRS,n,2,291.74,,5.47,D,0,osm_way_1453652971,power_plant,,way,1453652971,5000.0,True,3995.579
firms_52a073c96b183b49,MODIS_SP,8.8711,77.853,322.1,,1.4,1.2,2025-10-22,420,Terra,MODIS,74,61.03,286.8,,23.2,D,0,osm_way_986279192,power_plant,,way,986279192,5000.0,True,1037.524
firms_5321bfa15fbda7a0,VIIRS_NOAA20_SP,8.868,78.15527,,340.84,0.42,0.37,2024-09-05,814,NOAA-20,VIIRS,n,2,,301.1,15.36,D,0,osm_way_906827217,generic_industrial,,way,906827217,5000.0,True,2023.522
firms_5360eb3ff4fbd014,VIIRS_NOAA20_SP,8.55591,78.12692,,330.74,0.32,0.55,2024-10-27,838,NOAA-20,VIIRS,n,2,,291.21,2.58,D,0,osm_way_1504375937,generic_industrial,,way,1504375937,5000.0,True,4758.337
firms_536df43f992ee754,VIIRS_SNPP_SP,8.84147,77.94164,349.65,,0.4,0.37,2025-06-30,0804,SNPP,VIIRS,n,2,310.35,,8.35,D,0,,,,,,5000.0,False,
firms_5390d2c9c13969e9,VIIRS_NOAA20_SP,8.84389,78.08848,,347.06,0.53,0.42,2024-07-31,749,NOAA-20,VIIRS,n,2,,301.66,9,D,0,osm_way_1003158311,power_plant,,way,1003158311,5000.0,True,567.715
firms_53b418555e6ef2af,VIIRS_SNPP_SP,8.87045,78.15775,329.19,,0.58,0.69,2024-01-16,0719,SNPP,VIIRS,n,2,297.24,,2.5,D,0,osm_way_906827217,generic_industrial,,way,906827217,5000.0,True,2215.208
firms_53de148c9940abc2,VIIRS_SNPP_SP,8.73622,77.95785,339.57,,0.5,0.49,2025-06-07,0835,SNPP,VIIRS,n,2,304.47,,6.25,D,0,osm_way_986423924,power_plant,,way,986423924,5000.0,True,3451.868
firms_53e5b9f42c76f4a3,VIIRS_NOAA20_SP,8.41894,78.03197,,305.53,0.45,0.39,2024-09-18,2005,NOAA-20,VIIRS,n,2,,293.97,0.55,N,0,osm_relation_15986380,thermal_power_plant,,relation,15986380,5000.0,True,3977.531
firms_53ea01bdb02c43e8,VIIRS_NOAA20_SP,8.94162,77.94334,,337.9,0.33,0.55,2025-07-10,839,NOAA-20,VIIRS,n,2,,298.79,0.91,D,0,,,,,,5000.0,False,
firms_548a314714a5a6ea,VIIRS_NOAA20_SP,8.84455,77.97053,,342.81,0.45,0.47,2025-06-27,742,NOAA-20,VIIRS,n,2,,301.84,4.14,D,0,,,,,,5000.0,False,
firms_54c02cb6f1677ab8,VIIRS_SNPP_SP,8.8183,78.03969,331.26,,0.33,0.55,2024-05-08,0840,SNPP,VIIRS,n,2,279.95,,2.17,D,0,osm_way_1432129272,power_plant,,way,1432129272,5000.0,True,2220.866
firms_5568194865bf39c7,VIIRS_NOAA20_SP,8.94475,77.92937,,347.38,0.47,0.4,2024-03-14,821,NOAA-20,VIIRS,n,2,,313.47,9.08,D,0,,,,,,5000.0,False,
firms_5588b4b770c791fd,VIIRS_SNPP_SP,8.73277,77.95296,347.15,,0.45,0.39,2025-07-11,0758,SNPP,VIIRS,n,2,305.59,,5.61,D,0,osm_way_986423924,power_plant,,way,986423924,5000.0,True,3849.88
firms_55a2cbf66f06339a,VIIRS_SNPP_SP,8.66114,78.11359,,342.94,0.5,0.49,2023-10-08,834,SNPP,VIIRS,n,2,,295.12,8.36,D,0,osm_way_906831349,generic_industrial,,way,906831349,5000.0,True,2460.546
firms_55a944ef952e70c7,VIIRS_SNPP_SP,8.59104,77.97832,347.64,,0.45,0.39,2025-08-28,0758,SNPP,VIIRS,n,2,298.37,,7.93,D,0,,,,,,5000.0,False,
firms_55d16bc2bb892cda,VIIRS_SNPP_SP,8.62477,77.88008,343.09,,0.38,0.36,2024-08-03,0809,SNPP,VIIRS,n,2,305.14,,5.88,D,0,,,,,,5000.0,False,
firms_55d36ba643509dc9,VIIRS_NOAA20_SP,8.56822,78.13171,,335.76,0.39,0.36,2024-03-04,809,NOAA-20,VIIRS,l,2,,306.93,3.29,D,0,osm_way_548907979,chemical_industry,DCW,way,548907979,5000.0,True,4836.282
firms_55e1177ee5a5cc48,VIIRS_NOAA20_SP,8.7864,78.06869,,332.04,0.4,0.44,2023-10-11,827,NOAA-20,VIIRS,n,2,,297.02,3.25,D,0,osm_way_1073989741,generic_industrial,,way,1073989741,5000.0,True,2395.241
firms_55e35c1fc4f928e9,VIIRS_SNPP_SP,8.57617,77.977,338.14,,0.48,0.4,2024-09-14,0821,SNPP,VIIRS,n,2,302.43,,4.15,D,0,osm_way_1468877017,power_plant,,way,1468877017,5000.0,True,3881.572
firms_55ed083be8bf4481,VIIRS_SNPP_SP,8.85261,77.98675,339.3,,0.4,0.37,2025-06-14,0804,SNPP,VIIRS,n,2,300.13,,3.53,D,0,osm_way_1011035031,generic_industrial,Orange Sironj,way,1011035031,5000.0,True,4868.618
firms_56207942ba068865,VIIRS_SNPP_SP,8.82988,78.00266,341.18,,0.54,0.42,2025-07-06,0752,SNPP,VIIRS,n,2,303.7,,6.94,D,0,osm_way_1432129272,power_plant,,way,1432129272,5000.0,True,3454.57
firms_563127cb6e4a9e30,VIIRS_SNPP_SP,8.93655,78.08627,349.08,,0.44,0.38,2024-05-05,0757,SNPP,VIIRS,n,2,307.08,,7.12,D,0,osm_way_1432135179,power_plant,,way,1432135179,5000.0,True,4388.734
firms_5642ea61747296ab,VIIRS_SNPP_SP,8.65075,78.10001,340.08,,0.44,0.46,2025-10-05,0747,SNPP,VIIRS,n,2,296.65,,6.21,D,0,osm_way_906831348,generic_industrial,,way,906831348,5000.0,True,1429.184
firms_569a2df33edd311a,VIIRS_NOAA20_SP,8.59704,77.88096,,340.72,0.41,0.37,2024-07-19,814,NOAA-20,VIIRS,n,2,,297.49,3.59,D,0,osm_way_1453652971,power_plant,,way,1453652971,5000.0,True,3348.167
firms_56cc96bd9c2c760e,VIIRS_NOAA20_SP,8.83162,77.98257,,331.18,0.38,0.58,2024-06-30,730,NOAA-20,VIIRS,n,2,,293.54,3.2,D,0,,,,,,5000.0,False,
firms_56d30c2da537a544,VIIRS_NOAA20_SP,8.35018,77.90517,,332.82,0.62,0.54,2024-07-07,839,NOAA-20,VIIRS,n,2,,294.84,4.6,D,0,,,,,,5000.0,False,
firms_56e5f0b9c3691b2c,VIIRS_SNPP_SP,8.85493,78.10178,333.89,,0.51,0.49,2025-09-27,0837,SNPP,VIIRS,n,2,296.65,,1.44,D,0,osm_way_385432381,thermal_power_plant,Thoothukudi IBPGL,way,385432381,5000.0,True,1444.618
firms_57081e737372c43e,VIIRS_SNPP_SP,8.71128,78.11185,367,,0.32,0.54,2025-08-31,0842,SNPP,VIIRS,h,2,295.21,,7.43,D,0,osm_way_906831351,generic_industrial,,way,906831351,5000.0,True,1461.078
firms_571e8bb928406b38,VIIRS_SNPP_SP,8.55334,78.12527,335.2,,0.41,0.37,2024-10-27,0814,SNPP,VIIRS,n,2,289.95,,2.55,D,0,osm_way_1504375937,generic_industrial,,way,1504375937,5000.0,True,4445.687
firms_5733dbf7f494fc33,MODIS_SP,8.839,77.9914,309.7,,1.4,1.2,2025-09-03,1543,Terra,MODIS,78,61.03,292.2,,10.4,N,0,osm_way_1432129272,power_plant,,way,1432129272,5000.0,True,4598.098
firms_5776649c216d9a86,VIIRS_NOAA20_SP,8.8398,77.90871,,351.41,0.48,0.4,2025-02-17,820,NOAA-20,VIIRS,n,2,,314.96,11.12,D,0,,,,,,5000.0,False,
firms_578688ca45a8bf95,VIIRS_SNPP_SP,8.8781,77.98127,341.04,,0.54,0.42,2024-06-17,0749,SNPP,VIIRS,n,2,301.91,,6.99,D,0,osm_way_1516453096,mining,,way,1516453096,5000.0,True,4239.303
firms_5799305b267bbd7e,VIIRS_NOAA20_SP,8.86884,78.15791,,310.74,0.41,0.37,2025-04-13,2023,NOAA-20,VIIRS,n,2,,294.8,1.94,N,0,osm_way_906827217,generic_industrial,,way,906827217,5000.0,True,2272.577
firms_57c075cbf52c2159,VIIRS_SNPP_SP,8.80247,77.94705,334.11,,0.44,0.46,2024-04-25,0744,SNPP,VIIRS,n,2,303.33,,0.88,D,0,osm_way_986423924,power_plant,,way,986423924,5000.0,True,4015.356
firms_57e24a48d6a142ef,VIIRS_SNPP_SP,8.76741,78.07244,334.2,,0.49,0.4,2024-04-07,0822,SNPP,VIIRS,l,2,305.34,,4.69,D,0,osm_way_1073989741,generic_industrial,,way,1073989741,5000.0,True,4101.267
firms_5848dd19e17794ea,VIIRS_NOAA20_SP,8.79417,77.91589,,343.19,0.37,0.58,2025-08-20,730,NOAA-20,VIIRS,n,2,,301.99,1.25,D,0,,,,,,5000.0,False,
firms_58dc7f5d2f966be9,VIIRS_SNPP_SP,8.85095,78.13563,297.43,,0.38,0.36,2025-08-18,2021,SNPP,VIIRS,n,2,272.57,,0.74,N,0,osm_way_906827219,generic_industrial,,way,906827219,5000.0,True,1531.378
firms_5920ae8ee33e7e60,VIIRS_NOAA20_SP,8.73771,78.10518,,311.14,0.54,0.42,2024-09-13,1959,NOAA-20,VIIRS,n,2,,291.4,2.77,N,0,osm_way_906831352,generic_industrial,,way,906831352,5000.0,True,992.82
firms_59972cae3d0c1952,VIIRS_NOAA20_SP,8.77358,77.95638,,333.62,0.37,0.58,2025-07-03,730,NOAA-20,VIIRS,n,2,,295.8,1.35,D,0,osm_way_986423924,power_plant,,way,986423924,5000.0,True,683.5
firms_599c61989c263dde,VIIRS_SNPP_SP,8.86178,77.9487,344.3,,0.44,0.46,2024-04-09,0744,SNPP,VIIRS,n,2,303.6,,5.37,D,0,,,,,,5000.0,False,
firms_59aae9df6da75477,VIIRS_SNPP_SP,8.85466,77.92381,335.72,,0.38,0.36,2025-06-19,0810,SNPP,VIIRS,n,2,288.15,,1.65,D,0,,,,,,5000.0,False,
firms_5a160478a5598824,VIIRS_NOAA20_SP,8.5376,78.08261,,347.53,0.52,0.67,2024-09-19,851,NOAA-20,VIIRS,n,2,,293.29,5.78,D,0,osm_way_1504375937,generic_industrial,,way,1504375937,5000.0,True,4747.859
firms_5a25dabff858dc68,VIIRS_SNPP_SP,8.81605,78.03962,330.19,,0.33,0.55,2024-05-08,0840,SNPP,VIIRS,n,2,280.52,,2.49,D,0,osm_way_1432129272,power_plant,,way,1432129272,5000.0,True,2455.433
firms_5b43dd4b3fd434bd,VIIRS_NOAA20_SP,8.89244,78.14487,,341,0.39,0.36,2025-08-02,808,NOAA-20,VIIRS,n,2,,292.32,3.1,D,0,osm_way_906390049,generic_industrial,,way,906390049,5000.0,True,1189.594
firms_5b49c9536d1d5880,VIIRS_SNPP_SP,8.66928,77.99203,304.98,,0.4,0.37,2025-11-01,2017,SNPP,VIIRS,n,2,292.95,,0.58,N,0,,,,,,5000.0,False,
firms_5b4d38a86eb12a75,MODIS_SP,8.7782,78.1905,315.8,,1,1,2025-05-02,918,Aqua,MODIS,65,61.03,304.2,,8,D,3,osm_way_906827207,industrial_works,,way,906827207,5000.0,True,1395.357
firms_5b7ab3ca082768a4,VIIRS_SNPP_SP,8.62041,77.92212,333.95,,0.77,0.77,2025-09-26,0715,SNPP,VIIRS,n,2,282.41,,6.28,D,0,osm_way_1453652971,power_plant,,way,1453652971,5000.0,True,4630.59
firms_5b9e2f1b034e7799,VIIRS_NOAA20_SP,8.69627,77.96055,,347.62,0.41,0.37,2024-07-19,814,NOAA-20,VIIRS,n,2,,303.91,12.19,D,0,osm_relation_17415628,power_plant,,relation,17415628,5000.0,True,4285.944
firms_5be3d244e71d55de,VIIRS_SNPP_SP,8.73119,77.99432,337.93,,0.32,0.55,2024-04-06,0840,SNPP,VIIRS,l,2,308.68,,2.98,D,0,osm_way_1442917861,power_plant,,way,1442917861,5000.0,True,3647.452
firms_5c1fc3232e50f01d,VIIRS_NOAA20_SP,8.89931,78.08942,,338.76,0.39,0.36,2024-04-25,810,NOAA-20,VIIRS,l,2,,311.27,4.99,D,0,osm_way_906837208,generic_industrial,,way,906837208,5000.0,True,2252.168
firms_5c21fdeccef5c970,VIIRS_NOAA20_SP,8.57322,77.97078,,334.48,0.46,0.47,2024-07-10,743,NOAA-20,VIIRS,n,2,,297.67,2.71,D,0,osm_way_1468877017,power_plant,,way,1468877017,5000.0,True,3177.943
firms_5c582f5b62e9256c,VIIRS_SNPP_SP,8.65301,78.09571,332.98,,0.36,0.57,2025-06-21,0733,SNPP,VIIRS,n,2,297.82,,3.7,D,0,osm_way_906831348,generic_industrial,,way,906831348,5000.0,True,922.388
firms_5c7fb070e1f059f5,VIIRS_SNPP_SP,8.73878,78.08302,337.79,,0.42,0.37,2025-09-28,0818,SNPP,VIIRS,n,2,304.42,,5.74,D,0,osm_way_906831352,generic_industrial,,way,906831352,5000.0,True,2367.627
firms_5c8cde2bd6809c5a,VIIRS_NOAA20_SP,8.86369,78.10719,,339.69,0.44,0.39,2025-06-05,755,NOAA-20,VIIRS,n,2,,306.22,2.97,D,0,osm_way_385432381,thermal_power_plant,Thoothukudi IBPGL,way,385432381,5000.0,True,307.586
firms_5ca5d0c58366c5c5,VIIRS_SNPP_SP,8.75573,77.96619,367,,0.45,0.39,2025-06-09,0758,SNPP,VIIRS,h,2,300.62,,7.44,D,0,osm_way_986423924,power_plant,,way,986423924,5000.0,True,1674.726
firms_5d3cf31656e85b7a,VIIRS_NOAA20_SP,8.86342,77.91884,,333.22,0.48,0.4,2025-06-09,820,NOAA-20,VIIRS,n,2,,293.67,1.73,D,0,,,,,,5000.0,False,
firms_5d4c677b9826fafd,VIIRS_SNPP_SP,8.71607,78.10889,334.77,,0.42,0.37,2025-06-08,0816,SNPP,VIIRS,n,2,300.82,,1.84,D,0,osm_way_906831351,generic_industrial,,way,906831351,5000.0,True,839.334
firms_5de1ee98947cf582,VIIRS_SNPP_SP,8.75112,78.07793,341.11,,0.52,0.42,2024-08-04,0750,SNPP,VIIRS,n,2,299.11,,4.04,D,0,osm_way_906831352,generic_industrial,,way,906831352,5000.0,True,3611.438
firms_5e0db5edc26c6be2,VIIRS_NOAA20_SP,8.49469,78.05097,,331.52,0.69,0.74,2025-07-09,858,NOAA-20,VIIRS,n,2,,292.45,4.51,D,0,,,,,,5000.0,False,
firms_5e190273a22d8013,VIIRS_NOAA20_SP,8.83731,78.04624,,351.06,0.58,0.52,2024-07-05,736,NOAA-20,VIIRS,n,2,,300.71,37.67,D,0,osm_way_1432129272,power_plant,,way,1432129272,5000.0,True,1438.505
firms_5ee591a4edb35347,MODIS_SP,8.4974,78.0658,330.6,,1,1,2024-09-28,432,Terra,MODIS,82,61.03,297.6,,17.3,D,0,,,,,,5000.0,False,
firms_5f6b94754c1ec837,VIIRS_NOAA20_SP,8.78088,78.01186,,356.3,0.48,0.65,2024-07-11,724,NOAA-20,VIIRS,n,2,,291.18,14.22,D,0,osm_relation_16765870,power_plant,,relation,16765870,5000.0,True,3850.652
firms_5f82fe68b245f83e,VIIRS_NOAA20_SP,8.85946,78.06603,,336.46,0.45,0.47,2024-02-29,744,NOAA-20,VIIRS,n,2,,299.29,3.4,D,0,osm_way_906827220,generic_industrial,,way,906827220,5000.0,True,1020.7
firms_5f9fe04a0c1ed35c,VIIRS_NOAA20_SP,8.7392,78.0827,,331.09,0.32,0.55,2025-09-28,839,NOAA-20,VIIRS,n,2,,298.44,2.56,D,0,osm_way_906831352,generic_industrial,,way,906831352,5000.0,True,2420.023
firms_601ef1d9bc026235,VIIRS_SNPP_SP,8.59867,77.8938,335.01,,0.41,0.6,2024-09-02,0846,SNPP,VIIRS,n,2,292.69,,2.8,D,0,osm_way_1453652971,power_plant,,way,1453652971,5000.0,True,2402.445
firms_605294fbaa8356da,VIIRS_NOAA20_SP,8.92619,78.1655,,331.7,0.53,0.42,2025-09-20,749,NOAA-20,VIIRS,l,2,,300.85,3.49,D,0,osm_way_733764035,thermal_power_plant,Mutiara Thermal Power Plant,way,733764035,5000.0,True,2679.266
firms_60583c74a16e478c,VIIRS_SNPP_SP,8.84873,78.06972,335.09,,0.4,0.6,2025-08-20,0848,SNPP,VIIRS,n,2,300.34,,2.84,D,0,osm_way_1516453102,generic_industrial,,way,1516453102,5000.0,True,200.511
firms_60601d5c77c6e22a,VIIRS_NOAA20_SP,8.73344,78.13209,,339.73,0.4,0.44,2024-09-15,826,NOAA-20,VIIRS,n,2,,303.3,3.14,D,3,osm_relation_17348197,power_plant,SPIC Thoothukudi Floating Solar PV Park,relation,17348197,5000.0,True,344.898
firms_60916f9669cfab22,VIIRS_SNPP_SP,8.84103,78.04181,331.27,,0.52,0.67,2024-07-05,0852,SNPP,VIIRS,n,2,292.7,,4.32,D,0,osm_way_1432129272,power_plant,,way,1432129272,5000.0,True,1036.702
firms_609b5a55b04626c8,VIIRS_NOAA20_SP,8.83289,77.90816,,342.51,0.4,0.37,2025-02-18,801,NOAA-20,VIIRS,l,2,,316.16,6,D,0,,,,,,5000.0,False,
firms_60d9a9247ff38986,VIIRS_NOAA20_SP,8.8521,78.13401,,311.47,0.39,0.36,2025-09-15,2019,NOAA-20,VIIRS,n,2,,293,1.45,N,0,osm_way_906827219,generic_industrial,,way,906827219,5000.0,True,1352.289
firms_60eb1c1dc234ee96,VIIRS_SNPP_SP,8.39782,78.04288,336.68,,0.5,0.49,2024-09-24,0833,SNPP,VIIRS,n,2,287.56,,6.08,D,0,osm_way_958448568,generic_industrial,,way,958448568,5000.0,True,3733.382
firms_6116e5f2e6a61f8e,VIIRS_NOAA20_SP,8.64941,78.09708,,333.6,0.38,0.36,2025-10-05,807,NOAA-20,VIIRS,n,2,,301.23,4.63,D,0,osm_way_906831348,generic_industrial,,way,906831348,5000.0,True,1333.972
firms_61b08b173bb3902e,VIIRS_SNPP_SP,8.73502,78.10223,304.57,,0.46,0.63,2024-09-13,1935,SNPP,VIIRS,n,2,286.24,,1.05,N,0,osm_way_906831352,generic_industrial,,way,906831352,5000.0,True,642.212
firms_626ac3c9e863e5dd,VIIRS_SNPP_SP,8.59071,78.13617,342.19,,0.4,0.44,2025-06-18,0829,SNPP,VIIRS,n,2,298.07,,5.13,D,0,osm_way_548907979,chemical_industry,DCW,way,548907979,5000.0,True,4488.068
firms_630befb8f8592418,VIIRS_NOAA20_SP,8.46327,78.09595,,335.56,0.38,0.36,2024-12-05,806,NOAA-20,VIIRS,n,2,,298.98,4.51,D,0,osm_relation_15986380,thermal_power_plant,,relation,15986380,5000.0,True,4697.416
firms_63612d2c539509bc,VIIRS_NOAA20_SP,8.56003,78.116,,340.41,0.32,0.55,2024-06-21,839,NOAA-20,VIIRS,n,2,,289.3,3.76,D,0,osm_way_548907979,chemical_industry,DCW,way,548907979,5000.0,True,4283.497
firms_63a32060a87f6ef8,VIIRS_NOAA20_SP,8.86176,78.06573,,336.34,0.5,0.41,2024-04-19,822,NOAA-20,VIIRS,n,2,,303.5,5.9,D,0,osm_way_906827220,generic_industrial,,way,906827220,5000.0,True,1111.382
firms_647d4e7055b54cac,VIIRS_SNPP_SP,8.75036,78.07318,334.3,,0.52,0.42,2024-08-04,0750,SNPP,VIIRS,n,2,297.56,,4.04,D,0,osm_way_906831352,generic_industrial,,way,906831352,5000.0,True,3964.21
firms_64a6661664313d44,VIIRS_NOAA20_SP,8.67024,77.85011,,334.05,0.49,0.49,2025-08-06,833,NOAA-20,VIIRS,n,2,,289.98,4.61,D,0,,,,,,5000.0,False,
firms_651d53b3c14a3d0b,VIIRS_NOAA20_SP,8.7104,77.99666,,332.18,0.62,0.71,2025-09-11,718,NOAA-20,VIIRS,n,2,,290.18,4.71,D,0,osm_way_1442917861,power_plant,,way,1442917861,5000.0,True,3885.318
firms_660a78f0013f72c0,VIIRS_NOAA20_SP,8.75474,78.08865,,337.26,0.42,0.37,2024-08-04,814,NOAA-20,VIIRS,n,2,,303.18,3.87,D,0,osm_way_1235088522,generic_industrial,,way,1235088522,5000.0,True,3112.392
firms_66cc761322594f1c,VIIRS_NOAA20_SP,8.84208,78.04542,,354.89,0.58,0.52,2024-07-05,736,NOAA-20,VIIRS,n,2,,297.6,27.52,D,0,osm_way_1432129272,power_plant,,way,1432129272,5000.0,True,1448.162
firms_66d3aafc21030912,VIIRS_SNPP_SP,8.73814,78.16221,335.96,,0.39,0.36,2025-02-11,0809,SNPP,VIIRS,n,2,305.78,,0.56,D,0,osm_way_906831358,industrial_works,,way,906831358,5000.0,True,1385.647
firms_66d817221463db93,VIIRS_NOAA20_SP,8.82794,77.99696,,346.78,0.36,0.58,2024-05-29,731,NOAA-20,VIIRS,n,2,,281.34,5.09,D,0,osm_way_1432129272,power_plant,,way,1432129272,5000.0,True,4115.08
firms_6724cfbf7bf49581,MODIS_SP,8.8459,78.0323,324,,1.4,1.2,2025-10-12,420,Terra,MODIS,70,61.03,298.1,,15.2,D,0,osm_way_1432129271,power_plant,,way,1432129271,5000.0,True,772.372
firms_672757c2b1942cf8,VIIRS_NOAA20_SP,8.67559,78.06981,,330.58,0.49,0.49,2025-10-09,832,NOAA-20,VIIRS,n,2,,280.67,6.21,D,0,osm_way_906831349,generic_industrial,,way,906831349,5000.0,True,2756.86
firms_675d2ac643c68d6d,VIIRS_NOAA20_SP,8.88356,78.04578,,338.08,0.39,0.36,2024-05-06,803,NOAA-20,VIIRS,l,2,,306.76,5.23,D,0,osm_way_385432388,thermal_power_plant,Thoothukudi IBTPL power station,way,385432388,5000.0,True,969.727
firms_678b22c5baaf24df,VIIRS_NOAA20_SP,8.66008,78.11536,,351.04,0.45,0.47,2023-10-08,744,NOAA-20,VIIRS,n,2,,298.7,9.59,D,0,osm_way_906831349,generic_industrial,,way,906831349,5000.0,True,2665.402
firms_67b94654221892b0,VIIRS_SNPP_SP,8.82113,78.04078,331.2,,0.55,0.51,2024-08-10,0737,SNPP,VIIRS,n,2,292.75,,6.96,D,0,osm_way_1432129272,power_plant,,way,1432129272,5000.0,True,1975.138
firms_67ca6c261d48c8a4,VIIRS_SNPP_SP,8.88339,78.14784,341.7,,0.35,0.57,2025-06-21,0733,SNPP,VIIRS,n,2,296.76,,3.03,D,0,osm_way_906827217,generic_industrial,,way,906827217,5000.0,True,1484.784
firms_67d36db097024019,VIIRS_SNPP_SP,8.75648,78.08681,331.93,,0.52,0.42,2024-08-04,0750,SNPP,VIIRS,n,2,297.84,,2.44,D,0,osm_way_1235088522,generic_industrial,,way,1235088522,5000.0,True,3165.215
firms_68130a210ca03bac,VIIRS_SNPP_SP,8.74235,77.9235,337.88,,0.32,0.55,2024-04-06,0840,SNPP,VIIRS,n,2,307.08,,6.75,D,0,osm_way_986423924,power_plant,,way,986423924,5000.0,True,4566.729
firms_689b5a7b794801f3,VIIRS_SNPP_SP,8.60625,77.96722,353.81,,0.41,0.37,2025-06-24,0817,SNPP,VIIRS,n,2,302.25,,10.5,D,0,,,,,,5000.0,False,
firms_68bf4627e031e409,VIIRS_NOAA20_SP,8.85423,77.96729,,351.25,0.55,0.43,2024-06-29,749,NOAA-20,VIIRS,n,2,,302.43,33.31,D,0,,,,,,5000.0,False,
firms_68e8e893a4767469,VIIRS_NOAA20_SP,8.91731,78.16895,,339,0.45,0.47,2024-09-28,742,NOAA-20,VIIRS,n,2,,294.24,5.41,D,0,osm_way_733764035,thermal_power_plant,Mutiara Thermal Power Plant,way,733764035,5000.0,True,2668.529
firms_690c250e191dcc8b,VIIRS_SNPP_SP,8.87766,78.11146,331.94,,0.39,0.37,2024-10-01,0802,SNPP,VIIRS,n,2,300.87,,1.36,D,0,osm_way_906837209,generic_industrial,,way,906837209,5000.0,True,615.389
firms_692d9c2496f15b87,VIIRS_NOAA20_SP,8.46864,77.9804,,338.81,0.41,0.37,2025-07-06,814,NOAA-20,VIIRS,n,2,,306.67,5.76,D,0,,,,,,5000.0,False,
firms_694488c0462bb906,VIIRS_NOAA20_SP,8.67421,77.99397,,333.05,0.4,0.37,2024-01-27,802,NOAA-20,VIIRS,l,2,,303.13,3.04,D,0,,,,,,5000.0,False,
firms_694577338c53feb3,VIIRS_SNPP_SP,8.82507,78.13595,295.7,,0.37,0.58,2025-03-29,1942,SNPP,VIIRS,n,2,269.09,,0.31,N,0,osm_way_906827219,generic_industrial,,way,906827219,5000.0,True,3328.657
firms_69dde48d7f581330,VIIRS_SNPP_SP,8.8995,77.95856,347.4,,0.41,0.37,2025-06-08,0816,SNPP,VIIRS,n,2,306.34,,9.75,D,0,,,,,,5000.0,False,
firms_6a344ad5bbb1416d,VIIRS_SNPP_SP,8.47275,77.9271,334.79,,0.37,0.58,2024-03-14,0731,SNPP,VIIRS,n,2,304.86,,4.28,D,0,,,,,,5000.0,False,
firms_6a7ca5078463e2f0,VIIRS_NOAA20_SP,8.78871,78.09972,,330.53,0.4,0.44,2024-03-03,827,NOAA-20,VIIRS,n,2,,300.53,1.15,D,0,osm_way_1073989739,generic_industrial,,way,1073989739,5000.0,True,1214.27
firms_6a7ed11713e6e7f5,VIIRS_SNPP_SP,8.8247,78.00131,335.66,,0.54,0.42,2025-07-06,0752,SNPP,VIIRS,n,2,303.37,,2.9,D,0,osm_way_1432129272,power_plant,,way,1432129272,5000.0,True,3771.175
firms_6a9c556b273d0df9,VIIRS_SNPP_SP,8.82601,78.0033,338.1,,0.54,0.42,2025-07-06,0752,SNPP,VIIRS,n,2,303.48,,6.94,D,0,osm_way_1432129272,power_plant,,way,1432129272,5000.0,True,3514.615
firms_6af7cc98107e8ddc,VIIRS_NOAA20_SP,8.46325,78.08739,,332.15,0.51,0.49,2025-07-05,833,NOAA-20,VIIRS,n,2,,301.23,2.81,D,0,osm_relation_15986380,thermal_power_plant,,relation,15986380,5000.0,True,4050.855
firms_6b77c4e6d1f9b607,VIIRS_NOAA20_SP,8.7502,78.08162,,339.7,0.42,0.37,2024-08-04,814,NOAA-20,VIIRS,n,2,,302.52,3.24,D,0,osm_way_906831352,generic_industrial,,way,906831352,5000.0,True,3248.056
firms_6bcf482dddb6549e,VIIRS_SNPP_SP,8.87267,78.15835,331.54,,0.55,0.51,2025-03-06,0738,SNPP,VIIRS,l,2,304.65,,1.75,D,0,osm_way_906827217,generic_industrial,,way,906827217,5000.0,True,2248.036
firms_6c59234ad11e0136,VIIRS_NOAA20_SP,8.77261,78.04863,,339.94,0.5,0.49,2024-03-08,834,NOAA-20,VIIRS,n,2,,301.12,4.42,D,0,osm_way_823674462,generic_industrial,,way,823674462,5000.0,True,4155.462
firms_6cfbf23c9b3ee191,VIIRS_SNPP_SP,8.89878,77.86282,339.04,,0.61,0.54,2025-08-15,0842,SNPP,VIIRS,n,2,293.2,,4.15,D,0,osm_way_986279192,power_plant,,way,986279192,5000.0,True,2326.36
firms_6d256819fbec3c16,VIIRS_NOAA20_SP,8.83149,77.92702,,348.55,0.58,0.52,2025-08-25,737,NOAA-20,VIIRS,n,2,,315.38,19.57,D,0,,,,,,5000.0,False,
firms_6d7f4e841adb0484,VIIRS_NOAA20_SP,8.79578,78.05513,,330.93,0.37,0.58,2024-09-18,729,NOAA-20,VIIRS,n,2,,300.9,1.08,D,0,osm_way_1073989741,generic_industrial,,way,1073989741,5000.0,True,3123.333
firms_6dfc5a88d6b17a54,VIIRS_NOAA20_SP,8.84068,77.93401,,332.29,0.55,0.43,2024-06-29,749,NOAA-20,VIIRS,n,2,,299.61,2.1,D,0,,,,,,5000.0,False,
firms_6e549ee993046b84,VIIRS_SNPP_SP,8.89519,78.04386,344.61,,0.51,0.5,2024-05-03,0834,SNPP,VIIRS,n,2,292.84,,9.13,D,0,osm_way_1432135180,power_plant,,way,1432135180,5000.0,True,1238.386
firms_6ea6d07ee1309340,MODIS_SP,8.8748,77.8555,322.5,,1.4,1.2,2025-02-23,438,Terra,MODIS,75,61.03,301.3,,17.7,D,0,osm_way_986279192,power_plant,,way,986279192,5000.0,True,711.954
firms_6eedae2031558893,VIIRS_SNPP_SP,8.51961,77.93031,333.41,,0.54,0.42,2024-09-05,0750,SNPP,VIIRS,n,2,302.85,,2.4,D,0,osm_way_1468877017,power_plant,,way,1468877017,5000.0,True,4247.587
firms_6eefab0f3476a669,VIIRS_NOAA20_SP,8.42176,78.04371,,338.85,0.48,0.4,2024-07-24,820,NOAA-20,VIIRS,n,2,,290.43,6.1,D,0,osm_relation_15986380,thermal_power_plant,,relation,15986380,5000.0,True,2692.471
firms_6f24b2ace9df68eb,VIIRS_SNPP_SP,8.88886,78.0484,338.97,,0.51,0.49,2025-06-07,0835,SNPP,VIIRS,n,2,303.34,,6.28,D,0,osm_way_385432388,thermal_power_plant,Thoothukudi IBTPL power station,way,385432388,5000.0,True,782.786
firms_6f4cbe956043f49e,VIIRS_NOAA20_SP,8.87451,78.05225,,333.09,0.61,0.71,2025-06-07,717,NOAA-20,VIIRS,n,2,,295.04,4.45,D,0,osm_way_385432388,thermal_power_plant,Thoothukudi IBTPL power station,way,385432388,5000.0,True,1200.052
firms_6f7accb3e620b956,VIIRS_SNPP_SP,8.8914,78.03922,336.46,,0.55,0.51,2024-05-06,0738,SNPP,VIIRS,n,2,301.18,,5.57,D,0,osm_way_385432388,thermal_power_plant,Thoothukudi IBTPL power station,way,385432388,5000.0,True,1813.0
firms_6fc1d82a806491b0,VIIRS_NOAA20_SP,8.75131,78.08915,,339.86,0.42,0.37,2024-08-04,814,NOAA-20,VIIRS,n,2,,301.18,3.43,D,0,osm_way_906831352,generic_industrial,,way,906831352,5000.0,True,2838.349
firms_708380c59d58e977,VIIRS_SNPP_SP,8.6038,77.88997,332.69,,0.41,0.37,2024-06-21,0814,SNPP,VIIRS,n,2,297.51,,1.81,D,0,osm_way_1453652971,power_plant,,way,1453652971,5000.0,True,3109.285
firms_70b31109e57d4d2c,VIIRS_NOAA20_SP,8.94451,78.13512,,337.75,0.44,0.38,2025-06-05,755,NOAA-20,VIIRS,n,2,,306.23,8.55,D,0,osm_way_733764035,thermal_power_plant,Mutiara Thermal Power Plant,way,733764035,5000.0,True,3655.523
firms_714638abc3d61f3b,VIIRS_SNPP_SP,8.63981,77.88116,343.2,,0.4,0.37,2025-06-30,0804,SNPP,VIIRS,n,2,308.14,,3.42,D,0,,,,,,5000.0,False,
firms_715cf20860222314,VIIRS_NOAA20_SP,8.89182,77.89893,,332.85,0.46,0.47,2024-08-27,742,NOAA-20,VIIRS,n,2,,295.79,1.98,D,0,,,,,,5000.0,False,
firms_716909096bf196d6,VIIRS_SNPP_SP,8.85237,77.89223,335.78,,0.45,0.47,2024-04-09,0744,SNPP,VIIRS,n,2,302.88,,1.94,D,0,,,,,,5000.0,False,
firms_7212a7577813a6cc,VIIRS_SNPP_SP,8.88668,78.04002,343.89,,0.55,0.51,2024-05-06,0738,SNPP,VIIRS,n,2,301.07,,5.57,D,0,osm_way_385432388,thermal_power_plant,Thoothukudi IBTPL power station,way,385432388,5000.0,True,1596.614
firms_7271068e55bfdfc9,VIIRS_NOAA20_SP,8.61679,78.00244,,337.53,0.44,0.39,2025-07-07,755,NOAA-20,VIIRS,n,2,,302.02,4.09,D,0,,,,,,5000.0,False,
firms_72b29b0bc6050e0e,MODIS_SP,8.8894,77.8506,325.3,,3.4,1.7,2025-08-20,1007,Aqua,MODIS,67,61.03,303.7,,39.4,D,0,osm_way_986279192,power_plant,,way,986279192,5000.0,True,1008.552
firms_72c48e0dcc36f4fe,VIIRS_SNPP_SP,8.85113,77.97352,332.45,,0.47,0.64,2024-06-29,0724,SNPP,VIIRS,n,2,291.51,,4.75,D,0,,,,,,5000.0,False,
firms_73159b1a34db1912,VIIRS_NOAA20_SP,8.4991,77.97938,,335.21,0.56,0.51,2024-05-02,738,NOAA-20,VIIRS,n,2,,291.53,2.48,D,0,,,,,,5000.0,False,
firms_732a8eb6a8b4db86,MODIS_SP,8.7555,77.9749,328.1,,1.6,1.3,2025-10-29,922,Aqua,MODIS,80,61.03,299.5,,29.5,D,0,osm_relation_16765870,power_plant,,relation,16765870,5000.0,True,1289.217
firms_734bf7b4e5227fc4,VIIRS_NOAA20_SP,8.52516,78.0873,,338.45,0.42,0.37,2025-08-23,814,NOAA-20,VIIRS,n,2,,302.16,4.46,D,0,osm_way_1504375937,generic_industrial,,way,1504375937,5000.0,True,3655.187
firms_73e6d76028846d62,VIIRS_SNPP_SP,8.7957,78.01987,341.28,,0.36,0.58,2025-06-21,0733,SNPP,VIIRS,n,2,297.6,,2.28,D,0,osm_way_1432129272,power_plant,,way,1432129272,5000.0,True,4828.006
firms_741215d52b78d119,VIIRS_SNPP_SP,8.88754,78.04507,337.27,,0.55,0.51,2024-05-06,0738,SNPP,VIIRS,n,2,302.02,,5.57,D,0,osm_way_385432388,thermal_power_plant,Thoothukudi IBTPL power station,way,385432388,5000.0,True,1065.679
firms_7412ecccca496376,VIIRS_NOAA20_SP,8.80009,77.94679,,339.03,0.39,0.36,2024-04-25,810,NOAA-20,VIIRS,n,2,,308.16,4.23,D,0,osm_way_986423924,power_plant,,way,986423924,5000.0,True,3769.708
firms_7519b8cce227c53a,VIIRS_NOAA20_SP,8.84137,77.94328,,355.84,0.4,0.44,2025-06-30,826,NOAA-20,VIIRS,n,2,,307.11,9.9,D,0,,,,,,5000.0,False,
firms_758f023189465f28,VIIRS_SNPP_SP,8.8303,78.06032,344.62,,0.53,0.42,2025-07-06,0752,SNPP,VIIRS,n,2,301.93,,8.34,D,0,osm_way_661590303,generic_industrial,,way,661590303,5000.0,True,2045.887
firms_75d0c1852c01f9f1,VIIRS_NOAA20_SP,8.85111,78.11459,,330.62,0.53,0.42,2025-01-07,748,NOAA-20,VIIRS,n,2,,296.45,3.16,D,0,osm_way_906827219,generic_industrial,,way,906827219,5000.0,True,787.079
firms_7606cc364e7fcce7,VIIRS_NOAA20_SP,8.91464,77.89029,,337.17,0.37,0.58,2025-08-04,730,NOAA-20,VIIRS,n,2,,292.43,2.35,D,0,,,,,,5000.0,False,
firms_76c7f0172762204b,VIIRS_SNPP_SP,8.64519,78.09661,341.28,,0.42,0.37,2025-06-08,0816,SNPP,VIIRS,n,2,303.6,,5.63,D,0,osm_way_906831348,generic_industrial,,way,906831348,5000.0,True,1723.083
firms_76cef56b3b84dbad,MODIS_SP,8.7796,78.0,327.7,,1.2,1.1,2024-08-05,425,Terra,MODIS,78,61.03,297.5,,15,D,0,osm_relation_16765870,power_plant,,relation,16765870,5000.0,True,2648.584
firms_771de23adabdfaca,VIIRS_SNPP_SP,8.68696,77.96366,336.65,,0.45,0.39,2025-06-09,0758,SNPP,VIIRS,n,2,298.98,,3.21,D,0,osm_relation_17415628,power_plant,,relation,17415628,5000.0,True,3578.53
firms_7727df7d148b5fc5,VIIRS_SNPP_SP,8.86111,77.94469,367,,0.44,0.46,2024-04-09,0744,SNPP,VIIRS,h,2,304.58,,10.52,D,0,,,,,,5000.0,False,
firms_777995a5c47d0d77,VIIRS_SNPP_SP,8.84224,77.99831,332.52,,0.41,0.37,2025-05-07,0816,SNPP,VIIRS,n,2,293.29,,2.31,D,0,osm_way_1432129272,power_plant,,way,1432129272,5000.0,True,3872.803
firms_778959f47a6ad59b,VIIRS_SNPP_SP,8.54328,78.11971,340.81,,0.41,0.61,2025-07-03,0848,SNPP,VIIRS,n,2,294.83,,3.88,D,0,osm_way_1504375937,generic_industrial,,way,1504375937,5000.0,True,3272.098
firms_77a0cb5cfc2e07b8,VIIRS_SNPP_SP,8.80949,78.06831,351.76,,0.41,0.37,2025-08-27,0817,SNPP,VIIRS,n,2,305.4,,20.14,D,0,osm_way_661590305,generic_industrial,,way,661590305,5000.0,True,1040.988
firms_77bbaff509d68516,VIIRS_NOAA20_SP,8.73274,78.10334,,320.9,0.57,0.52,2025-09-22,1947,NOAA-20,VIIRS,n,2,,287.08,2.13,N,0,osm_way_906831352,generic_industrial,,way,906831352,5000.0,True,407.459
firms_77f94adcf7b39344,VIIRS_NOAA20_SP,8.58112,77.97392,,341.65,0.38,0.59,2024-09-18,729,NOAA-20,VIIRS,n,2,,299.79,5.46,D,0,osm_way_1468877017,power_plant,,way,1468877017,5000.0,True,4079.557
firms_7801bf763a68e9fe,VIIRS_SNPP_SP,8.82644,78.06095,341.61,,0.53,0.42,2025-07-06,0752,SNPP,VIIRS,n,2,301.95,,4.01,D,0,osm_way_661590303,generic_industrial,,way,661590303,5000.0,True,1732.834
firms_781c2f3122c2377d,VIIRS_SNPP_SP,8.69409,77.90971,337.97,,0.55,0.43,2025-09-08,0752,SNPP,VIIRS,n,2,286.61,,7.73,D,0,osm_way_1032774973,mining,,way,1032774973,5000.0,True,3211.264
firms_7823870231b20669,VIIRS_SNPP_SP,8.72633,78.09158,342.55,,0.44,0.46,2024-09-16,0743,SNPP,VIIRS,n,2,302.26,,8.11,D,0,osm_way_906831352,generic_industrial,,way,906831352,5000.0,True,1218.633
firms_786728b6dad8b4bb,VIIRS_SNPP_SP,8.89245,78.05685,344.45,,0.39,0.36,2025-06-14,0804,SNPP,VIIRS,n,2,289.78,,7.99,D,0,osm_way_385432388,thermal_power_plant,Thoothukudi IBTPL power station,way,385432388,5000.0,True,850.738
firms_789b2fa2f0814e40,VIIRS_NOAA20_SP,8.89288,78.04048,,342.13,0.39,0.36,2024-05-06,803,NOAA-20,VIIRS,n,2,,310.17,6.48,D,0,osm_way_1432135180,power_plant,,way,1432135180,5000.0,True,1634.325
firms_79c1a29ab36b2f5b,VIIRS_NOAA20_SP,8.8705,77.97672,,342.28,0.57,0.52,2025-08-25,737,NOAA-20,VIIRS,l,2,,314.56,10.74,D,0,,,,,,5000.0,False,
firms_79cbaeb7387b30f1,VIIRS_NOAA20_SP,8.86323,77.85684,,337.36,0.41,0.37,2025-07-06,814,NOAA-20,VIIRS,n,2,,290.7,4.13,D,0,osm_way_986279192,power_plant,,way,986279192,5000.0,True,1966.961
firms_79d3205b2dc6fbb0,VIIRS_NOAA20_SP,8.49447,78.05338,,340.67,0.69,0.74,2025-07-09,858,NOAA-20,VIIRS,n,2,,292.41,6.46,D,0,,,,,,5000.0,False,
firms_79ed79c3b6c11d12,VIIRS_SNPP_SP,8.89569,78.06051,348.48,,0.39,0.36,2025-06-19,0810,SNPP,VIIRS,n,2,294.41,,5.8,D,0,osm_way_986411990,power_plant,Arasadi,way,986411990,5000.0,True,974.932
firms_79f368aca9ca38f0,VIIRS_SNPP_SP,8.66367,78.06672,332.72,,0.39,0.44,2025-08-21,0829,SNPP,VIIRS,l,2,303.98,,3.86,D,0,osm_way_906831348,generic_industrial,,way,906831348,5000.0,True,2654.552
firms_7aeeb5a4c2f8adcd,VIIRS_NOAA20_SP,8.8841,78.0493,,349.66,0.39,0.36,2024-05-06,803,NOAA-20,VIIRS,l,2,,309.75,9.15,D,0,osm_way_385432388,thermal_power_plant,Thoothukudi IBTPL power station,way,385432388,5000.0,True,578.225
firms_7b1097981dfd3e3a,VIIRS_NOAA20_SP,8.65678,78.11533,,331.37,0.41,0.61,2024-12-19,844,NOAA-20,VIIRS,n,2,,290.19,3.4,D,3,osm_way_906831349,generic_industrial,,way,906831349,5000.0,True,2727.165
firms_7b41d787fa34e559,VIIRS_NOAA20_SP,8.84254,77.98713,,332.08,0.39,0.44,2024-04-08,828,NOAA-20,VIIRS,l,2,,302.54,2.37,D,0,,,,,,5000.0,False,
firms_7bdb1041ef072547,VIIRS_NOAA20_SP,8.77068,77.9537,,332.21,0.45,0.47,2025-07-13,743,NOAA-20,VIIRS,n,2,,272.47,3.43,D,0,osm_way_986423924,power_plant,,way,986423924,5000.0,True,475.312
firms_7be7b12495c851b5,VIIRS_SNPP_SP,8.73958,78.0293,334.4,,0.39,0.36,2025-06-03,0810,SNPP,VIIRS,l,2,304.95,,2.07,D,0,osm_way_823674462,generic_industrial,,way,823674462,5000.0,True,120.826
firms_7c131611a8fcc618,VIIRS_NOAA20_SP,8.60687,77.97041,,336.54,0.47,0.4,2024-03-14,821,NOAA-20,VIIRS,n,2,,302.64,3.25,D,0,,,,,,5000.0,False,
firms_7c9fafc6b19a3f99,VIIRS_SNPP_SP,8.87059,78.16299,342.91,,0.43,0.46,2024-03-24,0744,SNPP,VIIRS,n,2,304.31,,7.01,D,0,osm_way_906827217,generic_industrial,,way,906827217,5000.0,True,2781.08
firms_7ca08280c77e1f7a,VIIRS_SNPP_SP,8.58839,78.14,339.37,,0.4,0.44,2025-07-04,0829,SNPP,VIIRS,n,2,295.82,,5.04,D,3,osm_way_548907979,chemical_industry,DCW,way,548907979,5000.0,True,4928.575
firms_7cdf50c598a277db,VIIRS_NOAA20_SP,8.61473,78.12814,,330.07,0.37,0.58,2024-09-18,729,NOAA-20,VIIRS,n,2,,298.48,2.83,D,0,osm_way_548907979,chemical_industry,DCW,way,548907979,5000.0,True,4330.966
firms_7d1a76bbb1892447,VIIRS_NOAA20_SP,8.91511,77.94273,,339,0.44,0.39,2025-07-07,755,NOAA-20,VIIRS,n,2,,307.57,2.73,D,0,,,,,,5000.0,False,
firms_7d69cf5c19643828,VIIRS_NOAA20_SP,8.68167,77.95835,,339.87,0.62,0.54,2025-04-21,838,NOAA-20,VIIRS,n,2,,293.57,12.77,D,0,osm_relation_17415628,power_plant,,relation,17415628,5000.0,True,2761.384
firms_7d8251c877fadc81,VIIRS_SNPP_SP,8.87429,78.1647,341.75,,0.33,0.55,2025-07-14,0842,SNPP,VIIRS,n,2,292.48,,1.3,D,0,osm_way_906827217,generic_industrial,,way,906827217,5000.0,True,2939.892
firms_7d82f1d9459ba315,VIIRS_NOAA20_SP,8.58278,78.12844,,330.89,0.77,0.78,2024-06-15,712,NOAA-20,VIIRS,n,2,,281.11,6.07,D,0,osm_way_548907979,chemical_industry,DCW,way,548907979,5000.0,True,3799.912
firms_7d943cef4de05dfa,VIIRS_NOAA20_SP,8.67055,77.99246,,307.67,0.39,0.36,2025-07-08,2013,NOAA-20,VIIRS,n,2,,293.27,2.07,N,0,,,,,,5000.0,False,
firms_7de63c147215d7f6,VIIRS_SNPP_SP,8.79561,77.97469,339.72,,0.42,0.37,2024-05-04,0815,SNPP,VIIRS,n,2,303.85,,6.97,D,0,osm_relation_16765870,power_plant,,relation,16765870,5000.0,True,3348.782
firms_7defb62c4c75f631,VIIRS_NOAA20_SP,8.73359,77.95431,,334.57,0.48,0.4,2025-07-11,820,NOAA-20,VIIRS,l,2,,304.89,4.46,D,0,osm_way_986423924,power_plant,,way,986423924,5000.0,True,3747.218
firms_7e044da5b57be809,VIIRS_SNPP_SP,8.73146,78.10392,331.5,,0.52,0.5,2024-08-07,0834,SNPP,VIIRS,n,2,292.16,,3.11,D,0,osm_way_906831352,generic_industrial,,way,906831352,5000.0,True,307.823
firms_7e094cb422fe6459,VIIRS_SNPP_SP,8.78916,78.09531,330.68,,0.39,0.36,2025-06-19,0810,SNPP,VIIRS,n,2,292.48,,1.42,D,0,osm_way_1073989739,generic_industrial,,way,1073989739,5000.0,True,1095.437
firms_7e154a4dbfd81ba2,VIIRS_NOAA20_SP,8.88913,77.91438,,343.39,0.48,0.65,2024-07-11,724,NOAA-20,VIIRS,n,2,,292.93,5.41,D,0,,,,,,5000.0,False,
firms_7e5bf2279372419a,VIIRS_SNPP_SP,8.43415,78.00982,330.32,,0.4,0.44,2024-08-02,0828,SNPP,VIIRS,n,2,292.91,,1.55,D,0,,,,,,5000.0,False,
firms_7e9d637af6e27ba0,VIIRS_NOAA20_SP,8.53553,78.07834,,338.4,0.41,0.37,2024-09-21,813,NOAA-20,VIIRS,l,2,,310.31,5.46,D,0,,,,,,5000.0,False,
firms_7eb4dc18e15c9806,VIIRS_NOAA20_SP,8.63428,77.93042,,331.27,0.46,0.47,2025-08-30,743,NOAA-20,VIIRS,n,2,,296.41,2.95,D,0,osm_way_1268305324,power_plant,,way,1268305324,5000.0,True,3318.92
firms_7ebf72bcb8edfa76,VIIRS_NOAA20_SP,8.88325,78.04288,,334.15,0.41,0.37,2024-07-19,814,NOAA-20,VIIRS,l,2,,306.33,2.56,D,0,osm_way_385432388,thermal_power_plant,Thoothukudi IBTPL power station,way,385432388,5000.0,True,1289.889
firms_7ef9116ec5524147,VIIRS_NOAA20_SP,8.86721,78.10663,,338.72,0.44,0.39,2025-06-05,755,NOAA-20,VIIRS,n,2,,305.04,2.97,D,0,osm_way_385432381,thermal_power_plant,Thoothukudi IBPGL,way,385432381,5000.0,True,256.128
firms_7f19dc989bbd8b14,VIIRS_SNPP_SP,8.8687,78.15914,333.81,,0.44,0.38,2025-10-31,0800,SNPP,VIIRS,l,2,308.05,,3.18,D,0,osm_way_906827217,generic_industrial,,way,906827217,5000.0,True,2407.286
firms_7f26225ab8c476c3,VIIRS_NOAA20_SP,8.86763,78.15556,,339.95,0.42,0.38,2024-08-20,814,NOAA-20,VIIRS,n,2,,297.71,6.52,D,0,osm_way_906827217,generic_industrial,,way,906827217,5000.0,True,2067.634
firms_7f6cc4bb280a7bd0,VIIRS_NOAA20_SP,8.82431,78.05541,,339.73,0.5,0.41,2024-05-05,822,NOAA-20,VIIRS,n,2,,304.08,4.55,D,0,osm_way_661590303,generic_industrial,,way,661590303,5000.0,True,2185.197
firms_7f7efce0f8a0358c,VIIRS_NOAA20_SP,8.54232,78.08131,,329.44,0.37,0.58,2025-09-21,730,NOAA-20,VIIRS,n,2,,290.57,5.69,D,0,,,,,,5000.0,False,
firms_801e0e04fa084ddd,VIIRS_SNPP_SP,8.82958,77.96556,337.72,,0.45,0.39,2025-07-11,0758,SNPP,VIIRS,n,2,305.18,,5.31,D,0,,,,,,5000.0,False,
firms_8059e997b77c0fe1,VIIRS_NOAA20_SP,8.57566,78.09596,,332.26,0.43,0.46,2024-04-21,745,NOAA-20,VIIRS,n,2,,301.13,2.73,D,0,osm_way_548907979,chemical_industry,DCW,way,548907979,5000.0,True,1910.177
firms_80976c70556f38ad,VIIRS_SNPP_SP,8.44796,78.07526,343.85,,0.39,0.36,2025-02-11,0809,SNPP,VIIRS,n,2,309.85,,3.79,D,0,osm_relation_15986380,thermal_power_plant,,relation,15986380,5000.0,True,1895.933
firms_80a84300fbfb7b73,VIIRS_SNPP_SP,8.82633,78.00764,330.17,,0.36,0.58,2025-06-21,0733,SNPP,VIIRS,n,2,299.45,,2.01,D,0,osm_way_1432129272,power_plant,,way,1432129272,5000.0,True,3058.809
firms_80f6b0592f2a4b35,VIIRS_SNPP_SP,8.82236,77.98201,348.85,,0.45,0.39,2025-06-25,0758,SNPP,VIIRS,n,2,296.22,,4.62,D,0,,,,,,5000.0,False,
firms_81120664e5e5c8d5,VIIRS_SNPP_SP,8.89463,77.96585,340.87,,0.4,0.37,2025-06-30,0804,SNPP,VIIRS,n,2,310.45,,5.76,D,0,,,,,,5000.0,False,
firms_81e76cf835f1f2b3,VIIRS_SNPP_SP,8.87811,78.04665,340.8,,0.55,0.51,2024-05-06,0738,SNPP,VIIRS,n,2,301.65,,8.58,D,0,osm_way_385432388,thermal_power_plant,Thoothukudi IBTPL power station,way,385432388,5000.0,True,1157.828
firms_82109d3e71b1ba7b,VIIRS_SNPP_SP,8.78353,77.99183,348.17,,0.38,0.36,2025-09-07,0811,SNPP,VIIRS,n,2,301.1,,11.55,D,0,osm_relation_16765870,power_plant,,relation,16765870,5000.0,True,2331.452
firms_821d576c7aeb69c6,MODIS_SP,8.8608,77.9565,330.7,,1,1,2025-07-12,928,Aqua,MODIS,79,61.03,307,,7.1,D,0,,,,,,5000.0,False,
firms_82536cc2878dc1a9,VIIRS_NOAA20_SP,8.4579,78.08858,,337.2,0.41,0.37,2024-03-09,815,NOAA-20,VIIRS,l,2,,308.83,5.19,D,0,osm_relation_15986380,thermal_power_plant,,relation,15986380,5000.0,True,3699.437
firms_826c68deebcdecff,VIIRS_NOAA20_SP,8.86783,78.15512,,330.55,0.49,0.4,2024-01-26,821,NOAA-20,VIIRS,l,2,,304.76,3.48,D,0,osm_way_906827217,generic_industrial,,way,906827217,5000.0,True,2014.545
firms_82b24ab5ad0a17bb,VIIRS_NOAA20_SP,8.76168,78.01483,,336.24,0.39,0.44,2024-03-24,827,NOAA-20,VIIRS,n,2,,304.85,1.82,D,0,osm_way_823674462,generic_industrial,,way,823674462,5000.0,True,2972.444
firms_82b7c7c1d8545ab3,VIIRS_SNPP_SP,8.86626,78.15595,331.79,,0.52,0.41,2024-08-20,0750,SNPP,VIIRS,n,2,295.57,,4.84,D,0,osm_way_906827217,generic_industrial,,way,906827217,5000.0,True,2164.966
firms_82eb85facab4ce9d,VIIRS_SNPP_SP,8.80078,78.01099,354.23,,0.4,0.44,2025-06-02,0829,SNPP,VIIRS,n,2,304.14,,6.35,D,0,osm_way_1432129272,power_plant,,way,1432129272,5000.0,True,4718.758
firms_833f3f270422b364,VIIRS_SNPP_SP,8.93151,78.17548,330.34,,0.44,0.46,2024-03-08,0744,SNPP,VIIRS,l,2,301.99,,3.33,D,0,osm_way_733764035,thermal_power_plant,Mutiara Thermal Power Plant,way,733764035,5000.0,True,3921.579
firms_837a7249935bf5ce,VIIRS_NOAA20_SP,8.48547,78.08349,,330.85,0.38,0.36,2024-10-02,807,NOAA-20,VIIRS,n,2,,285,2.54,D,0,osm_way_1504375937,generic_industrial,,way,1504375937,5000.0,True,4957.552
firms_83aa3c4a0942d215,VIIRS_NOAA20_SP,8.82638,78.05806,,332.8,0.42,0.38,2025-07-06,814,NOAA-20,VIIRS,n,2,,301.84,2.86,D,0,osm_way_661590303,generic_industrial,,way,661590303,5000.0,True,2005.409
firms_83b959ee80779ab1,VIIRS_SNPP_SP,8.55469,78.09315,333.96,,0.39,0.36,2025-12-07,0807,SNPP,VIIRS,n,2,298.83,,2.74,D,0,osm_way_548907979,chemical_industry,DCW,way,548907979,5000.0,True,4236.275
firms_83c766b499e5c72e,VIIRS_NOAA20_SP,8.75168,78.11388,,341.47,0.45,0.47,2025-10-01,742,NOAA-20,VIIRS,n,2,,302.57,4.84,D,0,osm_way_1235088522,generic_industrial,,way,1235088522,5000.0,True,2280.739
firms_84ac41891ebb3d6d,VIIRS_NOAA20_SP,8.73344,78.09812,,306.16,0.57,0.52,2025-09-22,1947,NOAA-20,VIIRS,n,2,,288.18,2.13,N,0,osm_way_906831352,generic_industrial,,way,906831352,5000.0,True,653.38
firms_84d19237effd685b,VIIRS_SNPP_SP,8.57706,78.12804,,336.55,0.41,0.37,2023-10-09,815,SNPP,VIIRS,n,2,,298.92,2.63,D,0,osm_way_548907979,chemical_industry,DCW,way,548907979,5000.0,True,3992.677
firms_84e2ac1a9727fec7,VIIRS_SNPP_SP,8.89576,78.04343,336.46,,0.44,0.39,2025-09-13,0759,SNPP,VIIRS,l,2,307.86,,6.87,D,0,osm_way_1432135180,power_plant,,way,1432135180,5000.0,True,1199.81
firms_84f57ebca8ec74f0,VIIRS_SNPP_SP,8.93824,77.8651,343.74,,0.39,0.44,2025-07-04,0829,SNPP,VIIRS,n,2,302.88,,3.54,D,0,,,,,,5000.0,False,
firms_850f478c3ba8ce7e,VIIRS_NOAA20_SP,8.84347,77.90818,,349.58,0.48,0.4,2025-02-17,820,NOAA-20,VIIRS,n,2,,315.93,11.12,D,0,,,,,,5000.0,False,
firms_8546fa86a74f43d0,VIIRS_SNPP_SP,8.57998,78.09524,335.28,,0.47,0.64,2025-08-19,0726,SNPP,VIIRS,n,2,299.96,,2.7,D,0,osm_way_548907979,chemical_industry,DCW,way,548907979,5000.0,True,1431.797
firms_8568c802e115ccb9,VIIRS_NOAA20_SP,8.93889,78.12753,,338.03,0.49,0.4,2024-09-10,820,NOAA-20,VIIRS,n,2,,303.73,9.31,D,0,osm_way_733764035,thermal_power_plant,Mutiara Thermal Power Plant,way,733764035,5000.0,True,3455.37
firms_856cc0fdb00b5678,VIIRS_SNPP_SP,8.78657,77.99346,341.59,,0.48,0.4,2024-09-14,0821,SNPP,VIIRS,n,2,302.92,,4.76,D,0,osm_relation_16765870,power_plant,,relation,16765870,5000.0,True,2711.309
firms_85937dc084f0b829,VIIRS_NOAA20_SP,8.72737,77.85535,,310.55,0.32,0.55,2025-08-07,2050,NOAA-20,VIIRS,n,2,,290.03,1.44,N,0,,,,,,5000.0,False,
firms_85dac1559ea39b72,VIIRS_NOAA20_SP,8.85824,77.9454,,348.84,0.38,0.36,2024-04-09,809,NOAA-20,VIIRS,n,2,,311.75,3.57,D,0,,,,,,5000.0,False,
firms_85e7fc8df38aa1a0,VIIRS_SNPP_SP,8.44721,77.98692,339.64,,0.41,0.37,2025-07-10,0817,SNPP,VIIRS,n,2,308.7,,2.31,D,0,,,,,,5000.0,False,
firms_862133edf2b43f43,VIIRS_SNPP_SP,8.5718,77.90462,315.01,,0.63,0.54,2025-07-10,2053,SNPP,VIIRS,n,2,278.18,,3.72,N,0,osm_way_1453652971,power_plant,,way,1453652971,5000.0,True,1087.542
firms_863499716c39e17f,VIIRS_NOAA20_SP,8.69232,77.90778,,331.76,0.49,0.65,2025-09-16,724,NOAA-20,VIIRS,n,2,,288.98,5.83,D,0,osm_way_1032774973,mining,,way,1032774973,5000.0,True,3119.023
firms_864b601a5fd1850a,VIIRS_NOAA20_SP,8.56956,78.08058,,341.55,0.53,0.42,2025-08-19,749,NOAA-20,VIIRS,n,2,,306.55,4.97,D,0,osm_way_548907979,chemical_industry,DCW,way,548907979,5000.0,True,3059.417
firms_86a2615b1c478184,VIIRS_NOAA20_SP,8.75104,78.12513,,335.34,0.42,0.38,2025-12-29,816,NOAA-20,VIIRS,n,2,,301.82,3.73,D,0,osm_relation_17348197,power_plant,SPIC Thoothukudi Floating Solar PV Park,relation,17348197,5000.0,True,1845.346
firms_86a4e79d840e4f0b,VIIRS_SNPP_SP,8.8571,77.89926,331.96,,0.46,0.64,2024-04-26,0725,SNPP,VIIRS,n,2,298.18,,3.05,D,0,,,,,,5000.0,False,
firms_873926a0da480b52,VIIRS_SNPP_SP,8.75875,78.01372,334.02,,0.44,0.46,2024-03-24,0744,SNPP,VIIRS,l,2,305.91,,2.87,D,0,osm_way_823674462,generic_industrial,,way,823674462,5000.0,True,2792.632
firms_8790b97fb35f3ebf,VIIRS_NOAA20_SP,8.87295,78.15943,,333.26,0.49,0.4,2023-10-06,821,NOAA-20,VIIRS,n,2,,300.15,2.86,D,0,osm_way_906827217,generic_industrial,,way,906827217,5000.0,True,2364.444
firms_87d9be91aec3d9c7,VIIRS_NOAA20_SP,8.82994,78.09123,,334.31,0.49,0.4,2025-02-01,820,NOAA-20,VIIRS,n,2,,299.05,2.02,D,0,osm_way_385432377,thermal_power_plant,,way,385432377,5000.0,True,1487.479
firms_87f93f2ed674e129,VIIRS_SNPP_SP,8.8611,77.95855,332.5,,0.57,0.52,2025-07-12,0739,SNPP,VIIRS,n,2,295.71,,3.08,D,0,,,,,,5000.0,False,
firms_87fc713d73b501b3,VIIRS_SNPP_SP,8.72325,77.92817,343.07,,0.39,0.36,2025-02-11,0809,SNPP,VIIRS,n,2,312.21,,2.82,D,0,,,,,,5000.0,False,
firms_8852585cc12db0ee,VIIRS_SNPP_SP,8.9276,78.16771,339.56,,0.42,0.38,2024-08-24,0815,SNPP,VIIRS,n,2,295.74,,3.47,D,0,osm_way_733764035,thermal_power_plant,Mutiara Thermal Power Plant,way,733764035,5000.0,True,2968.045
firms_886d5db315506550,VIIRS_SNPP_SP,8.9032,77.89617,336.84,,0.48,0.48,2025-08-26,0836,SNPP,VIIRS,n,2,299.85,,2.95,D,0,,,,,,5000.0,False,
firms_88a24685f97e29b3,VIIRS_NOAA20_SP,8.75666,78.18491,,337.47,0.52,0.42,2025-08-19,749,NOAA-20,VIIRS,l,2,,310.19,7.54,D,0,osm_way_906827214,industrial_works,,way,906827214,5000.0,True,487.605
firms_88fa4e1f27de24e7,VIIRS_SNPP_SP,8.86865,78.12007,298.54,,0.39,0.36,2024-08-31,2020,SNPP,VIIRS,n,2,272.77,,0.63,N,0,osm_way_385432381,thermal_power_plant,Thoothukudi IBPGL,way,385432381,5000.0,True,1288.231
firms_8900391aaf613ffe,VIIRS_NOAA20_SP,8.66993,77.99233,,304.67,0.4,0.45,2025-07-12,2038,NOAA-20,VIIRS,n,2,,285.31,1.17,N,0,,,,,,5000.0,False,
firms_89147f7253f99b50,VIIRS_NOAA20_SP,8.52533,77.95367,,330.64,0.55,0.43,2025-02-24,748,NOAA-20,VIIRS,l,2,,305.11,2.42,D,0,osm_way_1468877017,power_plant,,way,1468877017,5000.0,True,2873.088
firms_8922d885ccb33b4d,VIIRS_NOAA20_SP,8.65366,78.00964,,309.9,0.4,0.37,2024-09-23,2011,NOAA-20,VIIRS,n,2,,293.86,1.67,N,0,,,,,,5000.0,False,
firms_8a23a6b38887fbfe,VIIRS_NOAA20_SP,8.76619,77.95902,,335.18,0.41,0.37,2025-07-06,814,NOAA-20,VIIRS,n,2,,302.02,1.29,D,0,osm_way_986423924,power_plant,,way,986423924,5000.0,True,308.662
firms_8a2cc9ba96a14ee2,VIIRS_SNPP_SP,8.87186,78.16111,344.63,,0.4,0.44,2025-08-05,0829,SNPP,VIIRS,n,2,297.08,,4.34,D,0,osm_way_906827217,generic_industrial,,way,906827217,5000.0,True,2558.457
firms_8a47edddd32c1afb,VIIRS_NOAA20_SP,8.79757,77.99899,,335.55,0.61,0.71,2025-06-07,717,NOAA-20,VIIRS,n,2,,297.05,6.98,D,0,osm_relation_16765870,power_plant,,relation,16765870,5000.0,True,4067.031
firms_8a57a7c29c9155d8,VIIRS_SNPP_SP,8.86888,78.15579,309.71,,0.41,0.37,2025-03-16,2026,SNPP,VIIRS,n,2,292.08,,3.8,N,0,osm_way_906827217,generic_industrial,,way,906827217,5000.0,True,2047.176
firms_8a9ad09584f17e6f,VIIRS_SNPP_SP,8.8687,78.15829,307.41,,0.53,0.42,2025-04-13,2001,SNPP,VIIRS,n,2,294.26,,2.32,N,0,osm_way_906827217,generic_industrial,,way,906827217,5000.0,True,2316.977
firms_8aa2c0334d7e5323,VIIRS_SNPP_SP,8.7266,77.97061,339.9,,0.41,0.37,2025-10-30,0819,SNPP,VIIRS,n,2,306.96,,2.31,D,0,osm_relation_16765870,power_plant,,relation,16765870,5000.0,True,4469.759
firms_8aab2e287096ee33,VIIRS_SNPP_SP,8.46665,77.98046,330.92,,0.41,0.37,2025-05-23,0816,SNPP,VIIRS,l,2,301.66,,2.97,D,0,,,,,,5000.0,False,
firms_8ab47825448ddae7,VIIRS_NOAA20_SP,8.82384,78.03342,,335.07,0.39,0.36,2024-05-06,803,NOAA-20,VIIRS,l,2,,307.06,3.01,D,0,osm_way_1432129272,power_plant,,way,1432129272,5000.0,True,1489.149
firms_8afcc7dd68f23d3e,VIIRS_SNPP_SP,8.69498,78.02872,336.63,,0.5,0.49,2025-07-09,0835,SNPP,VIIRS,n,2,300.19,,4.96,D,0,osm_way_1442917861,power_plant,,way,1442917861,5000.0,True,3639.933
firms_8b9a6838880880b3,VIIRS_SNPP_SP,8.50456,78.0464,345.72,,0.41,0.37,2024-07-07,0815,SNPP,VIIRS,n,2,303.67,,8.92,D,0,,,,,,5000.0,False,
firms_8be5c059d9b962fb,VIIRS_NOAA20_SP,8.87511,78.05111,,333.55,0.61,0.71,2025-06-07,717,NOAA-20,VIIRS,n,2,,295.44,5.28,D,0,osm_way_385432388,thermal_power_plant,Thoothukudi IBTPL power station,way,385432388,5000.0,True,1168.339
firms_8c605a1d486785c6,VIIRS_NOAA20_SP,8.43259,78.01019,,334.85,0.55,0.43,2025-04-29,748,NOAA-20,VIIRS,n,2,,298.76,2.39,D,0,,,,,,5000.0,False,
firms_8c8a3a2f8b0166e9,VIIRS_NOAA20_SP,8.75248,78.17419,,331.71,0.42,0.37,2024-02-22,815,NOAA-20,VIIRS,l,2,,306.59,3.5,D,0,osm_way_1384361544,power_plant,,way,1384361544,5000.0,True,506.018
firms_8cb03262c64cee7b,VIIRS_NOAA20_SP,8.80816,78.07064,,336.31,0.33,0.55,2025-08-27,839,NOAA-20,VIIRS,n,2,,291.48,3.46,D,0,osm_way_661590305,generic_industrial,,way,661590305,5000.0,True,973.783
firms_8d044ef1e417b4a4,VIIRS_NOAA20_SP,8.93042,78.00132,,338.59,0.39,0.36,2024-04-25,810,NOAA-20,VIIRS,l,2,,309.37,8.78,D,0,osm_way_1516453091,mining,,way,1516453091,5000.0,True,2725.69
firms_8d50ccc282bc2aad,VIIRS_SNPP_SP,8.93174,77.96087,329.9,,0.58,0.7,2024-08-11,0719,SNPP,VIIRS,n,2,283.29,,9,D,0,,,,,,5000.0,False,
firms_8d67fada245f2da9,VIIRS_NOAA20_SP,8.91158,77.94329,,338.09,0.44,0.39,2025-07-07,755,NOAA-20,VIIRS,n,2,,308.07,2.73,D,0,,,,,,5000.0,False,
firms_8d6889aa60e52d99,VIIRS_NOAA20_SP,8.81162,78.07884,,347.29,0.44,0.46,2024-08-11,743,NOAA-20,VIIRS,n,2,,289.25,4.15,D,0,osm_way_661590305,generic_industrial,,way,661590305,5000.0,True,544.677
firms_8d9b7549ff5131bb,VIIRS_NOAA20_SP,8.80447,78.02752,,338.29,0.58,0.52,2024-07-05,736,NOAA-20,VIIRS,n,2,,297.07,1.76,D,0,osm_way_1432129272,power_plant,,way,1432129272,5000.0,True,3683.907
firms_8dc3b955bcc63561,VIIRS_SNPP_SP,8.81964,77.99725,345.74,,0.4,0.44,2025-06-02,0829,SNPP,VIIRS,n,2,304.98,,10.99,D,0,osm_way_1432129272,power_plant,,way,1432129272,5000.0,True,4407.362
firms_8dc9fd066ad30e3a,VIIRS_NOAA20_SP,8.60044,77.88046,,337.34,0.41,0.37,2024-07-19,814,NOAA-20,VIIRS,n,2,,295.02,3.59,D,0,osm_way_1453652971,power_plant,,way,1453652971,5000.0,True,3602.059
firms_8dd6cb4d0c0f9be4,VIIRS_NOAA20_SP,8.59521,77.86837,,333.82,0.39,0.59,2024-09-18,729,NOAA-20,VIIRS,l,2,,305.77,2.83,D,0,osm_way_1453652971,power_plant,,way,1453652971,5000.0,True,4517.337
firms_8df0c19064f038af,VIIRS_NOAA20_SP,8.892,78.05025,,315.13,0.39,0.36,2024-07-26,2019,NOAA-20,VIIRS,n,2,,286.43,1.83,N,0,osm_way_385432388,thermal_power_plant,Thoothukudi IBTPL power station,way,385432388,5000.0,True,888.731
firms_8e9b2d77cc3daa85,VIIRS_SNPP_SP,8.85466,77.96022,347.06,,0.36,0.58,2025-06-21,0733,SNPP,VIIRS,n,2,297.72,,2.8,D,0,,,,,,5000.0,False,
firms_8ec05502ea55fbbe,VIIRS_NOAA20_SP,8.86626,78.15786,,332.01,0.4,0.44,2024-02-16,827,NOAA-20,VIIRS,n,2,,301.92,2.22,D,0,osm_way_906827217,generic_industrial,,way,906827217,5000.0,True,2358.414
firms_8efd282a3305ff58,VIIRS_NOAA20_SP,8.7644,78.07362,,330.02,0.41,0.61,2024-04-07,846,NOAA-20,VIIRS,n,2,,298.98,3.45,D,0,osm_way_1235088522,generic_industrial,,way,1235088522,5000.0,True,4191.32
firms_8f4ae81c1314fcc5,VIIRS_NOAA20_SP,8.94937,77.9136,,338.54,0.38,0.36,2024-06-28,808,NOAA-20,VIIRS,l,2,,310.34,5.15,D,0,,,,,,5000.0,False,
firms_8faed190197b67f9,VIIRS_NOAA20_SP,8.70624,77.99857,,335.52,0.54,0.42,2024-04-10,750,NOAA-20,VIIRS,n,2,,303.33,1.89,D,0,osm_way_1442917861,power_plant,,way,1442917861,5000.0,True,3963.768
firms_8fc76e9c8b17d940,VIIRS_NOAA20_SP,8.52736,78.12327,,344.37,0.43,0.46,2024-04-21,745,NOAA-20,VIIRS,n,2,,301.09,2.34,D,3,osm_way_1504375937,generic_industrial,,way,1504375937,5000.0,True,1599.144
firms_8fd7fc9b997a3c94,VIIRS_NOAA20_SP,8.8373,77.98634,,341.68,0.37,0.58,2025-09-05,730,NOAA-20,VIIRS,n,2,,296.4,3.67,D,0,,,,,,5000.0,False,
firms_907ec1f0982bf46b,VIIRS_NOAA20_SP,8.3884,78.05653,,340.21,0.59,0.53,2024-10-09,735,NOAA-20,VIIRS,n,2,,291.44,3.38,D,3,osm_way_958448568,generic_industrial,,way,958448568,5000.0,True,1990.282
firms_90b49597f8443e3b,VIIRS_NOAA20_SP,8.57347,78.00814,,338.78,0.41,0.37,2024-09-05,814,NOAA-20,VIIRS,n,2,,307.69,4.22,D,0,,,,,,5000.0,False,
firms_90e15bb289d72d06,VIIRS_NOAA20_SP,8.37114,77.9342,,334.37,0.46,0.47,2025-07-29,743,NOAA-20,VIIRS,n,2,,301.54,2.83,D,0,,,,,,5000.0,False,
firms_90ea25c0c8d023a7,VIIRS_NOAA20_SP,8.88817,78.14357,,336.29,0.44,0.46,2025-08-30,743,NOAA-20,VIIRS,n,2,,299.32,4.2,D,0,osm_way_906390049,generic_industrial,,way,906390049,5000.0,True,1218.626
firms_911b67f6e555b849,MODIS_SP,8.6801,78.0886,322.7,,1.6,1.2,2025-07-09,910,Aqua,MODIS,70,61.03,300.4,,18.1,D,0,osm_way_906831349,generic_industrial,,way,906831349,5000.0,True,1939.334
firms_9194a525942929d2,VIIRS_NOAA20_SP,8.79301,78.01747,,342.8,0.45,0.39,2025-06-21,755,NOAA-20,VIIRS,n,2,,305.59,4.37,D,0,,,,,,5000.0,False,
firms_91b3c2bda223831f,MODIS_SP,8.5797,78.1195,370.5,,1.1,1,2024-06-15,900,Aqua,MODIS,0,61.03,309.2,,117.3,D,0,osm_way_548907979,chemical_industry,DCW,way,548907979,5000.0,True,3023.672
firms_9277f545b8ac60a7,VIIRS_SNPP_SP,8.6834,77.96423,343.59,,0.45,0.39,2025-06-09,0758,SNPP,VIIRS,n,2,298.53,,3.21,D,0,osm_relation_17415628,power_plant,,relation,17415628,5000.0,True,3315.516
firms_928c173b0a1a3def,VIIRS_NOAA20_SP,8.92751,78.17239,,340.64,0.43,0.38,2025-07-23,755,NOAA-20,VIIRS,n,2,,297.14,3.94,D,0,osm_way_733764035,thermal_power_plant,Mutiara Thermal Power Plant,way,733764035,5000.0,True,3406.483
firms_928ee34fd394c5c4,VIIRS_SNPP_SP,8.94985,78.06698,337.69,,0.42,0.37,2025-05-07,0816,SNPP,VIIRS,n,2,297.37,,3.24,D,0,osm_way_1432135179,power_plant,,way,1432135179,5000.0,True,4262.665
firms_92da06674b428885,VIIRS_SNPP_SP,8.68187,77.993,340.2,,0.41,0.37,2024-04-02,0815,SNPP,VIIRS,n,2,302.56,,7.1,D,0,,,,,,5000.0,False,
firms_92eff9bd3e1bf8e3,VIIRS_NOAA20_SP,8.56844,78.08245,,347.82,0.53,0.42,2025-08-19,749,NOAA-20,VIIRS,n,2,,307.57,10.27,D,0,osm_way_548907979,chemical_industry,DCW,way,548907979,5000.0,True,3063.265
firms_93421620910c215a,MODIS_SP,8.8371,77.9986,308.6,,1.4,1.2,2025-09-03,1543,Terra,MODIS,75,61.03,291.7,,9.4,N,0,osm_way_1432129272,power_plant,,way,1432129272,5000.0,True,3802.289
firms_934544c951ebbe36,VIIRS_SNPP_SP,8.85334,77.97247,346.08,,0.47,0.64,2024-06-29,0724,SNPP,VIIRS,n,2,291.61,,4.82,D,0,,,,,,5000.0,False,
firms_938cf5e8d7357352,VIIRS_SNPP_SP,8.87554,78.0898,334.97,,0.53,0.42,2024-07-19,0750,SNPP,VIIRS,n,2,304.3,,1.94,D,0,osm_way_906837209,generic_industrial,,way,906837209,5000.0,True,2224.84
firms_9393ffc2f90cbabc,VIIRS_SNPP_SP,8.73305,77.97042,333.88,,0.41,0.37,2025-05-23,0816,SNPP,VIIRS,n,2,303.28,,2.32,D,0,osm_relation_16765870,power_plant,,relation,16765870,5000.0,True,3786.714
firms_93d28036e08544ea,VIIRS_SNPP_SP,8.77955,77.86048,335.33,,0.57,0.43,2025-08-05,0829,SNPP,VIIRS,n,2,299.26,,3.4,D,0,,,,,,5000.0,False,
firms_93d6cb77ea58298f,VIIRS_SNPP_SP,8.87898,78.0517,331.98,,0.55,0.51,2024-05-06,0738,SNPP,VIIRS,l,2,302.12,,8.83,D,0,osm_way_385432388,thermal_power_plant,Thoothukudi IBTPL power station,way,385432388,5000.0,True,745.229
firms_943900499bde94cf,VIIRS_SNPP_SP,8.86297,78.06842,346.53,,0.44,0.38,2024-04-19,0757,SNPP,VIIRS,n,2,305.79,,6.54,D,0,osm_way_906827220,generic_industrial,,way,906827220,5000.0,True,1432.246
firms_94497b6aeec6a525,VIIRS_NOAA20_SP,8.91692,78.041,,337.57,0.5,0.41,2024-04-19,822,NOAA-20,VIIRS,n,2,,304.91,11.81,D,0,osm_way_1432135179,power_plant,,way,1432135179,5000.0,True,1441.027
firms_94ab2809424de4be,VIIRS_SNPP_SP,8.70659,78.07846,340.59,,0.44,0.46,2024-09-16,0743,SNPP,VIIRS,n,2,299.61,,4.28,D,0,osm_way_906831350,generic_industrial,,way,906831350,5000.0,True,1694.037
firms_94b3b49b0f3ccde3,VIIRS_NOAA20_SP,8.64705,78.0954,,346.22,0.32,0.55,2025-06-08,838,NOAA-20,VIIRS,n,2,,295.75,3.25,D,0,osm_way_906831348,generic_industrial,,way,906831348,5000.0,True,1482.233
firms_94f96082213801b1,VIIRS_SNPP_SP,8.88853,78.04745,333.76,,0.51,0.49,2025-06-07,0835,SNPP,VIIRS,n,2,303,,5.22,D,0,osm_way_385432388,thermal_power_plant,Thoothukudi IBTPL power station,way,385432388,5000.0,True,856.781
firms_9519b125805c0826,MODIS_SP,8.7716,77.9787,339.1,,2,1.4,2025-07-05,951,Aqua,MODIS,89,61.03,302.9,,74.5,D,0,osm_relation_16765870,power_plant,,relation,16765870,5000.0,True,659.737
firms_958c87be45f75c23,VIIRS_SNPP_SP,8.80435,78.00679,332.59,,0.4,0.44,2025-06-02,0829,SNPP,VIIRS,l,2,304.06,,4.33,D,0,osm_way_1432129272,power_plant,,way,1432129272,5000.0,True,4658.369
firms_9679fa93ef602f6e,VIIRS_SNPP_SP,8.80221,78.08071,,343.18,0.44,0.39,2023-10-26,756,SNPP,VIIRS,n,2,,296.81,6.25,D,0,osm_way_1073989741,generic_industrial,,way,1073989741,5000.0,True,225.048
firms_969eb13835af9643,VIIRS_NOAA20_SP,8.68812,77.92703,,334.1,0.38,0.36,2025-02-07,807,NOAA-20,VIIRS,l,2,,304.61,2.35,D,0,osm_way_1032774973,mining,,way,1032774973,5000.0,True,2436.2
firms_97421e1257f5298f,VIIRS_SNPP_SP,8.90006,77.96232,340.39,,0.41,0.37,2025-06-08,0816,SNPP,VIIRS,n,2,305.89,,8.32,D,0,,,,,,5000.0,False,
firms_9798185e9cc90f43,VIIRS_NOAA20_SP,8.88956,78.041,,345.97,0.39,0.36,2024-05-06,803,NOAA-20,VIIRS,n,2,,308.3,6.67,D,0,osm_way_385432388,thermal_power_plant,Thoothukudi IBTPL power station,way,385432388,5000.0,True,1558.439
firms_97ce35d6bdde7c87,VIIRS_NOAA20_SP,8.84116,78.04025,,349.8,0.58,0.52,2024-07-05,736,NOAA-20,VIIRS,n,2,,297,27.52,D,0,osm_way_1432129272,power_plant,,way,1432129272,5000.0,True,888.709
firms_988b49d63357d3c0,VIIRS_NOAA20_SP,8.8104,78.03584,,331.95,0.32,0.55,2024-07-23,839,NOAA-20,VIIRS,n,2,,299.57,1.72,D,0,osm_way_1432129272,power_plant,,way,1432129272,5000.0,True,2989.885
firms_98c9a1473aedf845,VIIRS_NOAA20_SP,8.86625,78.15781,,332.81,0.35,0.57,2025-08-04,730,NOAA-20,VIIRS,n,2,,293.31,2.29,D,0,osm_way_906827217,generic_industrial,,way,906827217,5000.0,True,2353.728
firms_98e6ebb2fbfc4657,VIIRS_SNPP_SP,8.63198,78.0223,,342.67,0.54,0.42,2023-10-05,750,SNPP,VIIRS,n,2,,295.87,4.19,D,0,,,,,,5000.0,False,
firms_98f4d21cbeefbd56,VIIRS_NOAA20_SP,8.76015,78.18585,,333.37,0.51,0.49,2025-05-02,832,NOAA-20,VIIRS,n,2,,300.16,6.39,D,0,osm_relation_9212425,generic_industrial,,relation,9212425,5000.0,True,293.647
firms_992f3a6ae3e76404,VIIRS_NOAA20_SP,8.92283,78.07436,,335,0.49,0.4,2024-07-24,820,NOAA-20,VIIRS,n,2,,298.93,3.93,D,0,osm_way_1432135179,power_plant,,way,1432135179,5000.0,True,2490.612
firms_9984c8b9c7e43911,VIIRS_NOAA20_SP,8.73986,78.08087,,332.64,0.49,0.4,2023-10-06,821,NOAA-20,VIIRS,l,2,,302.84,3.42,D,0,osm_way_906831352,generic_industrial,,way,906831352,5000.0,True,2632.646
firms_99871065ec1bec62,VIIRS_SNPP_SP,8.62777,78.01012,309.45,,0.4,0.37,2025-09-14,2016,SNPP,VIIRS,n,2,285.16,,1.46,N,0,,,,,,5000.0,False,
firms_99c5e904c07850a3,VIIRS_NOAA20_SP,8.4811,78.03965,,337.54,0.48,0.4,2024-07-24,820,NOAA-20,VIIRS,n,2,,287.19,3.94,D,0,,,,,,5000.0,False,
firms_99cfe7d1ac6fa45d,MODIS_SP,8.5127,78.0552,327.6,,2.8,1.6,2025-07-29,900,Aqua,MODIS,79,61.03,298.3,,60.9,D,0,,,,,,5000.0,False,
firms_9a1465079c93c458,VIIRS_NOAA20_SP,8.68644,77.96062,,337.52,0.48,0.4,2025-06-09,820,NOAA-20,VIIRS,n,2,,297.26,2.88,D,0,osm_relation_17415628,power_plant,,relation,17415628,5000.0,True,3338.383
firms_9a67ee6cd750f1e1,VIIRS_SNPP_SP,8.7118,78.15025,336.58,,0.42,0.38,2025-02-16,0815,SNPP,VIIRS,n,2,307.31,,4.43,D,3,osm_way_398674681,generic_industrial,,way,398674681,5000.0,True,2792.2
firms_9ab02a5e4e58073b,VIIRS_NOAA20_SP,8.50111,78.06461,,354.98,0.46,0.47,2024-09-28,741,NOAA-20,VIIRS,n,2,,295.88,12.14,D,0,,,,,,5000.0,False,
firms_9adce27bc9a49fec,VIIRS_NOAA20_SP,8.8756,78.13615,,336.73,0.39,0.36,2024-08-10,802,NOAA-20,VIIRS,l,2,,299.89,6.43,D,0,osm_way_906827217,generic_industrial,,way,906827217,5000.0,True,251.389
firms_9b038c8d782eb9b8,VIIRS_SNPP_SP,8.71075,78.14427,337.49,,0.41,0.37,2025-03-20,0815,SNPP,VIIRS,n,2,306.32,,2.43,D,0,osm_way_398674681,generic_industrial,,way,398674681,5000.0,True,2194.208
firms_9b0a01369d3abb22,VIIRS_NOAA20_SP,8.86759,78.15787,,332.52,0.5,0.41,2025-08-12,821,NOAA-20,VIIRS,n,2,,291.8,4.66,D,0,osm_way_906827217,generic_industrial,,way,906827217,5000.0,True,2308.518
firms_9b0c9c90a9dd6666,VIIRS_SNPP_SP,8.88831,78.0444,339.05,,0.53,0.42,2025-06-20,0751,SNPP,VIIRS,n,2,299.03,,3.4,D,0,osm_way_385432388,thermal_power_plant,Thoothukudi IBTPL power station,way,385432388,5000.0,True,1160.056
firms_9bd836905177c40c,VIIRS_SNPP_SP,8.75975,78.18302,342.57,,0.41,0.37,2025-08-27,0817,SNPP,VIIRS,n,2,303,,7.64,D,0,osm_relation_9212425,generic_industrial,,relation,9212425,5000.0,True,352.785
firms_9bf5eb379ebbed9a,VIIRS_NOAA20_SP,8.83768,77.93903,,333.66,0.48,0.4,2025-06-25,820,NOAA-20,VIIRS,n,2,,294.73,4.07,D,0,,,,,,5000.0,False,
firms_9c086ea7876e728a,VIIRS_SNPP_SP,8.87751,78.15092,331.55,,0.41,0.45,2025-06-18,0829,SNPP,VIIRS,n,2,293.94,,2.31,D,0,osm_way_906827217,generic_industrial,,way,906827217,5000.0,True,1469.642
firms_9c402e61773728f2,VIIRS_NOAA20_SP,8.8624,78.07027,,344.54,0.5,0.41,2024-04-19,822,NOAA-20,VIIRS,n,2,,303.98,5.15,D,0,osm_way_906827220,generic_industrial,,way,906827220,5000.0,True,1579.295
firms_9c616b6b1a605ee1,VIIRS_NOAA20_SP,8.60098,77.88414,,331.08,0.41,0.37,2024-07-19,814,NOAA-20,VIIRS,n,2,,296.96,4.08,D,0,osm_way_1453652971,power_plant,,way,1453652971,5000.0,True,3321.178
firms_9c984127b20fce4b,VIIRS_NOAA20_SP,8.86635,78.15643,,333.47,0.56,0.51,2025-08-25,737,NOAA-20,VIIRS,l,2,,308.26,6.47,D,0,osm_way_906827217,generic_industrial,,way,906827217,5000.0,True,2209.35
firms_9cf5179e312591df,VIIRS_NOAA20_SP,8.9436,78.03207,,337.19,0.44,0.38,2025-07-07,755,NOAA-20,VIIRS,n,2,,305.29,3.59,D,0,osm_way_1516453091,mining,,way,1516453091,5000.0,True,2276.595
firms_9d0ece837be26dff,VIIRS_SNPP_SP,8.46979,77.92506,330.42,,0.37,0.58,2024-03-14,0731,SNPP,VIIRS,n,2,304.44,,5.23,D,0,,,,,,5000.0,False,
firms_9d521c4ac8c74e92,VIIRS_SNPP_SP,8.94557,77.94719,341.62,,0.39,0.36,2024-04-29,0809,SNPP,VIIRS,n,2,304.48,,7.83,D,0,,,,,,5000.0,False,
firms_9d69fa46c2b4f640,VIIRS_NOAA20_SP,8.67194,78.01117,,338.18,0.37,0.58,2025-08-04,730,NOAA-20,VIIRS,n,2,,291.4,2.56,D,0,,,,,,5000.0,False,
firms_9dabc4d0f0a3c664,VIIRS_SNPP_SP,8.75189,78.08269,352.21,,0.52,0.42,2024-08-04,0750,SNPP,VIIRS,n,2,300.01,,7.16,D,0,osm_way_906831352,generic_industrial,,way,906831352,5000.0,True,3306.255
firms_9e2280be133988b2,VIIRS_SNPP_SP,8.6995,78.02809,331.63,,0.5,0.49,2025-07-09,0835,SNPP,VIIRS,n,2,300.99,,3.99,D,0,osm_way_1442917861,power_plant,,way,1442917861,5000.0,True,3137.867
firms_9f547ed4915b26ee,VIIRS_NOAA20_SP,8.77291,77.97191,,333.66,0.59,0.53,2025-09-26,736,NOAA-20,VIIRS,n,2,,285.09,6.63,D,0,osm_relation_16765870,power_plant,,relation,16765870,5000.0,True,1208.467
firms_9f6e470649cf9b41,VIIRS_NOAA20_SP,8.86633,78.15672,,333.75,0.4,0.44,2024-04-08,828,NOAA-20,VIIRS,l,2,,306.06,3.09,D,0,osm_way_906827217,generic_industrial,,way,906827217,5000.0,True,2239.561
firms_9f860a5128676f49,VIIRS_SNPP_SP,8.76516,77.91005,367,,0.4,0.6,2024-06-30,0846,SNPP,VIIRS,h,2,294.02,,24.47,D,0,,,,,,5000.0,False,
firms_9fb2da180ded34c2,VIIRS_SNPP_SP,8.86486,78.10443,330.95,,0.36,0.57,2025-06-05,0733,SNPP,VIIRS,n,2,298.82,,1.71,D,0,osm_way_385432381,thermal_power_plant,Thoothukudi IBPGL,way,385432381,5000.0,True,482.991
firms_9fffc4ccee92a464,VIIRS_NOAA20_SP,8.85772,77.94193,,340.67,0.38,0.36,2024-04-09,809,NOAA-20,VIIRS,l,2,,311.23,3.57,D,0,,,,,,5000.0,False,
firms_a0152d449f9c569d,VIIRS_NOAA20_SP,8.75319,77.95661,,334.41,0.48,0.4,2025-06-09,820,NOAA-20,VIIRS,n,2,,294.47,2.54,D,0,osm_way_986423924,power_plant,,way,986423924,5000.0,True,1571.804
firms_a02264eba4671397,VIIRS_NOAA20_SP,8.82106,78.03745,,334.52,0.39,0.36,2024-05-06,803,NOAA-20,VIIRS,l,2,,306.92,2.33,D,0,osm_way_1432129272,power_plant,,way,1432129272,5000.0,True,1857.213
firms_a04d872a818c3cc8,VIIRS_SNPP_SP,8.62096,77.91766,330.05,,0.46,0.47,2025-07-17,0745,SNPP,VIIRS,n,2,281.66,,5.51,D,0,osm_way_1453652971,power_plant,,way,1453652971,5000.0,True,4536.019
firms_a0b94f43f24abdb5,MODIS_SP,8.895,78.0518,328.5,,1,1,2024-07-26,858,Aqua,MODIS,76,61.03,302.8,,7.6,D,0,osm_way_385432388,thermal_power_plant,Thoothukudi IBTPL power station,way,385432388,5000.0,True,1129.207
firms_a151c7f253b92e44,VIIRS_NOAA20_SP,8.86721,78.15814,,332.79,0.53,0.42,2025-09-20,749,NOAA-20,VIIRS,n,2,,302.2,4.57,D,0,osm_way_906827217,generic_industrial,,way,906827217,5000.0,True,2350.24
firms_a1605319a3ceb48c,VIIRS_NOAA20_SP,8.85325,77.96223,,342.71,0.45,0.39,2025-06-21,755,NOAA-20,VIIRS,n,2,,304.19,2.39,D,0,,,,,,5000.0,False,
firms_a16099ca19de7939,VIIRS_NOAA20_SP,8.78096,77.99014,,346.2,0.38,0.36,2024-06-28,808,NOAA-20,VIIRS,n,2,,307.55,8.07,D,0,osm_relation_16765870,power_plant,,relation,16765870,5000.0,True,1991.796
firms_a16a56c92101303e,VIIRS_NOAA20_SP,8.87162,78.16026,,341.36,0.42,0.61,2025-03-09,844,NOAA-20,VIIRS,n,2,,302.56,3.49,D,0,osm_way_906827217,generic_industrial,,way,906827217,5000.0,True,2468.433
firms_a189dbc4432b3d7c,VIIRS_NOAA20_SP,8.65961,77.8717,,335.4,0.4,0.37,2024-09-21,813,NOAA-20,VIIRS,l,2,,308.16,3.17,D,0,,,,,,5000.0,False,
firms_a1ec88b511710205,VIIRS_SNPP_SP,8.84352,77.94512,347.41,,0.41,0.37,2025-08-27,0817,SNPP,VIIRS,n,2,296.92,,6.58,D,0,,,,,,5000.0,False,
firms_a2052290648ea0cc,VIIRS_SNPP_SP,8.86912,78.15676,334.78,,0.39,0.36,2024-04-29,0809,SNPP,VIIRS,n,2,301.45,,2.09,D,0,osm_way_906827217,generic_industrial,,way,906827217,5000.0,True,2142.388
firms_a2305497c776357d,VIIRS_SNPP_SP,8.89123,78.04921,342.23,,0.51,0.5,2024-05-03,0834,SNPP,VIIRS,n,2,291.25,,9.68,D,0,osm_way_385432388,thermal_power_plant,Thoothukudi IBTPL power station,way,385432388,5000.0,True,886.931
firms_a237de411f58f2d3,VIIRS_NOAA20_SP,8.57783,77.90773,,331.96,0.59,0.53,2024-08-06,736,NOAA-20,VIIRS,n,2,,295.3,7.6,D,0,osm_way_1453652971,power_plant,,way,1453652971,5000.0,True,398.19
firms_a289d6b71e954f3c,VIIRS_NOAA20_SP,8.66208,78.00376,,331.58,0.38,0.36,2025-01-06,807,NOAA-20,VIIRS,n,2,,300.9,2.81,D,0,,,,,,5000.0,False,
firms_a2ba0ad7734aa4ee,VIIRS_NOAA20_SP,8.7964,77.91972,,336.66,0.58,0.52,2024-08-06,736,NOAA-20,VIIRS,n,2,,298.7,7.98,D,0,,,,,,5000.0,False,
firms_a2c8b36ee302ef02,VIIRS_SNPP_SP,8.88849,78.04208,347.31,,0.55,0.51,2024-05-06,0738,SNPP,VIIRS,n,2,300.92,,6.62,D,0,osm_way_385432388,thermal_power_plant,Thoothukudi IBTPL power station,way,385432388,5000.0,True,1410.505
firms_a35b3ea9da8b9a8b,VIIRS_SNPP_SP,8.8344,78.03383,336.91,,0.54,0.42,2024-07-03,0749,SNPP,VIIRS,n,2,301.66,,11.17,D,0,osm_way_1432129272,power_plant,,way,1432129272,5000.0,True,329.209
firms_a38174e554c032e8,VIIRS_NOAA20_SP,8.79577,77.99561,,345.8,0.43,0.46,2024-05-07,745,NOAA-20,VIIRS,n,2,,305.88,6.03,D,0,osm_relation_16765870,power_plant,,relation,16765870,5000.0,True,3713.719
firms_a3c9f5b7fc205e08,VIIRS_NOAA20_SP,8.76628,77.99484,,341.61,0.42,0.45,2024-03-26,746,NOAA-20,VIIRS,n,2,,303.41,2.56,D,0,osm_relation_16765870,power_plant,,relation,16765870,5000.0,True,1601.405
firms_a3f70b2f39958f99,MODIS_SP,8.6189,78.0007,305.7,,1.3,1.1,2025-07-06,1615,Terra,MODIS,65,61.03,294,,6,N,0,,,,,,5000.0,False,
firms_a3f89b4b8f507d14,VIIRS_SNPP_SP,8.69778,77.97237,339.06,,0.4,0.6,2024-06-14,0846,SNPP,VIIRS,n,2,297.29,,3.61,D,0,,,,,,5000.0,False,
firms_a463f4e07d0e2ecf,MODIS_SP,8.8445,77.9654,327.1,,1,1,2025-06-24,409,Terra,MODIS,78,61.03,304.7,,11.9,D,0,,,,,,5000.0,False,
firms_a4a17626f54ffc35,VIIRS_SNPP_SP,8.41917,78.04733,337.31,,0.5,0.49,2024-09-08,0834,SNPP,VIIRS,n,2,272.07,,6.23,D,0,osm_relation_15986380,thermal_power_plant,,relation,15986380,5000.0,True,2545.24
firms_a543d67cb75fde70,MODIS_SP,8.8606,78.1484,316.8,,1.5,1.2,2025-01-17,926,Aqua,MODIS,48,61.03,299.2,,12.2,D,0,osm_way_906827217,generic_industrial,,way,906827217,5000.0,True,1894.12
firms_a54a1d1677d2cb7e,VIIRS_NOAA20_SP,8.84088,78.02531,,335.95,0.54,0.42,2025-06-16,748,NOAA-20,VIIRS,n,2,,297.44,20.63,D,0,osm_way_1432129272,power_plant,,way,1432129272,5000.0,True,950.263
firms_a575c1b7c0e86a2f,MODIS_SP,8.7825,78.1864,314.7,,1,1,2024-08-12,900,Aqua,MODIS,62,61.03,299.4,,8,D,3,osm_way_906827207,industrial_works,,way,906827207,5000.0,True,2040.043
firms_a576c1d9668a0b27,VIIRS_NOAA20_SP,8.54352,78.0809,,308.69,0.41,0.37,2024-09-17,2024,NOAA-20,VIIRS,n,2,,293.63,1.04,N,0,,,,,,5000.0,False,
firms_a5df698c22f07828,VIIRS_NOAA20_SP,8.91248,78.00191,,336.73,0.54,0.68,2025-08-21,852,NOAA-20,VIIRS,n,2,,293.18,4.6,D,0,osm_way_1516453099,generic_industrial,,way,1516453099,5000.0,True,2650.8
firms_a605bde172088922,VIIRS_NOAA20_SP,8.6575,78.1038,,330.16,0.55,0.42,2025-10-06,749,NOAA-20,VIIRS,n,2,,298.47,3.92,D,0,osm_way_906831348,generic_industrial,,way,906831348,5000.0,True,1483.312
firms_a61929bae12397b1,VIIRS_NOAA20_SP,8.7724,78.08649,,338.3,0.37,0.58,2025-06-01,729,NOAA-20,VIIRS,n,2,,295.28,6.81,D,0,osm_way_1235088522,generic_industrial,,way,1235088522,5000.0,True,2688.252
firms_a6713938593b4fe2,MODIS_SP,8.7549,77.9125,327.4,,2.4,1.5,2024-06-30,921,Aqua,MODIS,56,61.03,298,,23.3,D,0,,,,,,5000.0,False,
firms_a6842fdef1c301ff,VIIRS_NOAA20_SP,8.62148,77.91706,,307.11,0.45,0.39,2025-09-05,2006,NOAA-20,VIIRS,n,2,,292.72,2.02,N,0,osm_way_1453652971,power_plant,,way,1453652971,5000.0,True,4575.11
firms_a68c47902539a47b,VIIRS_SNPP_SP,8.86832,78.15723,339.51,,0.42,0.38,2024-02-14,0815,SNPP,VIIRS,n,2,302.54,,3.4,D,0,osm_way_906827217,generic_industrial,,way,906827217,5000.0,True,2216.755
firms_a6b86b017defd0fb,VIIRS_NOAA20_SP,8.85211,77.97812,,336.69,0.4,0.37,2025-06-10,801,NOAA-20,VIIRS,n,2,,289.71,3.54,D,0,,,,,,5000.0,False,
firms_a77a5ea1817c1f65,VIIRS_SNPP_SP,8.61919,77.92162,335.99,,0.54,0.42,2025-06-20,0751,SNPP,VIIRS,n,2,297.01,,5.54,D,0,osm_way_1453652971,power_plant,,way,1453652971,5000.0,True,4484.893
firms_a8534bfd7c5a60ea,VIIRS_SNPP_SP,8.78989,78.07867,337.56,,0.36,0.57,2025-06-21,0733,SNPP,VIIRS,n,2,298.42,,1.39,D,0,osm_way_1073989741,generic_industrial,,way,1073989741,5000.0,True,1522.326
firms_a8c02cfc8d76806e,MODIS_SP,8.9283,77.8509,318.5,,1.4,1.2,2025-02-23,438,Terra,MODIS,20,61.03,301.8,,9.1,D,0,,,,,,5000.0,False,
firms_a8db1db73d199b97,VIIRS_SNPP_SP,8.59029,78.13535,348.27,,0.36,0.57,2025-06-21,0733,SNPP,VIIRS,n,2,298.42,,2.76,D,0,osm_way_548907979,chemical_industry,DCW,way,548907979,5000.0,True,4400.774
firms_a911680c74ee19b4,VIIRS_NOAA20_SP,8.42543,78.04319,,332.53,0.48,0.4,2024-07-24,820,NOAA-20,VIIRS,n,2,,289.9,6.1,D,0,osm_relation_15986380,thermal_power_plant,,relation,15986380,5000.0,True,2555.015
firms_a92df215e569aa66,VIIRS_SNPP_SP,8.82518,77.99843,336.72,,0.54,0.42,2025-07-06,0752,SNPP,VIIRS,n,2,302.99,,3.45,D,0,osm_way_1432129272,power_plant,,way,1432129272,5000.0,True,4049.366
firms_a959860799f6b533,VIIRS_SNPP_SP,8.79802,78.0862,331.8,,0.42,0.37,2024-02-14,0815,SNPP,VIIRS,n,2,299.66,,1.67,D,0,osm_way_1073989741,generic_industrial,,way,1073989741,5000.0,True,690.934
firms_a982e0953b681674,VIIRS_NOAA20_SP,8.84887,78.03256,,339.17,0.51,0.5,2024-05-31,834,NOAA-20,VIIRS,n,2,,294.08,3.78,D,0,osm_way_1432129271,power_plant,,way,1432129271,5000.0,True,501.828
firms_a9be1ecf137808b5,VIIRS_SNPP_SP,8.69298,78.04221,340.11,,0.42,0.38,2024-08-24,0815,SNPP,VIIRS,n,2,301.94,,5.74,D,0,osm_way_1442917861,power_plant,,way,1442917861,5000.0,True,4192.286
firms_a9ff7ea68c9fb823,VIIRS_NOAA20_SP,8.86783,78.15706,,310.77,0.51,0.49,2024-01-16,2044,NOAA-20,VIIRS,n,2,,293.44,1.29,N,0,osm_way_906827217,generic_industrial,,way,906827217,5000.0,True,2215.606
firms_aaa475fee26d4c1c,VIIRS_SNPP_SP,8.85762,78.00415,344.37,,0.53,0.42,2024-07-19,0750,SNPP,VIIRS,n,2,302.88,,44.71,D,0,osm_way_1011035031,generic_industrial,Orange Sironj,way,1011035031,5000.0,True,2950.515
firms_aacc8daa228ed371,VIIRS_NOAA20_SP,8.7125,78.10965,,342.67,0.42,0.37,2025-06-20,814,NOAA-20,VIIRS,n,2,,301.73,4.1,D,0,osm_way_906831351,generic_industrial,,way,906831351,5000.0,True,1229.619
firms_ab1b1fe7411bfd39,VIIRS_SNPP_SP,8.82023,78.03574,333.41,,0.55,0.51,2024-08-10,0737,SNPP,VIIRS,n,2,290.55,,6.96,D,0,osm_way_1432129272,power_plant,,way,1432129272,5000.0,True,1909.305
firms_ab3112de6e5b40c2,VIIRS_SNPP_SP,8.45622,78.03019,342.8,,0.39,0.44,2025-06-18,0829,SNPP,VIIRS,n,2,299.06,,4.88,D,0,osm_relation_15986380,thermal_power_plant,,relation,15986380,5000.0,True,4471.478
firms_ab9757786d7ddb81,VIIRS_SNPP_SP,8.82274,78.03546,355.89,,0.56,0.51,2024-05-06,0738,SNPP,VIIRS,n,2,302.07,,9.22,D,0,osm_way_1432129272,power_plant,,way,1432129272,5000.0,True,1630.236
firms_abb5141b8f933e4c,VIIRS_NOAA20_SP,8.82851,77.98395,,343.24,0.38,0.58,2024-06-30,730,NOAA-20,VIIRS,n,2,,293.67,2.5,D,0,,,,,,5000.0,False,
firms_abba4e4c2ee6a2cf,VIIRS_NOAA20_SP,8.82691,77.98688,,333.41,0.38,0.58,2024-06-30,730,NOAA-20,VIIRS,n,2,,292.49,1.97,D,0,,,,,,5000.0,False,
firms_abe47e5af424081b,VIIRS_NOAA20_SP,8.74798,78.07892,,335.63,0.49,0.4,2025-07-11,820,NOAA-20,VIIRS,n,2,,303.15,2.73,D,0,osm_way_906831352,generic_industrial,,way,906831352,5000.0,True,3302.832
firms_ac05d9619f96ffbe,VIIRS_SNPP_SP,8.6406,77.88569,346.03,,0.48,0.48,2025-09-11,0836,SNPP,VIIRS,n,2,300.01,,8.12,D,0,osm_way_1032774973,mining,,way,1032774973,5000.0,True,4818.116
firms_ac0e002b39726439,MODIS_SP,8.798,78.0022,318.1,,1.7,1.3,2024-07-09,418,Terra,MODIS,69,61.03,289.4,,11.6,D,0,osm_relation_16765870,power_plant,,relation,16765870,5000.0,True,4295.876
firms_ac105fe4bc5f5f0f,VIIRS_SNPP_SP,8.85116,77.9711,331.74,,0.36,0.58,2025-06-21,0733,SNPP,VIIRS,n,2,299.04,,3.44,D,0,,,,,,5000.0,False,
firms_ac6632efde9afa0c,VIIRS_SNPP_SP,8.47039,77.92847,367,,0.37,0.58,2024-03-14,0731,SNPP,VIIRS,h,2,308.44,,5.23,D,0,,,,,,5000.0,False,
firms_acc4bc43ca5af8ba,VIIRS_SNPP_SP,8.83948,77.9099,346.33,,0.58,0.52,2025-03-06,0738,SNPP,VIIRS,n,2,307.86,,12.14,D,0,,,,,,5000.0,False,
firms_adc308dd418cfe59,VIIRS_SNPP_SP,8.88093,78.04797,344.99,,0.4,0.44,2025-06-02,0829,SNPP,VIIRS,n,2,303.5,,6.68,D,0,osm_way_385432388,thermal_power_plant,Thoothukudi IBTPL power station,way,385432388,5000.0,True,851.415
firms_ae7f33abff7945ef,VIIRS_SNPP_SP,8.94237,78.08803,303.59,,0.41,0.61,2025-11-04,2101,SNPP,VIIRS,n,2,285.41,,0.61,N,0,osm_way_1432135179,power_plant,,way,1432135179,5000.0,True,4935.684
firms_ae99778257efdf87,VIIRS_NOAA20_SP,8.94623,77.94414,,330.95,0.32,0.55,2024-07-23,839,NOAA-20,VIIRS,n,2,,300.1,1.35,D,0,,,,,,5000.0,False,
firms_aeaadf4563c4517b,VIIRS_SNPP_SP,8.43586,77.94272,334.25,,0.58,0.52,2025-07-12,0739,SNPP,VIIRS,n,2,297.15,,3.68,D,0,,,,,,5000.0,False,
firms_aeab676d2bd72840,VIIRS_NOAA20_SP,8.84673,78.11223,,332.91,0.35,0.56,2024-04-27,732,NOAA-20,VIIRS,n,2,,297.79,1.01,D,0,osm_way_906827219,generic_industrial,,way,906827219,5000.0,True,1176.956
firms_af8a01cf8b9ce16a,VIIRS_SNPP_SP,8.46737,77.92802,367,,0.37,0.58,2024-03-14,0731,SNPP,VIIRS,h,2,306.77,,4.28,D,0,,,,,,5000.0,False,
firms_b0d0dd5962e8faa1,VIIRS_SNPP_SP,8.77878,77.95515,330.21,,0.51,0.66,2025-07-08,0854,SNPP,VIIRS,n,2,296.01,,1.58,D,0,osm_way_986423924,power_plant,,way,986423924,5000.0,True,1267.149
firms_b0d317b1e18d355f,VIIRS_NOAA20_SP,8.78103,77.94107,,341.89,0.41,0.37,2024-07-03,814,NOAA-20,VIIRS,n,2,,304.96,7.68,D,0,osm_way_986423924,power_plant,,way,986423924,5000.0,True,2269.696
firms_b124c65791a7b760,VIIRS_NOAA20_SP,8.5436,78.08038,,310.68,0.41,0.37,2024-09-17,2024,NOAA-20,VIIRS,n,2,,293.88,1.06,N,0,,,,,,5000.0,False,
firms_b145f5c78177f224,VIIRS_SNPP_SP,8.56642,78.08938,336.92,,0.45,0.39,2024-10-28,0755,SNPP,VIIRS,n,2,300.48,,1.87,D,0,osm_way_548907979,chemical_industry,DCW,way,548907979,5000.0,True,3006.735
firms_b1bf5040e4520e4f,VIIRS_SNPP_SP,8.75819,78.17956,314.56,,0.54,0.42,2025-08-19,2002,SNPP,VIIRS,n,2,289.19,,1.43,N,0,osm_way_662798207,thermal_power_plant,Tuticorin Thermal Power Station,way,662798207,5000.0,True,646.718
firms_b21fb292e2f94723,MODIS_SP,8.7349,77.9637,324.4,,1,1,2025-06-09,923,Aqua,MODIS,77,61.03,295.6,,7.3,D,0,osm_way_986423924,power_plant,,way,986423924,5000.0,True,3681.067
firms_b24a96d368f611ce,VIIRS_SNPP_SP,8.75509,77.96214,347.23,,0.45,0.39,2025-06-09,0758,SNPP,VIIRS,n,2,300.3,,7.44,D,0,osm_way_986423924,power_plant,,way,986423924,5000.0,True,1496.694
firms_b25093ed3dee81b6,VIIRS_NOAA20_SP,8.6172,77.92018,,334.53,0.47,0.4,2025-09-29,820,NOAA-20,VIIRS,n,2,,300.91,4.67,D,0,osm_way_1453652971,power_plant,,way,1453652971,5000.0,True,4223.091
firms_b33bd7badd0a6b54,VIIRS_SNPP_SP,8.67108,77.99337,308.5,,0.39,0.36,2024-09-16,2019,SNPP,VIIRS,n,2,296.02,,0.72,N,0,,,,,,5000.0,False,
firms_b35c842066993f5b,VIIRS_NOAA20_SP,8.53794,78.11282,,339.74,0.54,0.42,2025-09-20,749,NOAA-20,VIIRS,n,2,,301.54,5.73,D,0,osm_way_1504375937,generic_industrial,,way,1504375937,5000.0,True,2749.259
firms_b36a1de9e015bfae,VIIRS_SNPP_SP,8.84371,78.04755,342.34,,0.52,0.67,2024-07-05,0852,SNPP,VIIRS,n,2,293.08,,6.74,D,0,osm_way_906827221,generic_industrial,,way,906827221,5000.0,True,1514.288
firms_b4402604ab9d6acc,VIIRS_SNPP_SP,8.91124,77.90924,339.07,,0.58,0.52,2025-07-12,0739,SNPP,VIIRS,n,2,297.85,,4.75,D,0,,,,,,5000.0,False,
firms_b4866f7f09ba95c0,MODIS_SP,8.7966,77.9989,324.1,,1.2,1.1,2025-06-07,426,Terra,MODIS,72,61.03,305.4,,9.4,D,0,osm_relation_16765870,power_plant,,relation,16765870,5000.0,True,3969.741
firms_b4e5c2ad261590c4,VIIRS_NOAA20_SP,8.48348,77.94519,,336.48,0.46,0.47,2025-06-27,742,NOAA-20,VIIRS,n,2,,299.37,2.25,D,0,,,,,,5000.0,False,
firms_b4e6a18384bc0108,VIIRS_SNPP_SP,8.64492,78.04174,,330.89,0.41,0.37,2023-10-09,815,SNPP,VIIRS,n,2,,299.92,1.93,D,0,,,,,,5000.0,False,
firms_b4fc638fe32a89e5,VIIRS_NOAA20_SP,8.49722,77.98165,,331.39,0.56,0.51,2024-05-02,738,NOAA-20,VIIRS,n,2,,290.81,3.86,D,0,,,,,,5000.0,False,
firms_b504e5ee9a1db7e7,VIIRS_SNPP_SP,8.77073,77.96306,346.74,,0.41,0.37,2024-09-09,0815,SNPP,VIIRS,n,2,301.43,,9.79,D,0,osm_way_986423924,power_plant,,way,986423924,5000.0,True,810.983
firms_b5305640ad50cd12,VIIRS_NOAA20_SP,8.48618,78.08398,,330.81,0.4,0.44,2024-06-11,827,NOAA-20,VIIRS,n,2,,298.6,3.36,D,0,osm_way_1504375937,generic_industrial,,way,1504375937,5000.0,True,4866.245
firms_b5555d69c4fd52c6,VIIRS_SNPP_SP,8.90471,77.89525,335.15,,0.48,0.48,2025-08-26,0836,SNPP,VIIRS,n,2,300.19,,2.66,D,0,,,,,,5000.0,False,
firms_b58807d559aefa48,VIIRS_SNPP_SP,8.55565,78.10876,343.25,,0.41,0.45,2024-08-18,0828,SNPP,VIIRS,n,2,287.64,,5.63,D,0,osm_way_548907979,chemical_industry,DCW,way,548907979,5000.0,True,4374.77
firms_b59ebd9cbac9a216,VIIRS_SNPP_SP,8.66875,77.99349,305.65,,0.44,0.39,2025-12-14,2012,SNPP,VIIRS,n,2,292.27,,0.42,N,0,,,,,,5000.0,False,
firms_b5a01ae1d19f08c1,VIIRS_SNPP_SP,8.90811,77.8587,338.76,,0.54,0.42,2024-08-04,0750,SNPP,VIIRS,n,2,299.48,,8.34,D,0,osm_way_986279192,power_plant,,way,986279192,5000.0,True,3134.753
firms_b5c6d90354c644e8,MODIS_SP,8.8471,77.9468,346.8,,1.1,1,2025-06-24,409,Terra,MODIS,93,61.03,306.1,,44.5,D,0,,,,,,5000.0,False,
firms_b5e2019da43cc333,VIIRS_NOAA20_SP,8.84599,78.11533,,367,0.47,0.64,2024-04-06,725,NOAA-20,VIIRS,h,2,,303.3,6.65,D,0,osm_way_906827219,generic_industrial,,way,906827219,5000.0,True,940.519
firms_b5ff180ac5a320ee,VIIRS_SNPP_SP,8.58176,78.02606,333.6,,0.32,0.55,2024-09-13,0840,SNPP,VIIRS,n,2,294.36,,1.36,D,0,,,,,,5000.0,False,
firms_b63c6a4d20ae87cd,VIIRS_NOAA20_SP,8.84662,78.12108,,322.56,0.45,0.39,2024-09-18,2005,NOAA-20,VIIRS,n,2,,295.47,1.6,N,0,osm_way_906827219,generic_industrial,,way,906827219,5000.0,True,559.027
firms_b6d98d9ce99a31cb,VIIRS_NOAA20_SP,8.85619,78.00092,,349.76,0.41,0.37,2024-07-19,814,NOAA-20,VIIRS,n,2,,304.61,3.99,D,0,osm_way_1011035031,generic_industrial,Orange Sironj,way,1011035031,5000.0,True,3298.498
firms_b6f98076dec1f6c0,VIIRS_NOAA20_SP,8.78249,78.12166,,341.35,0.42,0.37,2024-09-05,814,NOAA-20,VIIRS,n,2,,306.16,4.88,D,3,osm_way_1222785220,generic_industrial,,way,1222785220,5000.0,True,607.026
firms_b71ce737be3ab017,VIIRS_NOAA20_SP,8.55723,78.12611,,332.7,0.56,0.52,2025-12-15,738,NOAA-20,VIIRS,n,2,,300.97,4,D,0,osm_way_1504375937,generic_industrial,,way,1504375937,5000.0,True,4885.391
firms_b72d88a001a4eb5f,VIIRS_NOAA20_SP,8.86586,78.15234,,334.2,0.36,0.57,2024-08-01,730,NOAA-20,VIIRS,n,2,,291.76,2.25,D,0,osm_way_906827217,generic_industrial,,way,906827217,5000.0,True,1831.463
firms_b7b3b5b4a6b149de,VIIRS_NOAA20_SP,8.84015,77.99754,,335.74,0.5,0.49,2025-06-03,832,NOAA-20,VIIRS,n,2,,295.79,3.69,D,0,osm_way_1432129272,power_plant,,way,1432129272,5000.0,True,3931.454
firms_b7f1b704d33a4989,VIIRS_NOAA20_SP,8.74961,78.09375,,335.7,0.53,0.42,2025-08-19,749,NOAA-20,VIIRS,l,2,,305.97,4.15,D,0,osm_way_906831352,generic_industrial,,way,906831352,5000.0,True,2442.844
firms_b7f90706b3756f98,VIIRS_SNPP_SP,8.65521,78.08781,332.6,,0.41,0.61,2024-12-07,0846,SNPP,VIIRS,n,2,292.56,,2.74,D,0,osm_way_906831348,generic_industrial,,way,906831348,5000.0,True,560.214
firms_b87618b81e1ea234,VIIRS_SNPP_SP,8.36387,77.99429,334.99,,0.48,0.4,2024-12-19,0821,SNPP,VIIRS,n,2,295.72,,3.94,D,0,,,,,,5000.0,False,
firms_b87ee8d9c06a1c2e,VIIRS_SNPP_SP,8.92243,78.00612,331.76,,0.47,0.64,2024-03-09,0725,SNPP,VIIRS,n,2,299.12,,3.54,D,0,osm_way_1516453091,mining,,way,1516453091,5000.0,True,2116.767
firms_b8d1116f818ccf59,VIIRS_NOAA20_SP,8.77748,77.96339,,346.79,0.4,0.44,2025-06-30,826,NOAA-20,VIIRS,n,2,,304.91,3.41,D,0,osm_way_986423924,power_plant,,way,986423924,5000.0,True,1348.534
firms_b92d76e97225b090,VIIRS_NOAA20_SP,8.79519,77.91581,,341.45,0.37,0.58,2025-08-20,730,NOAA-20,VIIRS,n,2,,302.03,2.65,D,0,,,,,,5000.0,False,
firms_b99b23098d5176ff,VIIRS_NOAA20_SP,8.54029,77.85912,,332.11,0.6,0.53,2025-06-22,736,NOAA-20,VIIRS,n,2,,297.99,2.4,D,0,,,,,,5000.0,False,
firms_b9a3178fc2ada35c,VIIRS_NOAA20_SP,8.86597,78.16096,,335.31,0.42,0.61,2025-03-09,844,NOAA-20,VIIRS,n,2,,303.51,3.49,D,0,osm_way_906827217,generic_industrial,,way,906827217,5000.0,True,2688.461
firms_b9ce147e9ea38ac4,VIIRS_NOAA20_SP,8.85429,77.93401,,334.49,0.48,0.4,2024-08-25,820,NOAA-20,VIIRS,n,2,,299.29,2.37,D,0,,,,,,5000.0,False,
firms_b9e08c1cd8f29de3,VIIRS_SNPP_SP,8.80491,77.88229,337.58,,0.39,0.59,2025-03-29,0846,SNPP,VIIRS,l,2,309.76,,5.53,D,0,,,,,,5000.0,False,
firms_ba46b97370692a24,MODIS_SP,8.6119,77.9536,314.9,,1,1,2025-04-23,417,Terra,MODIS,72,61.03,286.4,,10.1,D,0,,,,,,5000.0,False,
firms_ba53a6bec7b32502,VIIRS_SNPP_SP,8.76468,77.90635,353.39,,0.4,0.6,2024-06-30,0846,SNPP,VIIRS,n,2,293.25,,18.51,D,0,,,,,,5000.0,False,
firms_bac4dc1e6954cf11,VIIRS_NOAA20_SP,8.73395,78.13568,,335.25,0.4,0.44,2024-09-15,826,NOAA-20,VIIRS,n,2,,302.63,3.14,D,0,osm_way_906827216,industrial_works,,way,906827216,5000.0,True,293.876
firms_baf49b21462a006f,VIIRS_SNPP_SP,8.9071,77.98523,345.39,,0.39,0.36,2024-04-29,0809,SNPP,VIIRS,n,2,300.6,,3.74,D,0,osm_way_1516453096,mining,,way,1516453096,5000.0,True,3789.041
firms_bb09ced4811ab6e5,VIIRS_SNPP_SP,8.59876,78.12653,341.5,,0.32,0.55,2025-06-28,0842,SNPP,VIIRS,n,2,294.46,,4.43,D,3,osm_way_548907979,chemical_industry,DCW,way,548907979,5000.0,True,3480.562
firms_bc4a62630485bf20,VIIRS_SNPP_SP,8.5688,78.13342,342.59,,0.4,0.44,2024-03-27,0828,SNPP,VIIRS,n,2,299.65,,3.05,D,3,osm_way_548907979,chemical_industry,DCW,way,548907979,5000.0,True,4957.92
firms_bc5f41e5b342930d,VIIRS_NOAA20_SP,8.90385,78.0457,,342.48,0.4,0.37,2024-07-09,801,NOAA-20,VIIRS,n,2,,303.84,4.43,D,0,osm_way_1432135180,power_plant,,way,1432135180,5000.0,True,325.964
firms_bc882abb1771c612,VIIRS_NOAA20_SP,8.85673,78.00466,,332.4,0.41,0.37,2024-07-19,814,NOAA-20,VIIRS,l,2,,304.86,1.8,D,0,osm_way_1011035031,generic_industrial,Orange Sironj,way,1011035031,5000.0,True,2888.943
firms_bcb8770db48ed61b,VIIRS_NOAA20_SP,8.59419,78.11672,,339.76,0.39,0.36,2025-02-07,807,NOAA-20,VIIRS,n,2,,308.56,3.32,D,0,osm_way_548907979,chemical_industry,DCW,way,548907979,5000.0,True,2344.531
firms_bce21810e017ca65,VIIRS_NOAA20_SP,8.89438,77.94614,,340.27,0.58,0.52,2025-08-25,737,NOAA-20,VIIRS,l,2,,311.64,8.19,D,0,,,,,,5000.0,False,
firms_bd2899442196b7f4,VIIRS_NOAA20_SP,8.92122,77.87557,,332.39,0.38,0.36,2025-02-07,807,NOAA-20,VIIRS,l,2,,304.45,1.87,D,0,,,,,,5000.0,False,
firms_bd2b1d7d21240039,VIIRS_SNPP_SP,8.81005,78.07204,346.78,,0.41,0.37,2025-08-27,0817,SNPP,VIIRS,n,2,302.41,,11.03,D,0,osm_way_661590305,generic_industrial,,way,661590305,5000.0,True,714.298
firms_bd387797e580551e,VIIRS_SNPP_SP,8.90807,78.07388,342.15,,0.39,0.36,2025-06-30,0804,SNPP,VIIRS,n,2,308.29,,8.45,D,0,osm_way_657801517,mining,,way,657801517,5000.0,True,2204.438
firms_bd6dfce6072e4bcd,VIIRS_NOAA20_SP,8.7763,77.95642,,335.32,0.41,0.37,2024-07-19,814,NOAA-20,VIIRS,l,2,,307.27,3.06,D,0,osm_way_986423924,power_plant,,way,986423924,5000.0,True,984.253
firms_bd7dc047f41716fb,VIIRS_NOAA20_SP,8.51358,78.11068,,335.96,0.46,0.47,2025-10-01,742,NOAA-20,VIIRS,n,2,,305.09,5.18,D,0,osm_way_1504375937,generic_industrial,,way,1504375937,5000.0,True,855.308
firms_bda98475b65ae8ab,VIIRS_NOAA20_SP,8.9356,78.13259,,342.29,0.5,0.49,2025-04-16,832,NOAA-20,VIIRS,n,2,,300.69,3.64,D,0,osm_way_733764035,thermal_power_plant,Mutiara Thermal Power Plant,way,733764035,5000.0,True,2854.395
firms_bdb29d0949ee4f04,VIIRS_SNPP_SP,8.82795,78.03203,335.35,,0.55,0.51,2024-08-10,0737,SNPP,VIIRS,n,2,291.93,,9.56,D,0,osm_way_1432129272,power_plant,,way,1432129272,5000.0,True,1041.804
firms_be5e74389df9dd04,VIIRS_SNPP_SP,8.6704,77.99391,303.12,,0.45,0.47,2025-04-24,1955,SNPP,VIIRS,n,2,286.78,,0.64,N,0,,,,,,5000.0,False,
firms_be755629953792da,VIIRS_NOAA20_SP,8.4351,77.96627,,335.51,0.41,0.37,2025-07-06,814,NOAA-20,VIIRS,l,2,,305.69,4.24,D,0,,,,,,5000.0,False,
firms_bff1286bebaff3c5,VIIRS_NOAA20_SP,8.84215,77.94439,,341.15,0.32,0.55,2025-08-27,839,NOAA-20,VIIRS,n,2,,295.55,2.19,D,0,,,,,,5000.0,False,
firms_c003ea1319c60349,VIIRS_SNPP_SP,8.86822,78.15972,348.57,,0.49,0.4,2025-03-09,0821,SNPP,VIIRS,n,2,310.03,,10.21,D,0,osm_way_906827217,generic_industrial,,way,906827217,5000.0,True,2482.727
firms_c026885e74ba794d,MODIS_SP,8.8126,78.0322,317.7,,1.6,1.3,2025-10-29,922,Aqua,MODIS,57,61.03,298.5,,12.8,D,0,osm_way_1432129272,power_plant,,way,1432129272,5000.0,True,2734.087
firms_c02a939851fd0330,VIIRS_SNPP_SP,8.40751,78.01168,335.06,,0.41,0.37,2024-01-29,0815,SNPP,VIIRS,n,2,301.72,,2.68,D,0,,,,,,5000.0,False,
firms_c03dff29644686b1,VIIRS_NOAA20_SP,8.60091,78.09513,,334.98,0.42,0.37,2025-07-06,814,NOAA-20,VIIRS,n,2,,299.85,3.44,D,0,osm_way_548907979,chemical_industry,DCW,way,548907979,5000.0,True,883.988
firms_c07a69f7ff2599f3,VIIRS_NOAA20_SP,8.86179,78.14981,,332.57,0.39,0.36,2024-01-16,808,NOAA-20,VIIRS,n,2,,302.05,1.62,D,0,osm_way_906827217,generic_industrial,,way,906827217,5000.0,True,1894.219
firms_c0c9fb170f2e7dcb,VIIRS_NOAA20_SP,8.69818,77.96679,,345.34,0.4,0.37,2025-06-10,801,NOAA-20,VIIRS,n,2,,296.72,4.77,D,0,osm_relation_17415628,power_plant,,relation,17415628,5000.0,True,4798.711
firms_c192fcc4044237a4,MODIS_SP,8.795,78.0096,325.4,,1.2,1.1,2025-06-07,426,Terra,MODIS,76,61.03,305.2,,12.2,D,0,osm_relation_16765870,power_plant,,relation,16765870,5000.0,True,4559.918
firms_c1e0e3195372a6a9,VIIRS_NOAA20_SP,8.9018,78.15233,,336.95,0.49,0.4,2025-05-08,819,NOAA-20,VIIRS,n,2,,299.63,2.37,D,0,osm_way_733764035,thermal_power_plant,Mutiara Thermal Power Plant,way,733764035,5000.0,True,1471.046
firms_c21c38652a7039b7,MODIS_SP,8.8458,77.9561,337.6,,1.1,1,2025-06-24,409,Terra,MODIS,87,61.03,305.9,,27,D,0,,,,,,5000.0,False,
firms_c2a2860c2d640030,VIIRS_SNPP_SP,8.78685,77.99132,336.7,,0.38,0.36,2025-09-07,0811,SNPP,VIIRS,n,2,301.23,,5.93,D,0,osm_relation_16765870,power_plant,,relation,16765870,5000.0,True,2620.549
firms_c2ad34595f119946,VIIRS_SNPP_SP,8.73481,77.95898,345.88,,0.32,0.55,2024-09-13,0840,SNPP,VIIRS,n,2,298.51,,5.47,D,0,osm_way_986423924,power_plant,,way,986423924,5000.0,True,3614.957
firms_c2e1a0ce7e1ccb26,VIIRS_SNPP_SP,8.82527,77.97739,334.19,,0.45,0.39,2025-06-25,0758,SNPP,VIIRS,n,2,295.72,,2.83,D,0,,,,,,5000.0,False,
firms_c30fda9d066c60d1,VIIRS_NOAA20_SP,8.93694,78.08727,,336.61,0.51,0.41,2024-05-05,822,NOAA-20,VIIRS,n,2,,305.56,4.37,D,0,osm_way_1432135179,power_plant,,way,1432135179,5000.0,True,4503.531
firms_c3ab60a3e5eb35b8,VIIRS_SNPP_SP,8.44746,77.97487,335.22,,0.45,0.47,2024-08-15,0744,SNPP,VIIRS,n,2,293.27,,5.08,D,0,,,,,,5000.0,False,
firms_c4035d46bd554ca5,VIIRS_SNPP_SP,8.73423,78.1304,338.97,,0.39,0.36,2024-09-15,0802,SNPP,VIIRS,l,2,303.48,,4.8,D,3,osm_relation_17348197,power_plant,SPIC Thoothukudi Floating Solar PV Park,relation,17348197,5000.0,True,139.868
firms_c46e9481e3d30bd9,VIIRS_NOAA20_SP,8.43822,77.92299,,345.3,0.5,0.66,2024-04-06,725,NOAA-20,VIIRS,n,2,,301.34,3.55,D,0,,,,,,5000.0,False,
firms_c48378aa0bb6c602,VIIRS_NOAA20_SP,8.51297,78.06478,,318.75,0.39,0.36,2025-09-15,2019,NOAA-20,VIIRS,n,2,,292.28,1.9,N,0,,,,,,5000.0,False,
firms_c4cb5ad6f9e795ff,VIIRS_NOAA20_SP,8.94248,78.14299,,334.72,0.42,0.37,2024-06-17,814,NOAA-20,VIIRS,n,2,,302.88,3.05,D,0,osm_way_733764035,thermal_power_plant,Mutiara Thermal Power Plant,way,733764035,5000.0,True,3271.07
firms_c4fc5732c34eb84b,VIIRS_NOAA20_SP,8.86851,78.15755,,332.49,0.49,0.41,2024-08-09,820,NOAA-20,VIIRS,n,2,,298.96,3.16,D,0,osm_way_906827217,generic_industrial,,way,906827217,5000.0,True,2244.4
firms_c523a0715d00206b,VIIRS_SNPP_SP,8.57577,78.00579,348.73,,0.53,0.42,2024-09-05,0750,SNPP,VIIRS,n,2,303.39,,9.34,D,0,,,,,,5000.0,False,
firms_c52aab833496d2e1,VIIRS_SNPP_SP,8.75855,78.18146,332.61,,0.47,0.64,2025-08-19,0726,SNPP,VIIRS,n,2,301.56,,5.91,D,0,osm_relation_9212425,generic_industrial,,relation,9212425,5000.0,True,559.708
firms_c589284036e111f8,VIIRS_SNPP_SP,8.68397,77.95634,343.04,,0.48,0.4,2025-09-17,0824,SNPP,VIIRS,n,2,282.73,,3.26,D,0,osm_relation_17415628,power_plant,,relation,17415628,5000.0,True,2862.106
firms_c5e31dcf3cb862d4,VIIRS_SNPP_SP,8.58193,78.05078,338.11,,0.41,0.61,2024-09-18,0846,SNPP,VIIRS,n,2,300.79,,2.78,D,0,,,,,,5000.0,False,
firms_c5e65511a9a2293b,VIIRS_NOAA20_SP,8.86799,78.15305,,336.48,0.5,0.49,2024-06-28,2043,NOAA-20,VIIRS,n,2,,292.58,6.42,N,0,osm_way_906827217,generic_industrial,,way,906827217,5000.0,True,1796.267
firms_c6335b01292c4aa0,VIIRS_NOAA20_SP,8.82052,78.03393,,344,0.39,0.36,2024-05-06,803,NOAA-20,VIIRS,n,2,,309.71,12.09,D,0,osm_way_1432129272,power_plant,,way,1432129272,5000.0,True,1857.99
firms_c67a3433ce75f68c,VIIRS_NOAA20_SP,8.65793,78.11508,,335.52,0.39,0.37,2023-10-07,802,NOAA-20,VIIRS,n,2,,296.9,4.52,D,3,osm_way_906831349,generic_industrial,,way,906831349,5000.0,True,2672.117
firms_c696025a007812c5,MODIS_SP,8.7866,78.0104,319,,1.7,1.3,2024-07-09,418,Terra,MODIS,57,61.03,289.2,,13.6,D,0,osm_relation_16765870,power_plant,,relation,16765870,5000.0,True,4030.003
firms_c6a8e437f8393342,VIIRS_NOAA20_SP,8.7546,78.08192,,331.29,0.49,0.49,2025-10-09,832,NOAA-20,VIIRS,n,2,,291.55,2.23,D,0,osm_way_906831352,generic_industrial,,way,906831352,5000.0,True,3591.211
firms_c6e6132bd0d7afdb,VIIRS_SNPP_SP,8.85297,77.99994,335.47,,0.53,0.42,2024-07-19,0750,SNPP,VIIRS,l,2,307.73,,44.71,D,0,osm_way_1011035031,generic_industrial,Orange Sironj,way,1011035031,5000.0,True,3419.001
firms_c71164a68261f7dc,VIIRS_SNPP_SP,8.84202,77.94523,349.32,,0.4,0.37,2025-06-30,0804,SNPP,VIIRS,n,2,311.71,,8.35,D,0,,,,,,5000.0,False,
firms_c7dbe2911e2dba6d,VIIRS_SNPP_SP,8.54091,77.95373,336.44,,0.48,0.4,2025-06-13,0823,SNPP,VIIRS,n,2,299.27,,1.63,D,0,osm_way_1468877017,power_plant,,way,1468877017,5000.0,True,1158.132
firms_c7ff7aa57053934f,VIIRS_SNPP_SP,8.35513,77.90544,340.28,,0.41,0.37,2024-07-07,0814,SNPP,VIIRS,n,2,301.86,,5.92,D,0,,,,,,5000.0,False,
firms_c86e659eca4d8abd,VIIRS_SNPP_SP,8.89218,78.14642,333.2,,0.44,0.46,2025-08-02,0745,SNPP,VIIRS,n,2,281.51,,4.65,D,0,osm_way_906390049,generic_industrial,,way,906390049,5000.0,True,1362.452
firms_c873295e44061076,VIIRS_SNPP_SP,8.5378,78.08002,351.24,,0.4,0.44,2024-09-19,0827,SNPP,VIIRS,n,2,304.27,,6.06,D,0,osm_way_1504375937,generic_industrial,,way,1504375937,5000.0,True,4999.097
firms_c8adb19958dc317d,VIIRS_NOAA20_SP,8.75933,78.09573,,349.48,0.51,0.5,2025-07-05,833,NOAA-20,VIIRS,n,2,,301.55,13.19,D,0,osm_way_1235088522,generic_industrial,,way,1235088522,5000.0,True,2187.555
firms_c92918e0e627d179,VIIRS_NOAA20_SP,8.65847,78.11864,,337.88,0.39,0.37,2023-10-07,802,NOAA-20,VIIRS,n,2,,298.28,4.52,D,3,osm_way_906831349,generic_industrial,,way,906831349,5000.0,True,3047.091
firms_c9441d11763cf3d7,VIIRS_SNPP_SP,8.83599,77.99165,343.5,,0.54,0.42,2025-07-06,0752,SNPP,VIIRS,n,2,302.77,,4.81,D,0,osm_way_1432129272,power_plant,,way,1432129272,5000.0,True,4569.082
firms_c973e1208d32319f,VIIRS_SNPP_SP,8.8674,78.12152,305.24,,0.44,0.39,2024-02-27,2007,SNPP,VIIRS,n,2,293.36,,0.66,N,0,osm_way_385432381,thermal_power_plant,Thoothukudi IBPGL,way,385432381,5000.0,True,1423.228
firms_ca3e4c09f132a174,VIIRS_SNPP_SP,8.79504,78.09399,311.83,,0.39,0.36,2024-02-21,2020,SNPP,VIIRS,n,2,294.49,,1.16,N,0,osm_way_1073989739,generic_industrial,,way,1073989739,5000.0,True,494.078
firms_ca9a97995c0723b3,VIIRS_NOAA20_SP,8.92728,78.06971,,337.09,0.51,0.41,2024-04-26,751,NOAA-20,VIIRS,l,2,,312.05,6.49,D,0,osm_way_1432135179,power_plant,,way,1432135179,5000.0,True,2319.563
firms_caf6e93c8b84b2f4,VIIRS_SNPP_SP,8.87369,78.06498,333.71,,0.42,0.37,2024-07-07,0815,SNPP,VIIRS,n,2,303.22,,3.76,D,0,osm_way_986411990,power_plant,Arasadi,way,986411990,5000.0,True,1587.248
firms_cb17b821840dd03c,VIIRS_NOAA20_SP,8.77312,77.95808,,345.67,0.37,0.58,2025-07-03,730,NOAA-20,VIIRS,n,2,,296.6,3.18,D,0,osm_way_986423924,power_plant,,way,986423924,5000.0,True,656.183
firms_cb2b3df6a21f420d,VIIRS_NOAA20_SP,8.85363,78.11366,,331.4,0.41,0.45,2024-03-26,746,NOAA-20,VIIRS,l,2,,305.54,1.78,D,0,osm_way_906827219,generic_industrial,,way,906827219,5000.0,True,914.311
firms_cb3b16b74ff60024,VIIRS_NOAA20_SP,8.84564,78.09785,,346.79,0.45,0.47,2025-10-01,742,NOAA-20,VIIRS,n,2,,307.12,6.5,D,0,osm_way_906827218,generic_industrial,,way,906827218,5000.0,True,969.359
firms_cb416b58b24e2808,VIIRS_NOAA20_SP,8.82529,78.06059,,310.04,0.39,0.36,2024-07-10,2019,NOAA-20,VIIRS,n,2,,293.71,0.61,N,0,osm_way_661590303,generic_industrial,,way,661590303,5000.0,True,1702.95
firms_cb8c1ab61d6fff48,VIIRS_SNPP_SP,8.85134,77.92432,333.69,,0.38,0.36,2025-06-19,0810,SNPP,VIIRS,n,2,288.46,,1.65,D,0,,,,,,5000.0,False,
firms_cb8e759445f383c1,VIIRS_NOAA20_SP,8.53631,78.07824,,340.52,0.41,0.37,2024-09-21,813,NOAA-20,VIIRS,l,2,,312.15,11.33,D,0,,,,,,5000.0,False,
firms_cbdbe1da74f52bab,VIIRS_NOAA20_SP,8.92876,78.04031,,332.34,0.44,0.46,2025-08-14,743,NOAA-20,VIIRS,n,2,,292.54,2.15,D,0,osm_way_1516453091,mining,,way,1516453091,5000.0,True,1728.896
firms_cbf1b1fc8a1fa486,VIIRS_SNPP_SP,8.51477,78.0683,356.08,,0.66,0.73,2025-07-29,0901,SNPP,VIIRS,n,2,292.11,,18.64,D,0,,,,,,5000.0,False,
firms_cc49d2ce3a651666,VIIRS_NOAA20_SP,8.77436,78.01001,,353.26,0.47,0.64,2025-07-14,724,NOAA-20,VIIRS,n,2,,293.79,6.32,D,0,osm_relation_16765870,power_plant,,relation,16765870,5000.0,True,3402.582
firms_cc571e6464e7cabb,VIIRS_NOAA20_SP,8.86771,78.1596,,335.39,0.49,0.4,2025-09-29,820,NOAA-20,VIIRS,n,2,,302.7,6.52,D,0,osm_way_906827217,generic_industrial,,way,906827217,5000.0,True,2485.784
firms_cc7328ac79df2a56,MODIS_SP,8.5811,78.1293,381.4,,1.1,1,2024-06-15,900,Aqua,MODIS,0,61.03,309.2,,164.8,D,0,osm_way_548907979,chemical_industry,DCW,way,548907979,5000.0,True,3948.061
firms_cc7da1f63b656ef6,VIIRS_NOAA20_SP,8.5012,78.04509,,330.69,0.63,0.54,2024-07-07,839,NOAA-20,VIIRS,n,2,,294.1,6.02,D,0,,,,,,5000.0,False,
firms_cc9b8e56854031e6,VIIRS_NOAA20_SP,8.88861,78.04537,,342.38,0.41,0.37,2025-06-20,814,NOAA-20,VIIRS,n,2,,303.77,5.05,D,0,osm_way_385432388,thermal_power_plant,Thoothukudi IBTPL power station,way,385432388,5000.0,True,1070.309
firms_ccfa246479f20992,VIIRS_SNPP_SP,8.73557,77.9649,367,,0.32,0.55,2024-09-13,0840,SNPP,VIIRS,h,2,299.3,,9.65,D,0,osm_way_986423924,power_plant,,way,986423924,5000.0,True,3640.037
firms_ccffe8abebbfef18,VIIRS_NOAA20_SP,8.80138,78.01201,,330.54,0.53,0.67,2025-06-02,851,NOAA-20,VIIRS,n,2,,294.36,2.37,D,0,osm_way_1432129272,power_plant,,way,1432129272,5000.0,True,4604.357
firms_cd55ae879c056654,VIIRS_NOAA20_SP,8.4599,77.95418,,335.79,0.54,0.42,2024-03-29,825,NOAA-20,VIIRS,n,2,,295.3,4.5,D,0,,,,,,5000.0,False,
firms_cd9fa4150cce8b69,VIIRS_SNPP_SP,8.75084,78.12464,339.58,,0.39,0.36,2025-06-03,0810,SNPP,VIIRS,n,2,303.59,,4.57,D,3,osm_relation_17348197,power_plant,SPIC Thoothukudi Floating Solar PV Park,relation,17348197,5000.0,True,1838.272
firms_ce1a3659c3d70653,VIIRS_NOAA20_SP,8.75874,78.18211,,304.34,0.44,0.46,2025-08-26,1954,NOAA-20,VIIRS,n,2,,285.72,0.58,N,0,osm_relation_9212425,generic_industrial,,relation,9212425,5000.0,True,500.573
firms_ce442dd75228c4b8,VIIRS_NOAA20_SP,8.86799,78.15865,,343.23,0.39,0.36,2024-05-27,809,NOAA-20,VIIRS,n,2,,283.26,5.05,D,0,osm_way_906827217,generic_industrial,,way,906827217,5000.0,True,2376.796
firms_ce454a12159bd032,VIIRS_NOAA20_SP,8.85277,78.00143,,338.87,0.41,0.37,2024-07-19,814,NOAA-20,VIIRS,n,2,,306.73,3.1,D,0,osm_way_1011035031,generic_industrial,Orange Sironj,way,1011035031,5000.0,True,3257.873
firms_cec97d7e4a8fc6ae,VIIRS_SNPP_SP,8.60209,78.05098,339.29,,0.39,0.36,2024-09-04,0809,SNPP,VIIRS,n,2,303.61,,5.63,D,0,osm_way_548907979,chemical_industry,DCW,way,548907979,5000.0,True,4999.978
firms_ced329dd58daf568,VIIRS_SNPP_SP,8.79981,78.01231,330.75,,0.36,0.58,2025-06-21,0733,SNPP,VIIRS,n,2,299.34,,2.54,D,0,osm_way_1432129272,power_plant,,way,1432129272,5000.0,True,4738.936
firms_ced7a077e2310114,VIIRS_NOAA20_SP,8.81888,77.90368,,350.18,0.38,0.36,2025-02-23,807,NOAA-20,VIIRS,n,2,,317.86,9.34,D,0,,,,,,5000.0,False,
firms_ceffc04a4fc9c869,VIIRS_NOAA20_SP,8.58381,77.97408,,342.89,0.38,0.59,2024-09-18,729,NOAA-20,VIIRS,n,2,,300.18,3.38,D,0,osm_way_1468877017,power_plant,,way,1468877017,5000.0,True,4333.677
firms_cf5ccb151529e86a,VIIRS_SNPP_SP,8.73107,77.9539,334.49,,0.5,0.49,2025-06-07,0835,SNPP,VIIRS,l,2,307.33,,3.64,D,0,osm_way_986423924,power_plant,,way,986423924,5000.0,True,4028.34
firms_cf6fd1cfe1a3ed14,VIIRS_NOAA20_SP,8.88289,78.1506,,338,0.44,0.38,2025-06-21,755,NOAA-20,VIIRS,n,2,,303.94,6.38,D,0,osm_way_906827217,generic_industrial,,way,906827217,5000.0,True,1687.226
firms_cfd3979315dc4ab6,VIIRS_NOAA20_SP,8.51723,78.08902,,330.22,0.58,0.52,2025-01-13,735,NOAA-20,VIIRS,n,2,,293.3,2.75,D,0,osm_way_1504375937,generic_industrial,,way,1504375937,5000.0,True,3263.093
firms_d03aff7d30036d5b,VIIRS_NOAA20_SP,8.8199,78.05206,,347.5,0.39,0.36,2024-05-06,803,NOAA-20,VIIRS,n,2,,308.37,7.91,D,0,osm_way_661590303,generic_industrial,,way,661590303,5000.0,True,2449.484
firms_d03f5f9e25a3d6a1,VIIRS_SNPP_SP,8.86785,78.15744,332.99,,0.52,0.41,2024-08-04,0750,SNPP,VIIRS,n,2,300.41,,4.23,D,0,osm_way_906827217,generic_industrial,,way,906827217,5000.0,True,2254.561
firms_d04b6b5fe23566af,VIIRS_NOAA20_SP,8.76337,78.00779,,336.12,0.38,0.36,2024-03-04,809,NOAA-20,VIIRS,l,2,,306.88,1.98,D,0,osm_relation_16765870,power_plant,,relation,16765870,5000.0,True,3037.964
firms_d04ff539b4bd6db7,VIIRS_SNPP_SP,8.86192,78.12486,331.6,,0.51,0.49,2024-02-13,0834,SNPP,VIIRS,n,2,299.94,,3.56,D,0,osm_way_906827219,generic_industrial,,way,906827219,5000.0,True,1188.788
firms_d0a8abee5c5a65a6,VIIRS_SNPP_SP,8.87449,77.87409,332.04,,0.51,0.66,2025-07-08,0854,SNPP,VIIRS,n,2,294.29,,0.93,D,0,osm_way_986279192,power_plant,,way,986279192,5000.0,True,2473.139
firms_d0cc77012fe20a0f,VIIRS_NOAA20_SP,8.83558,77.88025,,337.56,0.38,0.59,2024-09-18,729,NOAA-20,VIIRS,n,2,,304.27,3.22,D,0,,,,,,5000.0,False,
firms_d0e79bb11fda63ab,VIIRS_SNPP_SP,8.8982,77.86274,331.7,,0.39,0.44,2024-03-11,0828,SNPP,VIIRS,l,2,303.66,,2.43,D,0,osm_way_986279192,power_plant,,way,986279192,5000.0,True,2266.297
firms_d0ece1fc3c6ad3ac,VIIRS_SNPP_SP,8.86703,78.15637,336.91,,0.41,0.45,2024-09-19,0827,SNPP,VIIRS,n,2,305.9,,11.39,D,0,osm_way_906827217,generic_industrial,,way,906827217,5000.0,True,2174.637
firms_d0ff1dc8b2fc8d53,VIIRS_NOAA20_SP,8.665,78.05534,,338.33,0.4,0.37,2023-10-07,802,NOAA-20,VIIRS,n,2,,302.58,2.01,D,0,osm_way_906831348,generic_industrial,,way,906831348,5000.0,True,3914.244
firms_d1014afcb801e662,VIIRS_NOAA20_SP,8.76574,77.961,,336.35,0.37,0.58,2024-09-02,730,NOAA-20,VIIRS,n,2,,293.85,2.57,D,0,osm_way_986423924,power_plant,,way,986423924,5000.0,True,528.873
firms_d1540b18e319a13c,VIIRS_NOAA20_SP,8.80119,78.09372,,336.28,0.59,0.53,2025-10-12,736,NOAA-20,VIIRS,n,2,,294.61,4.09,D,0,osm_way_1073989739,generic_industrial,,way,1073989739,5000.0,True,344.423
firms_d180fe2a6665fb1e,VIIRS_SNPP_SP,8.86835,78.15629,333.12,,0.42,0.38,2024-06-05,0815,SNPP,VIIRS,n,2,297.56,,3.13,D,0,osm_way_906827217,generic_industrial,,way,906827217,5000.0,True,2117.151
firms_d187063f907c4cc1,VIIRS_NOAA20_SP,8.63468,78.09002,,336.37,0.48,0.4,2023-10-22,821,NOAA-20,VIIRS,n,2,,271.07,4.08,D,0,osm_way_906831348,generic_industrial,,way,906831348,5000.0,True,2748.225
firms_d1ad7422db4d2824,VIIRS_SNPP_SP,8.75265,78.08744,342.89,,0.52,0.42,2024-08-04,0750,SNPP,VIIRS,n,2,298.67,,7.16,D,0,osm_way_906831352,generic_industrial,,way,906831352,5000.0,True,3062.873
firms_d1c43600a3c39656,VIIRS_NOAA20_SP,8.57512,77.88959,,337.7,0.4,0.37,2023-10-07,802,NOAA-20,VIIRS,n,2,,307.69,6.68,D,0,osm_way_1453652971,power_plant,,way,1453652971,5000.0,True,2033.767
firms_d1d2eed6cf77eb1b,MODIS_SP,8.9049,78.0514,315.9,,1.4,1.2,2024-02-25,501,Terra,MODIS,56,61.03,300.6,,13.3,D,2,osm_way_1432135180,power_plant,,way,1432135180,5000.0,True,368.321
firms_d1e87b7d70929746,VIIRS_NOAA20_SP,8.8494,78.12961,,334.43,0.4,0.45,2024-06-11,827,NOAA-20,VIIRS,n,2,,299.92,2.34,D,0,osm_way_906827219,generic_industrial,,way,906827219,5000.0,True,901.79
firms_d20c175792e68f38,VIIRS_NOAA20_SP,8.77803,77.96313,,347.11,0.4,0.44,2025-06-30,826,NOAA-20,VIIRS,n,2,,305.44,4.37,D,0,osm_way_986423924,power_plant,,way,986423924,5000.0,True,1383.93
firms_d21537c9fc095a50,VIIRS_SNPP_SP,8.51174,78.06288,310.26,,0.44,0.46,2025-09-15,1957,SNPP,VIIRS,n,2,290.13,,1.36,N,0,,,,,,5000.0,False,
firms_d2d2983a8ca3252c,VIIRS_SNPP_SP,8.8381,77.94216,340.48,,0.4,0.37,2025-06-30,0804,SNPP,VIIRS,l,2,311.64,,8.35,D,0,,,,,,5000.0,False,
firms_d34d88984fdc5e3a,VIIRS_NOAA20_SP,8.70425,78.05885,,309.33,0.43,0.62,2025-07-27,2056,NOAA-20,VIIRS,n,2,,289.01,1.02,N,0,osm_way_906831350,generic_industrial,,way,906831350,5000.0,True,3819.969
firms_d3e390a6e76a8536,VIIRS_NOAA20_SP,8.82982,78.05755,,346.39,0.42,0.38,2025-07-06,814,NOAA-20,VIIRS,n,2,,302.67,3.66,D,0,osm_way_661590303,generic_industrial,,way,661590303,5000.0,True,2251.92
firms_d3ef43cc7c66195c,VIIRS_SNPP_SP,8.91176,77.99829,347.94,,0.4,0.6,2025-08-20,0848,SNPP,VIIRS,n,2,300.5,,4.15,D,0,osm_way_1516453096,mining,,way,1516453096,5000.0,True,2885.749
firms_d4013353adebaaff,MODIS_SP,8.5341,77.8724,320.1,,1.5,1.2,2025-11-01,420,Terra,MODIS,73,61.03,305.4,,13.2,D,0,,,,,,5000.0,False,
firms_d411313f46a75702,VIIRS_NOAA20_SP,8.87468,78.16312,,336.71,0.45,0.63,2025-07-14,724,NOAA-20,VIIRS,n,2,,289.47,5.78,D,0,osm_way_906827217,generic_industrial,,way,906827217,5000.0,True,2766.539
firms_d493d5134553fabd,VIIRS_NOAA20_SP,8.44128,77.92111,,347.77,0.5,0.66,2024-04-06,725,NOAA-20,VIIRS,n,2,,300.96,2.74,D,0,,,,,,5000.0,False,
firms_d4b593d5ed4695a6,VIIRS_SNPP_SP,8.82929,77.91112,346.25,,0.5,0.66,2025-08-25,0855,SNPP,VIIRS,n,2,305.56,,12.89,D,0,,,,,,5000.0,False,
firms_d55b250183a0d7ba,VIIRS_SNPP_SP,8.70744,78.10974,332.66,,0.45,0.47,2025-09-03,0746,SNPP,VIIRS,n,2,298.3,,2.5,D,0,osm_way_906831351,generic_industrial,,way,906831351,5000.0,True,1758.285
firms_d55c2c49ee32a46a,VIIRS_NOAA20_SP,8.84375,78.0042,,341.04,0.42,0.37,2025-08-07,814,NOAA-20,VIIRS,n,2,,288.91,4.27,D,0,osm_way_1011035031,generic_industrial,Orange Sironj,way,1011035031,5000.0,True,3220.036
firms_d55de16c49a70aef,VIIRS_NOAA20_SP,8.54636,78.10797,,340.35,0.5,0.49,2024-09-04,832,NOAA-20,VIIRS,n,2,,298.03,3.22,D,0,osm_way_1504375937,generic_industrial,,way,1504375937,5000.0,True,3789.605
firms_d59a8ddf44607418,MODIS_SP,8.6779,78.0745,319.9,,1.6,1.2,2025-07-09,910,Aqua,MODIS,65,61.03,301,,12.2,D,0,osm_way_906831349,generic_industrial,,way,906831349,5000.0,True,2493.104
firms_d59c5f3f3984bcee,VIIRS_NOAA20_SP,8.88731,78.08573,,341.19,0.44,0.38,2025-07-07,755,NOAA-20,VIIRS,n,2,,308.17,4.64,D,0,osm_way_657801517,mining,,way,657801517,5000.0,True,1518.115
firms_d5d93320a4db8cdf,VIIRS_NOAA20_SP,8.86588,78.15782,,335.87,0.4,0.44,2024-09-15,826,NOAA-20,VIIRS,n,2,,303.69,7.11,D,0,osm_way_906827217,generic_industrial,,way,906827217,5000.0,True,2370.388
firms_d60158d521e614b3,VIIRS_SNPP_SP,8.89774,77.95826,342.9,,0.54,0.42,2025-06-20,0751,SNPP,VIIRS,n,2,301.93,,7.03,D,0,,,,,,5000.0,False,
firms_d60b25518ec5da2b,VIIRS_SNPP_SP,8.79147,78.10152,333.02,,0.39,0.36,2024-04-13,0809,SNPP,VIIRS,l,2,304.36,,3.47,D,0,osm_way_1073989739,generic_industrial,,way,1073989739,5000.0,True,1035.339
firms_d60ebe65b48615d0,VIIRS_SNPP_SP,8.89542,78.10722,335.36,,0.39,0.36,2025-02-06,0803,SNPP,VIIRS,l,2,305.97,,1.41,D,0,osm_way_906837208,generic_industrial,,way,906837208,5000.0,True,255.041
firms_d61a1eca8ac186d2,VIIRS_NOAA20_SP,8.91803,77.88272,,341.13,0.45,0.47,2025-07-29,743,NOAA-20,VIIRS,n,2,,303.92,4.74,D,0,,,,,,5000.0,False,
firms_d621bc00414f6bc8,VIIRS_SNPP_SP,8.7904,78.02081,343.34,,0.36,0.58,2025-06-21,0733,SNPP,VIIRS,n,2,298.43,,4.66,D,0,,,,,,5000.0,False,
firms_d62624784041f16a,VIIRS_NOAA20_SP,8.74491,78.08391,,336.3,0.49,0.4,2025-07-11,820,NOAA-20,VIIRS,n,2,,301.37,2.94,D,0,osm_way_906831352,generic_industrial,,way,906831352,5000.0,True,2663.579
firms_d635430483fcf84d,VIIRS_SNPP_SP,8.77917,77.96249,352.24,,0.4,0.37,2025-06-30,0804,SNPP,VIIRS,n,2,310.93,,11.5,D,0,osm_way_986423924,power_plant,,way,986423924,5000.0,True,1459.352
firms_d63b3033a0b8d440,VIIRS_NOAA20_SP,8.672,77.99272,,301.56,0.41,0.37,2025-09-20,2025,NOAA-20,VIIRS,n,2,,276.21,0.51,N,0,,,,,,5000.0,False,
firms_d64015a4852c1e5b,MODIS_SP,8.7739,77.9966,324.1,,2,1.4,2025-07-05,951,Aqua,MODIS,75,61.03,302.2,,18.6,D,0,osm_relation_16765870,power_plant,,relation,16765870,5000.0,True,2003.122
firms_d65ca92954423b86,VIIRS_SNPP_SP,8.82869,77.90639,340.34,,0.5,0.66,2025-08-25,0855,SNPP,VIIRS,n,2,306.27,,11.32,D,0,,,,,,5000.0,False,
firms_d6ec718160c0ac7f,VIIRS_NOAA20_SP,8.62434,78.1236,,347.43,0.56,0.51,2025-07-08,737,NOAA-20,VIIRS,n,2,,299.23,9.09,D,0,osm_way_548907979,chemical_industry,DCW,way,548907979,5000.0,True,4654.847
firms_d6f6723af3c09c0a,VIIRS_SNPP_SP,8.87274,78.06545,345.76,,0.45,0.47,2024-10-18,0743,SNPP,VIIRS,n,2,298.09,,5.22,D,0,osm_way_986411990,power_plant,Arasadi,way,986411990,5000.0,True,1693.323
firms_d754b3a6db2518b1,VIIRS_SNPP_SP,8.36002,77.87656,339.96,,0.57,0.43,2025-07-04,0829,SNPP,VIIRS,n,2,302.45,,4.96,D,0,,,,,,5000.0,False,
firms_d789b65f8e3071c3,MODIS_SP,8.7101,77.9523,320.4,,1.5,1.2,2025-10-22,420,Terra,MODIS,23,61.03,284.6,,19.9,D,0,,,,,,5000.0,False,
firms_d78a9f11c4c6902e,VIIRS_SNPP_SP,8.75444,77.95811,337.58,,0.45,0.39,2025-06-09,0758,SNPP,VIIRS,n,2,299.43,,3.51,D,0,osm_way_986423924,power_plant,,way,986423924,5000.0,True,1444.505
firms_d80e88718e5e60d3,VIIRS_SNPP_SP,8.94685,77.96056,340.57,,0.5,0.49,2025-07-09,0836,SNPP,VIIRS,n,2,300.08,,3.58,D,0,,,,,,5000.0,False,
firms_d8220c8e59a4984c,VIIRS_SNPP_SP,8.86741,78.15392,309.56,,0.53,0.42,2024-01-05,2001,SNPP,VIIRS,n,2,278.89,,1.83,N,0,osm_way_906827217,generic_industrial,,way,906827217,5000.0,True,1909.398
firms_d833b39916f5635f,VIIRS_SNPP_SP,8.86694,78.15536,333.93,,0.39,0.36,2025-10-09,0812,SNPP,VIIRS,n,2,300.34,,1.46,D,0,osm_way_906827217,generic_industrial,,way,906827217,5000.0,True,2075.5
firms_d851449ab2e3430b,VIIRS_SNPP_SP,8.8679,78.15773,339.54,,0.52,0.41,2024-09-05,0750,SNPP,VIIRS,n,2,298.52,,4.62,D,0,osm_way_906827217,generic_industrial,,way,906827217,5000.0,True,2283.179
firms_d858f4356cd1d50a,VIIRS_NOAA20_SP,8.87071,78.15339,,315.62,0.39,0.36,2024-01-12,2019,NOAA-20,VIIRS,n,2,,293.21,1.63,N,0,osm_way_906827217,generic_industrial,,way,906827217,5000.0,True,1739.924
firms_d85f3e07286eb752,VIIRS_SNPP_SP,8.89406,78.14343,337.19,,0.59,0.7,2025-08-30,0721,SNPP,VIIRS,n,2,290.07,,3.44,D,0,osm_way_906390049,generic_industrial,,way,906390049,5000.0,True,1018.64
firms_d88a2ba4daa9100a,VIIRS_SNPP_SP,8.85004,77.98792,341.75,,0.44,0.38,2024-08-09,0756,SNPP,VIIRS,l,2,303.4,,12.62,D,0,osm_way_1011035031,generic_industrial,Orange Sironj,way,1011035031,5000.0,True,4769.053
firms_d8b500291949b11a,MODIS_SP,8.862,77.9653,337.6,,1,1,2025-07-12,928,Aqua,MODIS,86,61.03,307.4,,17.2,D,0,,,,,,5000.0,False,
firms_d945f86415a2ad1e,VIIRS_SNPP_SP,8.83681,77.99652,338.06,,0.54,0.42,2025-07-06,0752,SNPP,VIIRS,n,2,302.64,,4.81,D,0,osm_way_1432129272,power_plant,,way,1432129272,5000.0,True,4031.406
firms_d9b93caa4287fce6,VIIRS_NOAA20_SP,8.71427,78.10085,,336.26,0.49,0.4,2024-08-09,820,NOAA-20,VIIRS,n,2,,295.79,3.25,D,0,osm_way_906831351,generic_industrial,,way,906831351,5000.0,True,1037.469
firms_daee508271a4f29f,VIIRS_NOAA20_SP,8.8981,78.15285,,332.88,0.49,0.4,2025-05-08,819,NOAA-20,VIIRS,n,2,,297.31,2.37,D,0,osm_way_733764035,thermal_power_plant,Mutiara Thermal Power Plant,way,733764035,5000.0,True,1854.113
firms_db2890c9ce7a6a7d,VIIRS_SNPP_SP,8.5902,78.13251,332.64,,0.4,0.44,2025-06-18,0829,SNPP,VIIRS,n,2,298.84,,5.13,D,0,osm_way_548907979,chemical_industry,DCW,way,548907979,5000.0,True,4089.61
firms_db6bc209d02bf6c0,VIIRS_NOAA20_SP,8.87885,78.14935,,343.45,0.39,0.36,2025-06-10,801,NOAA-20,VIIRS,n,2,,289.77,3.49,D,0,osm_way_906827217,generic_industrial,,way,906827217,5000.0,True,1351.783
firms_db85abab1389ec83,VIIRS_NOAA20_SP,8.77639,78.01774,,331.39,0.38,0.58,2024-10-04,729,NOAA-20,VIIRS,n,2,,289.74,2.39,D,0,osm_relation_16765870,power_plant,,relation,16765870,5000.0,True,4282.04
firms_db9d06b5c0b4f8df,VIIRS_SNPP_SP,8.85526,77.96352,338.29,,0.36,0.58,2025-06-21,0733,SNPP,VIIRS,n,2,298.72,,2.8,D,0,,,,,,5000.0,False,
firms_dc61634278f07fa3,VIIRS_NOAA20_SP,8.62464,77.92315,,340.28,0.38,0.58,2024-08-01,730,NOAA-20,VIIRS,n,2,,289.42,2.89,D,0,osm_way_1268305324,power_plant,,way,1268305324,5000.0,True,4636.997
firms_dc9c37ada10554be,VIIRS_SNPP_SP,8.8438,78.11586,341.22,,0.33,0.55,2024-04-06,0840,SNPP,VIIRS,n,2,308.35,,3.12,D,0,osm_way_906827219,generic_industrial,,way,906827219,5000.0,True,1080.268
firms_dcf1f0f4d0644be8,VIIRS_NOAA20_SP,8.60311,78.09219,,339.11,0.38,0.36,2024-06-28,808,NOAA-20,VIIRS,n,2,,305.7,4.94,D,0,osm_way_548907979,chemical_industry,DCW,way,548907979,5000.0,True,1182.643
firms_dd05765b98a7cad5,VIIRS_SNPP_SP,8.85783,78.05614,333.8,,0.49,0.4,2024-04-07,0822,SNPP,VIIRS,l,2,306.08,,5.77,D,0,osm_way_906827220,generic_industrial,,way,906827220,5000.0,True,237.866
firms_dda0a8b7e545b947,VIIRS_SNPP_SP,8.76731,78.0552,340.27,,0.39,0.36,2024-03-12,0809,SNPP,VIIRS,n,2,312.35,,1.67,D,0,osm_way_823674462,generic_industrial,,way,823674462,5000.0,True,4095.112
firms_ddcbed3377095227,VIIRS_NOAA20_SP,8.57966,77.98188,,341.18,0.38,0.59,2024-09-18,729,NOAA-20,VIIRS,n,2,,302.56,3.23,D,0,osm_way_1468877017,power_plant,,way,1468877017,5000.0,True,4535.298
firms_de5357e9bd898f9f,VIIRS_SNPP_SP,8.73039,78.15984,330.68,,0.42,0.61,2024-12-07,0846,SNPP,VIIRS,n,2,292.66,,1.53,D,3,osm_way_906831358,industrial_works,,way,906831358,5000.0,True,1465.495
firms_de6e919f3a16927e,VIIRS_NOAA20_SP,8.69471,77.90783,,333.78,0.46,0.47,2025-09-15,743,NOAA-20,VIIRS,n,2,,297.92,2.72,D,0,osm_way_1032774973,mining,,way,1032774973,5000.0,True,3355.3
firms_df5acdd3a66b26c9,VIIRS_NOAA20_SP,8.6167,77.92105,,345.59,0.6,0.53,2025-09-26,736,NOAA-20,VIIRS,n,2,,292.83,9.4,D,0,osm_way_1453652971,power_plant,,way,1453652971,5000.0,True,4205.553
firms_dfc2e10728456019,VIIRS_NOAA20_SP,8.6708,77.99345,,310.06,0.38,0.36,2025-04-24,2017,NOAA-20,VIIRS,n,2,,292.61,2.05,N,0,,,,,,5000.0,False,
firms_e00f06a19510a06e,VIIRS_NOAA20_SP,8.57293,78.00443,,346.25,0.41,0.37,2024-09-05,814,NOAA-20,VIIRS,n,2,,308.81,4.22,D,0,,,,,,5000.0,False,
firms_e0bd0959d1b60486,VIIRS_SNPP_SP,8.75389,78.08412,333.29,,0.52,0.42,2024-08-04,0750,SNPP,VIIRS,n,2,298.03,,4.95,D,0,osm_way_906831352,generic_industrial,,way,906831352,5000.0,True,3381.799
firms_e0f34c580f34a29d,MODIS_SP,8.7847,78.1901,313.7,,1.1,1,2025-06-19,919,Aqua,MODIS,59,61.03,298.7,,8.8,D,3,osm_way_906827207,industrial_works,,way,906827207,5000.0,True,2061.767
firms_e11757584625660c,VIIRS_SNPP_SP,8.6673,78.02119,347.67,,0.41,0.37,2024-10-11,0814,SNPP,VIIRS,n,2,293.46,,7.11,D,0,,,,,,5000.0,False,
firms_e1229e3804d20f9d,VIIRS_NOAA20_SP,8.8945,78.08407,,336.14,0.4,0.44,2025-06-30,826,NOAA-20,VIIRS,n,2,,305.64,4.57,D,0,osm_way_657801517,mining,,way,657801517,5000.0,True,1501.78
firms_e1b738607d233a5d,VIIRS_SNPP_SP,8.64319,77.88062,330.52,,0.4,0.37,2025-06-30,0804,SNPP,VIIRS,l,2,303.71,,3.42,D,0,,,,,,5000.0,False,
firms_e1c316099635e5df,VIIRS_NOAA20_SP,8.35753,77.92947,,331.73,0.38,0.58,2025-07-03,730,NOAA-20,VIIRS,n,2,,294.85,2.02,D,0,,,,,,5000.0,False,
firms_e21baf2c230d8380,VIIRS_NOAA20_SP,8.57749,78.10448,,332.24,0.54,0.42,2024-04-10,750,NOAA-20,VIIRS,n,2,,301.71,3.38,D,0,osm_way_548907979,chemical_industry,DCW,way,548907979,5000.0,True,1974.81
firms_e281e6110fd74894,VIIRS_NOAA20_SP,8.93987,77.94962,,332,0.55,0.43,2024-06-29,749,NOAA-20,VIIRS,n,2,,299.34,4.39,D,0,,,,,,5000.0,False,
firms_e33a323a6af0e792,MODIS_SP,8.7782,77.9404,327.4,,1.4,1.2,2025-10-12,420,Terra,MODIS,80,61.03,299.6,,17.7,D,0,osm_way_986423924,power_plant,,way,986423924,5000.0,True,2135.771
firms_e393793ef8f63c3e,VIIRS_SNPP_SP,8.80347,77.97801,335.86,,0.53,0.42,2024-09-05,0750,SNPP,VIIRS,n,2,302.72,,2.99,D,0,osm_relation_16765870,power_plant,,relation,16765870,5000.0,True,4168.462
firms_e393fff8d6dc15bf,VIIRS_SNPP_SP,8.74283,78.09579,330.07,,0.4,0.44,2025-06-18,0829,SNPP,VIIRS,n,2,296.47,,1.8,D,0,osm_way_906831352,generic_industrial,,way,906831352,5000.0,True,1666.19
firms_e39623a8ae577544,VIIRS_NOAA20_SP,8.9452,78.0677,,331.7,0.61,0.71,2025-04-20,716,NOAA-20,VIIRS,n,2,,294.83,2.71,D,0,osm_way_1432135179,power_plant,,way,1432135179,5000.0,True,3815.011
firms_e3991d96e1914bcd,VIIRS_SNPP_SP,8.77736,78.06974,332.99,,0.4,0.45,2024-08-02,0828,SNPP,VIIRS,n,2,291.57,,2.73,D,0,osm_way_1073989741,generic_industrial,,way,1073989741,5000.0,True,3176.778
firms_e3cbaead7d2ba32b,VIIRS_NOAA20_SP,8.86615,78.15627,,336.3,0.39,0.36,2024-01-16,808,NOAA-20,VIIRS,n,2,,305.92,4.23,D,0,osm_way_906827217,generic_industrial,,way,906827217,5000.0,True,2202.071
firms_e3ccc4d9f80d2417,VIIRS_NOAA20_SP,8.8185,78.12114,,333.76,0.49,0.4,2025-06-25,820,NOAA-20,VIIRS,n,2,,290.66,3.18,D,0,osm_way_661590301,generic_industrial,,way,661590301,5000.0,True,2804.067
firms_e4250a99ce3c148c,VIIRS_SNPP_SP,8.74268,78.14935,331.11,,0.42,0.38,2024-09-09,0815,SNPP,VIIRS,n,2,299.69,,3.96,D,0,osm_way_906831358,industrial_works,,way,906831358,5000.0,True,418.037
firms_e48317751f719177,VIIRS_SNPP_SP,8.7457,78.07973,339.45,,0.44,0.39,2025-07-11,0758,SNPP,VIIRS,n,2,301.69,,6.64,D,0,osm_way_906831352,generic_industrial,,way,906831352,5000.0,True,3078.231
firms_e494d4a02081df2b,VIIRS_NOAA20_SP,8.52827,77.9334,,339.77,0.47,0.4,2023-10-06,821,NOAA-20,VIIRS,n,2,,303.67,10.01,D,0,osm_way_1468877017,power_plant,,way,1468877017,5000.0,True,3276.006
firms_e4b412a61c87aa36,VIIRS_NOAA20_SP,8.67513,77.85531,,335.56,0.4,0.37,2023-10-07,802,NOAA-20,VIIRS,n,2,,304.69,1.43,D,0,,,,,,5000.0,False,
firms_e4c7fa6eaaafdc0a,VIIRS_NOAA20_SP,8.522,77.90981,,338.79,0.41,0.37,2025-06-20,813,NOAA-20,VIIRS,n,2,,302.35,3.35,D,0,,,,,,5000.0,False,
firms_e4fe3354a979b909,MODIS_SP,8.7679,77.9388,344.2,,1.4,1.2,2025-10-12,420,Terra,MODIS,92,61.03,300.3,,58.9,D,0,osm_way_986423924,power_plant,,way,986423924,5000.0,True,1947.451
firms_e52044835ba531a8,VIIRS_NOAA20_SP,8.56933,78.04806,,331.98,0.41,0.37,2024-07-19,814,NOAA-20,VIIRS,n,2,,298.13,1.99,D,0,,,,,,5000.0,False,
firms_e5a9a353f3400eac,VIIRS_NOAA20_SP,8.73106,78.115,,330.89,0.52,0.5,2025-08-06,833,NOAA-20,VIIRS,n,2,,287.23,4.46,D,0,osm_way_906831352,generic_industrial,,way,906831352,5000.0,True,1415.749
firms_e60690bcccb4a5ee,VIIRS_SNPP_SP,8.59041,78.13144,336.84,,0.39,0.36,2024-09-04,0809,SNPP,VIIRS,n,2,304.85,,2.21,D,0,osm_way_548907979,chemical_industry,DCW,way,548907979,5000.0,True,3970.461
firms_e631aa7c0c25b821,VIIRS_SNPP_SP,8.85412,77.97678,336.25,,0.47,0.64,2024-06-29,0724,SNPP,VIIRS,n,2,291.39,,4.82,D,0,,,,,,5000.0,False,
firms_e656fb73e1e44a36,MODIS_SP,8.5062,78.067,337.7,,1,1,2024-09-28,432,Terra,MODIS,87,61.03,298.4,,26.9,D,0,,,,,,5000.0,False,
firms_e675ed38fe4a9b6f,VIIRS_NOAA20_SP,8.92376,77.91461,,336.8,0.48,0.4,2025-06-25,820,NOAA-20,VIIRS,n,2,,297.09,3.79,D,0,,,,,,5000.0,False,
firms_e67940afd0267387,VIIRS_NOAA20_SP,8.85356,77.93049,,333.51,0.48,0.4,2024-08-25,820,NOAA-20,VIIRS,n,2,,299.43,1.68,D,0,,,,,,5000.0,False,
firms_e6ff34fc75528430,VIIRS_SNPP_SP,8.94805,78.13267,330.55,,0.41,0.45,2024-08-02,0828,SNPP,VIIRS,n,2,290.91,,2.35,D,0,osm_way_733764035,thermal_power_plant,Mutiara Thermal Power Plant,way,733764035,5000.0,True,4112.18
firms_e7445c6923dddf09,VIIRS_NOAA20_SP,8.86891,77.97808,,334.05,0.32,0.55,2024-07-23,839,NOAA-20,VIIRS,n,2,,299.75,2.2,D,0,,,,,,5000.0,False,
firms_e77af8b1bcc18552,VIIRS_SNPP_SP,8.86993,78.15325,319.98,,0.39,0.36,2024-06-28,2019,SNPP,VIIRS,n,2,293.65,,3.64,N,0,osm_way_906827217,generic_industrial,,way,906827217,5000.0,True,1746.408
firms_e78bd196cc6667d6,VIIRS_SNPP_SP,8.88369,78.0509,355.43,,0.55,0.51,2024-05-06,0738,SNPP,VIIRS,n,2,302.06,,8.83,D,0,osm_way_385432388,thermal_power_plant,Thoothukudi IBTPL power station,way,385432388,5000.0,True,422.25
firms_e794a19fb6a130ff,VIIRS_SNPP_SP,8.44776,77.99064,335.14,,0.41,0.37,2025-07-10,0817,SNPP,VIIRS,l,2,306.81,,2.92,D,0,,,,,,5000.0,False,
firms_e7fa3d194119a9d0,VIIRS_SNPP_SP,8.42808,77.85905,333.1,,0.55,0.43,2025-06-20,0751,SNPP,VIIRS,n,2,301.12,,3.57,D,0,,,,,,5000.0,False,
firms_e8635ecdbec52406,VIIRS_NOAA20_SP,8.86991,78.04517,,337.83,0.41,0.37,2024-07-03,814,NOAA-20,VIIRS,n,2,,301.08,5.48,D,0,osm_way_385432388,thermal_power_plant,Thoothukudi IBTPL power station,way,385432388,5000.0,True,1969.448
firms_e8b335d71d6158ec,VIIRS_NOAA20_SP,8.71937,78.10577,,330.77,0.5,0.41,2024-05-05,822,NOAA-20,VIIRS,l,2,,302.6,2.63,D,0,osm_way_906831351,generic_industrial,,way,906831351,5000.0,True,370.345
firms_e97525527ccaf26e,VIIRS_SNPP_SP,8.84271,77.98981,331.26,,0.39,0.44,2024-07-01,0827,SNPP,VIIRS,n,2,282.95,,1.97,D,0,osm_way_1011035031,generic_industrial,Orange Sironj,way,1011035031,5000.0,True,4742.39
firms_e97cc5c0054ff6d2,VIIRS_SNPP_SP,8.514,78.0621,343.1,,0.66,0.73,2025-07-29,0901,SNPP,VIIRS,n,2,291.29,,10.88,D,0,,,,,,5000.0,False,
firms_e981b0d3e38f81ef,VIIRS_SNPP_SP,8.93112,77.95772,336.73,,0.58,0.7,2024-08-11,0719,SNPP,VIIRS,n,2,283.62,,8.87,D,0,,,,,,5000.0,False,
firms_e9c3212d455d326d,VIIRS_NOAA20_SP,8.79365,78.0215,,348.11,0.45,0.39,2025-06-21,755,NOAA-20,VIIRS,n,2,,304.43,4.37,D,0,osm_way_1432129272,power_plant,,way,1432129272,5000.0,True,4995.515
firms_e9ed4e8bf987176a,VIIRS_SNPP_SP,8.86925,78.15468,338.76,,0.42,0.38,2024-07-07,0815,SNPP,VIIRS,n,2,301.5,,4.51,D,0,osm_way_906827217,generic_industrial,,way,906827217,5000.0,True,1918.467
firms_ea80cc8fb2190c32,MODIS_SP,8.7801,77.9281,326.2,,1.4,1.2,2025-10-12,420,Terra,MODIS,79,61.03,300.7,,16.6,D,0,osm_way_986423924,power_plant,,way,986423924,5000.0,True,3425.117
firms_ea9aba8677a77507,VIIRS_SNPP_SP,8.82495,78.03495,367,,0.55,0.51,2024-08-10,0737,SNPP,VIIRS,h,2,293.41,,6.96,D,0,osm_way_1432129272,power_plant,,way,1432129272,5000.0,True,1380.179
firms_eaf6d03fec3cd805,VIIRS_SNPP_SP,8.84401,78.07008,310.63,,0.6,0.7,2025-07-09,1931,SNPP,VIIRS,n,2,289.2,,1.4,N,0,osm_way_1516453102,generic_industrial,,way,1516453102,5000.0,True,406.103
firms_eb7b1cd7d6fd347b,VIIRS_NOAA20_SP,8.77769,77.95572,,330.15,0.57,0.52,2025-07-08,737,NOAA-20,VIIRS,l,2,,300.15,1.42,D,0,osm_way_986423924,power_plant,,way,986423924,5000.0,True,1141.126
firms_eb9fdcc3c85bd175,VIIRS_NOAA20_SP,8.83705,77.93468,,344.96,0.48,0.4,2025-06-25,820,NOAA-20,VIIRS,n,2,,296.53,4.07,D,0,,,,,,5000.0,False,
firms_ebd7fbbda31f1f52,VIIRS_SNPP_SP,8.76433,77.93014,342.21,,0.37,0.58,2025-06-05,0732,SNPP,VIIRS,n,2,295.97,,6.03,D,0,osm_way_986423924,power_plant,,way,986423924,5000.0,True,2919.348
firms_ec101780f6d71d01,VIIRS_NOAA20_SP,8.83576,77.9101,,343.61,0.4,0.37,2025-03-06,800,NOAA-20,VIIRS,l,2,,311.01,6.09,D,0,,,,,,5000.0,False,
firms_ec5e7bf70421b722,VIIRS_SNPP_SP,8.62666,78.12074,353.04,,0.52,0.67,2025-07-08,0854,SNPP,VIIRS,n,2,293.59,,7.71,D,3,osm_way_548907979,chemical_industry,DCW,way,548907979,5000.0,True,4654.6
firms_ed8c89af0997fde6,VIIRS_NOAA20_SP,8.56369,77.95153,,331.84,0.47,0.48,2024-09-28,741,NOAA-20,VIIRS,n,2,,295.28,4.72,D,0,osm_way_1468877017,power_plant,,way,1468877017,5000.0,True,1376.054
firms_ed90cb36ee2fbb21,MODIS_SP,8.6907,77.9613,327.1,,1.3,1.1,2024-07-19,908,Aqua,MODIS,80,61.03,303.9,,12.3,D,0,osm_relation_17415628,power_plant,,relation,17415628,5000.0,True,3778.512
firms_edcb9dd4a0176ad4,VIIRS_SNPP_SP,8.60877,77.98005,332.35,,0.39,0.36,2025-01-21,0803,SNPP,VIIRS,n,2,285.19,,1.69,D,0,,,,,,5000.0,False,
firms_ee2f6bae70736617,VIIRS_NOAA20_SP,8.84147,77.9855,,314.89,0.49,0.4,2025-07-07,2031,NOAA-20,VIIRS,n,2,,294.65,1.4,N,0,,,,,,5000.0,False,
firms_eeef3375d6680e03,VIIRS_SNPP_SP,8.6646,77.99295,331.57,,0.4,0.6,2025-08-20,0848,SNPP,VIIRS,n,2,300.52,,3.42,D,0,,,,,,5000.0,False,
firms_ef36886397b5e115,VIIRS_SNPP_SP,8.54816,77.93279,337.79,,0.38,0.59,2025-08-24,0733,SNPP,VIIRS,n,2,302.27,,3.98,D,0,osm_way_1468877017,power_plant,,way,1468877017,5000.0,True,2159.714
firms_ef7e842ae4609d80,VIIRS_NOAA20_SP,8.36961,78.04367,,330.71,0.55,0.43,2024-03-05,750,NOAA-20,VIIRS,l,2,,304.97,4.5,D,0,osm_way_958448568,generic_industrial,,way,958448568,5000.0,True,2466.343
firms_ef7f2cda02e29a65,VIIRS_NOAA20_SP,8.46522,77.9809,,339.05,0.41,0.37,2025-07-06,814,NOAA-20,VIIRS,n,2,,307.19,5.76,D,0,,,,,,5000.0,False,
firms_efbdba8b8ddde133,VIIRS_NOAA20_SP,8.79164,77.92057,,337.28,0.58,0.52,2024-08-06,736,NOAA-20,VIIRS,n,2,,298.48,8.91,D,0,osm_way_986423924,power_plant,,way,986423924,5000.0,True,4775.752
firms_f00d8428dfdee867,VIIRS_NOAA20_SP,8.7567,78.18038,,306.05,0.42,0.38,2025-08-19,2025,NOAA-20,VIIRS,n,2,,292.23,1.69,N,0,osm_relation_9212425,generic_industrial,,relation,9212425,5000.0,True,794.552
firms_f01087b8bd852836,VIIRS_SNPP_SP,8.83277,78.03432,348.69,,0.45,0.47,2024-06-28,0743,SNPP,VIIRS,n,2,301.13,,6.2,D,0,osm_way_1432129272,power_plant,,way,1432129272,5000.0,True,517.114
firms_f021a743a478d124,VIIRS_SNPP_SP,8.86375,78.06519,340.21,,0.42,0.38,2024-05-04,0815,SNPP,VIIRS,n,2,303.68,,4.06,D,0,osm_way_906827220,generic_industrial,,way,906827220,5000.0,True,1206.148
firms_f0f43866f6906b4f,VIIRS_SNPP_SP,8.94007,78.08571,346.62,,0.44,0.38,2024-05-05,0757,SNPP,VIIRS,n,2,306.36,,8.07,D,0,osm_way_1432135179,power_plant,,way,1432135179,5000.0,True,4576.788
firms_f0fa31808f8e86cf,VIIRS_SNPP_SP,8.50074,77.90498,344.94,,0.49,0.49,2025-06-07,0835,SNPP,VIIRS,n,2,306.32,,15.34,D,0,,,,,,5000.0,False,
firms_f1139f03e240de23,VIIRS_SNPP_SP,8.94582,78.11559,342.38,,0.42,0.37,2025-07-10,0817,SNPP,VIIRS,n,2,306.92,,10.07,D,0,osm_way_733764035,thermal_power_plant,Mutiara Thermal Power Plant,way,733764035,5000.0,True,4869.72
firms_f14ec3329264981f,VIIRS_NOAA20_SP,8.84179,78.05372,,342.61,0.68,0.74,2025-06-07,857,NOAA-20,VIIRS,n,2,,294.17,5.6,D,0,osm_way_906827221,generic_industrial,,way,906827221,5000.0,True,1346.985
firms_f197412eb01a46e4,VIIRS_NOAA20_SP,8.93851,78.13672,,334.9,0.45,0.47,2025-10-01,742,NOAA-20,VIIRS,n,2,,304.8,3.17,D,0,osm_way_733764035,thermal_power_plant,Mutiara Thermal Power Plant,way,733764035,5000.0,True,2969.846
firms_f2406253069182b8,VIIRS_NOAA20_SP,8.57514,78.09801,,335.03,0.51,0.49,2024-04-13,834,NOAA-20,VIIRS,n,2,,296.18,5.23,D,0,osm_way_548907979,chemical_industry,DCW,way,548907979,5000.0,True,1986.835
firms_f24bb3830650cb19,VIIRS_SNPP_SP,8.86653,78.15492,336.8,,0.52,0.41,2024-09-05,0750,SNPP,VIIRS,n,2,298.11,,5.55,D,0,osm_way_906827217,generic_industrial,,way,906827217,5000.0,True,2049.411
firms_f2ba66b433c4b8c2,VIIRS_NOAA20_SP,8.71593,78.10914,,340.19,0.42,0.37,2025-06-20,814,NOAA-20,VIIRS,n,2,,298.95,4.1,D,0,osm_way_906831351,generic_industrial,,way,906831351,5000.0,True,866.62
firms_f32f2e8a926562c0,VIIRS_SNPP_SP,8.86733,78.15561,332.69,,0.39,0.36,2025-12-28,0814,SNPP,VIIRS,n,2,299.97,,2.42,D,2,osm_way_906827217,generic_industrial,,way,906827217,5000.0,True,2084.695
firms_f33134cb04abe177,VIIRS_SNPP_SP,8.7898,78.01751,343.82,,0.36,0.58,2025-06-21,0733,SNPP,VIIRS,n,2,298.24,,3.7,D,0,osm_relation_16765870,power_plant,,relation,16765870,5000.0,True,4877.023
firms_f3db6640a8f5e544,VIIRS_NOAA20_SP,8.86028,77.96267,,339.33,0.39,0.36,2025-07-12,802,NOAA-20,VIIRS,n,2,,297.29,1.81,D,0,,,,,,5000.0,False,
firms_f3e03079b1003a08,VIIRS_SNPP_SP,8.82952,78.05547,350.65,,0.53,0.42,2025-07-06,0752,SNPP,VIIRS,n,2,304.89,,11.02,D,0,osm_way_661590303,generic_industrial,,way,661590303,5000.0,True,2424.62
firms_f3fd68e7c4cb1cb7,VIIRS_SNPP_SP,8.70016,78.08503,337.51,,0.39,0.37,2025-06-30,0804,SNPP,VIIRS,n,2,306.41,,1.81,D,0,osm_way_906831350,generic_industrial,,way,906831350,5000.0,True,1012.15
firms_f4418c0a081b083f,VIIRS_SNPP_SP,8.86545,78.10767,354.71,,0.36,0.57,2025-06-05,0733,SNPP,VIIRS,n,2,298.38,,5.27,D,0,osm_way_385432381,thermal_power_plant,Thoothukudi IBPGL,way,385432381,5000.0,True,127.372
firms_f4c761e97d05eded,VIIRS_SNPP_SP,8.85055,77.96779,352.09,,0.36,0.58,2025-06-21,0733,SNPP,VIIRS,n,2,299.03,,3.44,D,0,,,,,,5000.0,False,
firms_f4df30c9e986c8f1,VIIRS_SNPP_SP,8.5568,78.11558,343.96,,0.56,0.52,2025-03-06,0738,SNPP,VIIRS,n,2,304.54,,5.36,D,0,osm_way_548907979,chemical_industry,DCW,way,548907979,5000.0,True,4568.186
firms_f502595f7c6a6178,VIIRS_SNPP_SP,8.39936,78.04765,335.99,,0.48,0.4,2025-10-03,0824,SNPP,VIIRS,n,2,303.38,,2.64,D,0,osm_way_958448568,generic_industrial,,way,958448568,5000.0,True,3539.267
firms_f56e7044b2413bf9,VIIRS_SNPP_SP,8.81802,78.03627,334.55,,0.56,0.51,2024-05-06,0738,SNPP,VIIRS,n,2,302.28,,9.22,D,0,osm_way_1432129272,power_plant,,way,1432129272,5000.0,True,2159.785
firms_f5883cdba7c2a79c,VIIRS_SNPP_SP,8.8295,77.98383,330.22,,0.4,0.6,2024-06-30,0846,SNPP,VIIRS,n,2,293.05,,2,D,0,,,,,,5000.0,False,
firms_f5a1e8a957108a61,VIIRS_SNPP_SP,8.76017,78.18456,338.06,,0.39,0.36,2025-05-02,0810,SNPP,VIIRS,n,2,304.54,,4.86,D,0,osm_relation_9212425,generic_industrial,,relation,9212425,5000.0,True,258.91
firms_f5c9648c38d8f7c7,VIIRS_NOAA20_SP,8.82189,77.98579,,343.93,0.48,0.4,2025-06-25,820,NOAA-20,VIIRS,n,2,,294.86,8.09,D,0,,,,,,5000.0,False,
firms_f6ae1aae0b466460,VIIRS_NOAA20_SP,8.83425,78.10335,,336.07,0.49,0.4,2024-08-09,820,NOAA-20,VIIRS,n,2,,298.82,4.07,D,0,osm_way_906827218,generic_industrial,,way,906827218,5000.0,True,521.229
firms_f704d7c8a9eae71a,VIIRS_SNPP_SP,8.75959,77.91073,367,,0.4,0.6,2024-06-30,0846,SNPP,VIIRS,h,2,295.46,,24.47,D,0,,,,,,5000.0,False,
firms_f7a132b7e17046f6,VIIRS_NOAA20_SP,8.87109,78.15282,,309,0.36,0.58,2024-01-30,1942,NOAA-20,VIIRS,n,2,,290.77,0.52,N,0,osm_way_906827217,generic_industrial,,way,906827217,5000.0,True,1669.631
firms_f7b8058cdafc4970,VIIRS_NOAA20_SP,8.94045,77.89505,,338.33,0.45,0.39,2025-06-21,755,NOAA-20,VIIRS,n,2,,303.52,2.16,D,0,,,,,,5000.0,False,
firms_f7e3e9daabf82574,VIIRS_NOAA20_SP,8.84257,78.11455,,330.01,0.54,0.42,2024-12-22,748,NOAA-20,VIIRS,n,2,,296.08,2.62,D,0,osm_way_906827218,generic_industrial,,way,906827218,5000.0,True,1273.996
firms_f857a5fe3f626749,VIIRS_NOAA20_SP,8.78333,78.0395,,338.02,0.39,0.36,2024-04-25,810,NOAA-20,VIIRS,l,2,,311.52,2.98,D,0,osm_way_823674462,generic_industrial,,way,823674462,5000.0,True,4927.351
firms_f8e56d97bf5db569,VIIRS_NOAA20_SP,8.5941,77.90651,,342.11,0.47,0.4,2025-06-25,820,NOAA-20,VIIRS,n,2,,292.62,6.27,D,0,osm_way_1453652971,power_plant,,way,1453652971,5000.0,True,1411.015
firms_f9078789b2659196,VIIRS_SNPP_SP,8.87843,78.14909,333.19,,0.39,0.36,2025-06-19,0810,SNPP,VIIRS,n,2,293.26,,2.19,D,0,osm_way_906827217,generic_industrial,,way,906827217,5000.0,True,1308.141
firms_f94c2b787ec03b0f,VIIRS_NOAA20_SP,8.86577,78.15739,,340.09,0.41,0.45,2024-06-11,827,NOAA-20,VIIRS,n,2,,301.3,4.31,D,0,osm_way_906827217,generic_industrial,,way,906827217,5000.0,True,2331.754
firms_f9a93f1d77ad0997,VIIRS_NOAA20_SP,8.84394,77.89188,,332.14,0.33,0.55,2024-05-04,841,NOAA-20,VIIRS,n,2,,296.24,2.92,D,0,,,,,,5000.0,False,
firms_f9b0277c47e31492,VIIRS_SNPP_SP,8.77753,78.02912,330.81,,0.54,0.42,2025-07-06,0752,SNPP,VIIRS,l,2,302.44,,2.04,D,0,osm_way_823674462,generic_industrial,,way,823674462,5000.0,True,4185.175
firms_f9e6fea99d476fbd,VIIRS_NOAA20_SP,8.75405,78.04865,,332.61,0.45,0.39,2025-10-11,755,NOAA-20,VIIRS,l,2,,303.17,2.67,D,0,osm_way_823674462,generic_industrial,,way,823674462,5000.0,True,2559.702
firms_fa08046973fb2889,VIIRS_SNPP_SP,8.72285,78.07253,339.38,,0.4,0.44,2025-06-18,0829,SNPP,VIIRS,n,2,297,,2.81,D,0,osm_way_906831350,generic_industrial,,way,906831350,5000.0,True,3144.873
firms_fa1d9004ab271503,VIIRS_SNPP_SP,8.57937,78.05238,342.24,,0.41,0.61,2024-09-18,0846,SNPP,VIIRS,n,2,300.78,,3.68,D,0,osm_way_548907979,chemical_industry,DCW,way,548907979,5000.0,True,4973.458
firms_fa4e2165a1fab4bd,VIIRS_NOAA20_SP,8.85429,78.12776,,330.57,0.32,0.55,2024-07-07,839,NOAA-20,VIIRS,n,2,,292.5,1.24,D,0,osm_way_906827219,generic_industrial,,way,906827219,5000.0,True,725.904
firms_faa69fc7d25bc466,VIIRS_SNPP_SP,8.85011,77.98492,330.56,,0.32,0.54,2025-06-28,0842,SNPP,VIIRS,n,2,295.43,,0.96,D,0,,,,,,5000.0,False,
firms_fab3784b51715c75,VIIRS_NOAA20_SP,8.86723,78.15575,,335.38,0.44,0.46,2025-02-03,742,NOAA-20,VIIRS,n,2,,303.43,3.07,D,0,osm_way_906827217,generic_industrial,,way,906827217,5000.0,True,2103.08
firms_fae0879bf3744d60,VIIRS_NOAA20_SP,8.86119,77.91746,,336.96,0.39,0.44,2024-06-11,827,NOAA-20,VIIRS,n,2,,300.69,4.14,D,0,,,,,,5000.0,False,
firms_fb9e59653fab95c3,VIIRS_NOAA20_SP,8.75238,78.11793,,330.95,0.45,0.47,2025-10-01,742,NOAA-20,VIIRS,l,2,,301.84,5.07,D,0,osm_relation_17348197,power_plant,SPIC Thoothukudi Floating Solar PV Park,relation,17348197,5000.0,True,2305.113
firms_fbad4e8ef654d7fe,VIIRS_NOAA20_SP,8.85416,77.85764,,334.33,0.4,0.37,2025-07-12,802,NOAA-20,VIIRS,n,2,,298.38,2.18,D,0,osm_way_986279192,power_plant,,way,986279192,5000.0,True,2965.222
firms_fc4848e42e5b4c68,VIIRS_SNPP_SP,8.87331,78.16238,334.4,,0.39,0.36,2025-07-21,0810,SNPP,VIIRS,n,2,290.54,,3.08,D,0,osm_way_906827217,generic_industrial,,way,906827217,5000.0,True,2686.62
firms_fcd2d4ef5aae0f59,VIIRS_NOAA20_SP,8.7813,77.92518,,331.81,0.54,0.42,2024-07-31,749,NOAA-20,VIIRS,n,2,,292.85,3.19,D,0,osm_way_986423924,power_plant,,way,986423924,5000.0,True,3772.571
firms_fd5321cf6350913e,MODIS_SP,8.6983,77.9706,337.7,,1,1,2025-06-04,925,Aqua,MODIS,77,61.03,297.6,,30.2,D,0,,,,,,5000.0,False,
firms_fd5a62a93ec79b3e,VIIRS_NOAA20_SP,8.75262,77.95571,,343.84,0.59,0.53,2024-07-05,736,NOAA-20,VIIRS,n,2,,298.47,9.53,D,0,osm_way_986423924,power_plant,,way,986423924,5000.0,True,1637.06
firms_fd64da270b3a892f,VIIRS_SNPP_SP,8.85483,77.93722,349.65,,0.41,0.37,2024-07-07,0815,SNPP,VIIRS,n,2,304.56,,6.19,D,0,,,,,,5000.0,False,
firms_fd95feb14e3febda,VIIRS_NOAA20_SP,8.83751,78.0486,,344.27,0.58,0.52,2024-07-05,736,NOAA-20,VIIRS,n,2,,297.75,14.85,D,0,osm_way_1432129272,power_plant,,way,1432129272,5000.0,True,1698.277
firms_fdd9834bf7ae4b02,VIIRS_SNPP_SP,8.81278,77.99294,334.27,,0.36,0.58,2025-06-21,0733,SNPP,VIIRS,n,2,300.28,,3.17,D,0,,,,,,5000.0,False,
firms_fdf5045f4ec5e6ef,VIIRS_SNPP_SP,8.82323,78.03284,341.22,,0.55,0.51,2024-08-10,0737,SNPP,VIIRS,n,2,291.47,,8.02,D,0,osm_way_1432129272,power_plant,,way,1432129272,5000.0,True,1556.755
firms_fe1fa9aaa58e2843,VIIRS_SNPP_SP,8.86789,78.15697,304.48,,0.42,0.38,2025-01-27,2026,SNPP,VIIRS,n,2,281.8,,0.87,N,0,osm_way_906827217,generic_industrial,,way,906827217,5000.0,True,2204.107
firms_fe3a1a806eed964b,VIIRS_SNPP_SP,8.8919,78.05328,343.94,,0.39,0.36,2025-06-14,0804,SNPP,VIIRS,n,2,292.03,,5.92,D,0,osm_way_385432388,thermal_power_plant,Thoothukudi IBTPL power station,way,385432388,5000.0,True,759.04
firms_feb88523d19dd9e3,VIIRS_SNPP_SP,8.84703,77.94212,337.9,,0.48,0.4,2025-05-12,0822,SNPP,VIIRS,n,2,307.03,,10.54,D,0,,,,,,5000.0,False,
firms_fec06b58237bab2c,VIIRS_NOAA20_SP,8.89539,78.0397,,343.81,0.46,0.47,2024-04-05,743,NOAA-20,VIIRS,n,2,,303.72,5.63,D,0,osm_way_1432135180,power_plant,,way,1432135180,5000.0,True,1456.424
firms_fedddde60ad6ae35,VIIRS_NOAA20_SP,8.4137,78.06616,,330.29,0.48,0.4,2025-08-28,820,NOAA-20,VIIRS,n,2,,294.2,5.97,D,3,osm_relation_15986380,thermal_power_plant,,relation,15986380,5000.0,True,2317.06
firms_fee40bb818a0649f,VIIRS_NOAA20_SP,8.61748,77.88084,,341.82,0.49,0.49,2024-08-03,833,NOAA-20,VIIRS,n,2,,299.46,3.78,D,0,osm_way_1453652971,power_plant,,way,1453652971,5000.0,True,4923.598
firms_fefe6139f7128536,VIIRS_SNPP_SP,8.85682,77.99931,338.1,,0.53,0.42,2024-07-19,0750,SNPP,VIIRS,n,2,302.07,,44.71,D,0,osm_way_1011035031,generic_industrial,Orange Sironj,way,1011035031,5000.0,True,3477.401
firms_ff00ca68f1e4bbfc,VIIRS_SNPP_SP,8.78719,77.99788,339.68,,0.48,0.4,2024-09-14,0821,SNPP,VIIRS,n,2,302.65,,4.76,D,0,osm_relation_16765870,power_plant,,relation,16765870,5000.0,True,3052.187
firms_ff1453fdbc2b3527,VIIRS_SNPP_SP,8.84162,78.04674,344.63,,0.52,0.67,2024-07-05,0852,SNPP,VIIRS,n,2,293.42,,4.32,D,0,osm_way_1432129272,power_plant,,way,1432129272,5000.0,True,1568.005
firms_ff57c0ef4e700550,VIIRS_NOAA20_SP,8.78693,77.85704,,333.29,0.39,0.44,2025-09-02,827,NOAA-20,VIIRS,n,2,,298.6,2,D,0,,,,,,5000.0,False,
firms_ff673e8f4c47f5de,VIIRS_NOAA20_SP,8.78127,77.87292,,334.94,0.48,0.4,2025-07-11,821,NOAA-20,VIIRS,n,2,,303.37,1.49,D,0,,,,,,5000.0,False,
firms_ff8be4ec42e092f8,VIIRS_SNPP_SP,8.9332,77.95197,338.82,,0.41,0.37,2024-07-07,0815,SNPP,VIIRS,n,2,303.46,,1.84,D,0,,,,,,5000.0,False,
firms_ffb754f594ae812a,VIIRS_NOAA20_SP,8.89237,78.14287,,343.53,0.44,0.46,2025-08-30,743,NOAA-20,VIIRS,n,2,,299.24,9.93,D,0,osm_way_906390049,generic_industrial,,way,906390049,5000.0,True,973.868
firms_ffbb148fb8d47794,VIIRS_SNPP_SP,8.75708,78.18155,315.84,,0.54,0.42,2025-08-19,2002,SNPP,VIIRS,n,2,291.37,,3.12,N,0,osm_relation_9212425,generic_industrial,,relation,9212425,5000.0,True,689.432
